CID,n,rank,n_in,link_edge,ms,dg_1,dg_2,dg_3,dg_4,dg_in_1,dg_in_2,dg_in_3,dg_in_4,bd_in_2,bd_in_3,na_in_C4,na_in_N3,na_in_O2,na_ex_C4,na_ex_O2,C4_2_C4_2_1,C4_2_C4_2_2,C4_2_C4_3_1,C4_2_C4_3_2,C4_2_C4_4_1,C4_2_N3_2_1,C4_2_N3_2_2,C4_2_O2_2_1,C4_3_C4_3_1,C4_3_C4_3_2,C4_3_C4_4_1,C4_3_N3_2_1,C4_3_N3_3_1,C4_3_O2_2_1,link_edge_C4_2_C4_2_1,link_edge_C4_2_C4_3_1,link_edge_C4_2_C4_3_2,link_edge_C4_2_C4_4_1,link_edge_C4_2_N3_2_1,link_edge_C4_2_O2_2_1,link_edge_C4_3_C4_3_1,link_edge_C4_3_C4_4_1,link_edge_C4_3_N3_2_1,link_edge_C4_3_N3_3_1,link_edge_C4_3_O2_2_1,LeafAC_C4_C4_1,LeafAC_O2_C4_1,LeafAC_O2_C4_2,FC_1_C4_0_H1_1_H1_1_/_1_1_/_0_0_0,FC_2_C4_0_H1_1_/_1_/_0_0,FC_3_C4_0_/_/_0,FC_4_O2_0_/_/_0,FC_5_C4_0_O2_1_/_2_/_0_0,FC_6_N3_0_H1_1_/_1_/_0_0,FC_7_C4_0_C4_1_H1_2_H1_2_H1_2_/_1_1_1_1_/_0_0_0_0_0,FC_8_N3_0_/_/_0,FC_9_C4_0_H1_1_H1_1_C4_1_H1_2_H1_2_C4_2_H1_3_H1_3_H1_3_/_1_1_1_1_1_1_1_1_1_/_0_0_0_0_0_0_0_0_0_0,FC_10_O2_0_C4_1_H1_2_H1_2_C4_2_H1_3_H1_3_H1_3_/_1_1_1_1_1_1_1_/_0_0_0_0_0_0_0_0,FC_11_C4_0_H1_1_H1_1_C4_1_H1_2_C4_2_H1_3_H1_3_H1_3_C4_2_H1_3_H1_3_H1_3_/_1_1_1_1_1_1_1_1_1_1_1_1_/_0_0_0_0_0_0_0_0_0_0_0_0_0,FC_12_C4_0_H1_1_C4_1_H1_2_H1_2_H1_2_/_1_1_1_1_1_/_0_0_0_0_0_0,FC_13_O2_0_C4_1_O2_2_C4_2_H1_3_H1_3_H1_3_/_1_2_1_1_1_1_/_0_0_0_0_0_0_0,FC_14_C4_0_C4_1_H1_2_H1_2_H1_2_C4_1_H1_2_H1_2_H1_2_/_1_1_1_1_1_1_1_1_/_0_0_0_0_0_0_0_0_0,FC_15_C4_0_H1_1_O2_1_H1_2_/_1_1_1_/_0_0_0_0,CS_connecting_vertices_C4_2,CS_connecting_vertices_C4_3,CS_connecting_vertices_C4_4,CS_connecting_vertices_N3_2,CS_connecting_vertices_O2_2,V
Poly(n-butylMethacrylate)_100000,0.146341,0,0.108108,0,0.273876,0,0.157895,0.0555556,1,1,0.125,0.0714286,0,0,0,0.0909091,0,0.5,0.75,0.25,0.0714286,0,0,0,1,0,0,0.5,0,0,0.5,0,0,0.25,0,0,0,1,0,0,0,0,0,0,0,0.666667,0,0.25,0.125,0,0,0.5,0.25,0,0.5,0,1,0,0,0,0,0,0,0.5,0,1,0,0,0.00999406
Poly(cyclohexylMethacrylate)_100,0.195122,0.142857,0.216216,0,0.292135,0,0.315789,0.111111,1,0,0.291667,0.142857,0,0,0,0.212121,0,0.5,0.25,0.25,0.285714,0,0.2,0,1,0,0,0,0,0,0.5,0,0,0.5,0,0,0,1,0,0,0,0,0,0,0,0.333333,0,0.25,0.375,0.0555556,0,0.5,0.25,0,0.5,0,0,0,0,0,0,0,0,0.5,0,1,0,0,4.00002e-06
Poly(vinylCyclohexane)_1000,0.097561,0.142857,0.162162,0,0.0730337,0,0.263158,0.111111,0,0,0.208333,0.142857,0,0,0,0.181818,0,0,0,0,0.285714,0,0.4,0,0,0,0,0,0.2,0,0,0,0,0,0,1,0,0,0,0,0,0,0,0,0,0,0,0,0.375,0.111111,0,0,0,0,0,0,0,0,0,0,0,0,0,0.5,1,0,0,0,9.40006e-05
Poly(hexamethyleneSebacamide)_10000,0.390244,0,0.432432,0.888889,0.213258,0,0.789474,0.111111,0,0,0.708333,0,0,0,0,0.424242,1,0,0,0.5,0.857143,0,0.2,0,0,1,0,0,0,0,0,1,0,0,0.857143,1,0,0,1,0,0,0,1,0,0,0,0,0.5,0.875,0,0,0,0.5,1,0,0,0,0,0,0,0,0,0,0,1,0,1,0,0.000994006
Poly(vinylFormal)_100000,0.0731707,0.142857,0.135135,0,0.438202,0,0.210526,0.111111,0,0,0.166667,0.142857,0,0,0,0.0909091,0,1,0,0,0,0,0.4,0,0,0,0,1,0,0,0,0,0,0.5,0,1,0,0,0,0,0,0,0,0,0,0,0,0,0.1875,0.111111,0,1,0,0,0,0,0,0,0,0,0,0,0,0.5,1,0,0,0,0.00999406
Poly(N-vinylCarbazole)_1000,0.268293,0.428571,0.351351,0,0.603933,0,0.421053,0.333333,0,0,0.333333,0.428571,0,0.4,0,0.363636,0.5,0,0,0,0.214286,0.75,0.4,0.2,0,0,0,0,0.4,1,0,0,0.5,0,0,1,0,0,0,0,0,0,0,0,0,0,0,0,0.0625,0.5,0.333333,0,0,0,0,0.5,0,0,0,0,0,0,0,0.5,1,0,0,0,9.40006e-05
Poly(vinylAcetate)_100,0.0487805,0,0.027027,0,0.547753,0,0.0526316,0.0555556,0,1,0,0.0714286,0,0,0,0,0,0.5,0.5,0.25,0,0,0.2,0,0,0,0,0,0,0,0,0,0,0.25,0,1,0,0,0,0,0,0,0,0,0,0.333333,0,0.25,0.0625,0.0555556,0,0,0,0,0,0,0,0,0,0,1,0,0,0.5,1,0,0,0,4.00002e-06
Poly(o-vinylPyridine)_10000000,0.097561,0.142857,0.162162,0,0.511236,0,0.263158,0.111111,0,0,0.208333,0.142857,0,0.2,0,0.151515,0.5,0,0,0,0.142857,0.25,0.2,0.1,0,0,1,0,0.2,0,0,0.5,0,0,0,1,0,0,0,0,0,0,0,0,0,0,0,0,0.0625,0.277778,0.0833333,0,0,0,0,0.5,0,0,0,0,0,0,0,0.5,1,0,0,0,1
Poly(n-butylMethacrylate)_1000000,0.146341,0,0.108108,0,0.273876,0,0.157895,0.0555556,1,1,0.125,0.0714286,0,0,0,0.0909091,0,0.5,0.75,0.25,0.0714286,0,0,0,1,0,0,0.5,0,0,0.5,0,0,0.25,0,0,0,1,0,0,0,0,0,0,0,0.666667,0,0.25,0.125,0,0,0.5,0.25,0,0.5,0,1,0,0,0,0,0,0,0.5,0,1,0,0,0.0999946
Poly(N-vinylCarbazole)_100000,0.268293,0.428571,0.351351,0,0.603933,0,0.421053,0.333333,0,0,0.333333,0.428571,0,0.4,0,0.363636,0.5,0,0,0,0.214286,0.75,0.4,0.2,0,0,0,0,0.4,1,0,0,0.5,0,0,1,0,0,0,0,0,0,0,0,0,0,0,0,0.0625,0.5,0.333333,0,0,0,0,0.5,0,0,0,0,0,0,0,0.5,1,0,0,0,0.00999406
Poly(hexamethyleneAdipamide)_10000000,0.292683,0,0.324324,0.666667,0.280603,0,0.578947,0.111111,0,0,0.541667,0,0,0,0,0.30303,1,0,0,0.5,0.571429,0,0.2,0,0,1,0,0,0,0,0,1,0,0,0.571429,1,0,0,1,0,0,0,1,0,0,0,0,0.5,0.625,0,0,0,0.5,1,0,0,0,0,0,0,0,0,0,0.5,0,0,1,0,1
Poly(vinylButyral)_10000000,0.146341,0.142857,0.162162,0,0.273876,0,0.210526,0.166667,0,1,0.125,0.214286,0,0,0,0.121212,0,1,0.5,0,0,0,0.5,0,0,0,0,0,0,0,0,0,0,1,0,1,0,0,0,0,0,0,0,0,0,0.333333,0,0,0.125,0.166667,0,1,0,0,0,0,1,0,0,0,0,0,0,0.5,1,0,0,0,1
Poly(etherEtherKetone)_10000,0.439024,0.428571,0.513514,0.222222,0.833443,0,0.684211,0.388889,0,0,0.583333,0.428571,0,0.6,0,0.515152,0,1,0,0.25,0.214286,0.75,0.6,0.6,0,0,0,0,0.4,0,0,0,0,1,0,0,0,0,0,0,1,0,0,0,1,0,0,0.25,0,0.666667,0.5,1,0.25,0,0,0,0,0,0,0,0,0,0,0,1,0,0,1,0.000994006
Polyisoprene_100000,0.0243902,0,0.0540541,0.111111,0.123596,0,0.105263,0.0555556,0,0,0.125,0,0,0.0666667,0,0.0606061,0,0,0.25,0,0.142857,0,0.1,0.1,0,0,0,0,0,0,0,0,0,0,0.142857,0.5,1,0,0,0,0,0,0,0,0,0.333333,0,0,0.125,0.0555556,0,0,0,0,0.5,0,0,0,0,0,0,0,0,1,0,0,0,0,0.00999406
Poly(vinylAcetal)_100,0.097561,0.142857,0.135135,0,0.365169,0,0.157895,0.166667,0,0,0.166667,0.142857,0,0,0,0.0909091,0,1,0.25,0,0,0,0.4,0,0,0,0,0,0,0,0,0,0,1,0,1,0,0,0,0,0,0,0,0,0,0.333333,0,0,0.125,0.111111,0,1,0,0,0,0,0,0,0,1,0,0,0,0.5,1,0,0,0,4.00002e-06
Poly(p-xylylene)_100000,0.097561,0.142857,0.162162,0.0555556,0.401685,0,0.263158,0.111111,0,0,0.208333,0.142857,0,0.2,0,0.181818,0,0,0,0,0.142857,0.25,0.4,0.2,0,0,0,0,0,0,0,0,0,0,0.0714286,1,0,0,0,0,0,0,0,0,0,0,0,0,0.125,0.222222,0.166667,0,0,0,0,0,0,0,0,0,0,0,0,0.5,1,0,0,0,0.00999406
Poly(n-butylMethacrylate)_100,0.146341,0,0.108108,0,0.273876,0,0.157895,0.0555556,1,1,0.125,0.0714286,0,0,0,0.0909091,0,0.5,0.75,0.25,0.0714286,0,0,0,1,0,0,0.5,0,0,0.5,0,0,0.25,0,0,0,1,0,0,0,0,0,0,0,0.666667,0,0.25,0.125,0,0,0.5,0.25,0,0.5,0,1,0,0,0,0,0,0,0.5,0,1,0,0,4.00002e-06
Polyisobutylene_100,0,0,0,0,0,0,0,0,1,0,0.0416667,0,0,0,0,0,0,0,0.5,0,0,0,0,0,1,0,0,0,0,0,0,0,0,0,0,0,0,1,0,0,0,0,0,0,0,0.666667,0,0,0.0625,0,0,0,0,0,0,0,0,0,0,0,0,1,0,0.5,0,1,0,0,4.00002e-06
Polyisoprene_100,0.0243902,0,0.0540541,0.111111,0.123596,0,0.105263,0.0555556,0,0,0.125,0,0,0.0666667,0,0.0606061,0,0,0.25,0,0.142857,0,0.1,0.1,0,0,0,0,0,0,0,0,0,0,0.142857,0.5,1,0,0,0,0,0,0,0,0,0.333333,0,0,0.125,0.0555556,0,0,0,0,0.5,0,0,0,0,0,0,0,0,1,0,0,0,0,4.00002e-06
Poly(vinylFormal)_1000,0.0731707,0.142857,0.135135,0,0.438202,0,0.210526,0.111111,0,0,0.166667,0.142857,0,0,0,0.0909091,0,1,0,0,0,0,0.4,0,0,0,0,1,0,0,0,0,0,0.5,0,1,0,0,0,0,0,0,0,0,0,0,0,0,0.1875,0.111111,0,1,0,0,0,0,0,0,0,0,0,0,0,0.5,1,0,0,0,9.40006e-05
Poly(ethylMethacrylate)_10000000,0.097561,0,0.0540541,0,0.365169,0,0.0526316,0.0555556,1,1,0.0416667,0.0714286,0,0,0,0.030303,0,0.5,0.75,0.25,0,0,0,0,1,0,0,0,0,0,0.5,0,0,0.25,0,0,0,1,0,0,0,0,0,0,0,0.666667,0,0.25,0.0625,0,0,0,0.25,0,0.5,0,0,1,0,0,0,0,0,0.5,0,1,0,0,1
Poly(ethylMethacrylate)_1000000,0.097561,0,0.0540541,0,0.365169,0,0.0526316,0.0555556,1,1,0.0416667,0.0714286,0,0,0,0.030303,0,0.5,0.75,0.25,0,0,0,0,1,0,0,0,0,0,0.5,0,0,0.25,0,0,0,1,0,0,0,0,0,0,0,0.666667,0,0.25,0.0625,0,0,0,0.25,0,0.5,0,0,1,0,0,0,0,0,0.5,0,1,0,0,0.0999946
Poly(vinylButyral)_10000,0.146341,0.142857,0.162162,0,0.273876,0,0.210526,0.166667,0,1,0.125,0.214286,0,0,0,0.121212,0,1,0.5,0,0,0,0.5,0,0,0,0,0,0,0,0,0,0,1,0,1,0,0,0,0,0,0,0,0,0,0.333333,0,0,0.125,0.166667,0,1,0,0,0,0,1,0,0,0,0,0,0,0.5,1,0,0,0,0.000994006
Poly(vinylAcetate)_10000,0.0487805,0,0.027027,0,0.547753,0,0.0526316,0.0555556,0,1,0,0.0714286,0,0,0,0,0,0.5,0.5,0.25,0,0,0.2,0,0,0,0,0,0,0,0,0,0,0.25,0,1,0,0,0,0,0,0,0,0,0,0.333333,0,0.25,0.0625,0.0555556,0,0,0,0,0,0,0,0,0,0,1,0,0,0.5,1,0,0,0,0.000994006
Poly(o-vinylPyridine)_100,0.097561,0.142857,0.162162,0,0.511236,0,0.263158,0.111111,0,0,0.208333,0.142857,0,0.2,0,0.151515,0.5,0,0,0,0.142857,0.25,0.2,0.1,0,0,1,0,0.2,0,0,0.5,0,0,0,1,0,0,0,0,0,0,0,0,0,0,0,0,0.0625,0.277778,0.0833333,0,0,0,0,0.5,0,0,0,0,0,0,0,0.5,1,0,0,0,4.00002e-06
Poly(p-xylylene)_10000,0.097561,0.142857,0.162162,0.0555556,0.401685,0,0.263158,0.111111,0,0,0.208333,0.142857,0,0.2,0,0.181818,0,0,0,0,0.142857,0.25,0.4,0.2,0,0,0,0,0,0,0,0,0,0,0.0714286,1,0,0,0,0,0,0,0,0,0,0,0,0,0.125,0.222222,0.166667,0,0,0,0,0,0,0,0,0,0,0,0,0.5,1,0,0,0,0.000994006
Poly(p-hydroxybenzoate)_10000,0.121951,0.142857,0.162162,0.0555556,1,0,0.210526,0.166667,0,0,0.208333,0.142857,0,0.2,0,0.151515,0,0.5,0,0.25,0.0714286,0.25,0.2,0.2,0,0,0,0,0.2,0,0,0,0,0.5,0,0,0,0,0,0,0.5,0,0,0,0.5,0,0,0.25,0,0.222222,0.166667,0.5,0.25,0,0,0,0,0,0,0,0,0,0,0,1,0,0,1,0.000994006
Poly(vinylAcetate)_10000000,0.0487805,0,0.027027,0,0.547753,0,0.0526316,0.0555556,0,1,0,0.0714286,0,0,0,0,0,0.5,0.5,0.25,0,0,0.2,0,0,0,0,0,0,0,0,0,0,0.25,0,1,0,0,0,0,0,0,0,0,0,0.333333,0,0.25,0.0625,0.0555556,0,0,0,0,0,0,0,0,0,0,1,0,0,0.5,1,0,0,0,1
Poly(vinylAcetal)_100000,0.097561,0.142857,0.135135,0,0.365169,0,0.157895,0.166667,0,0,0.166667,0.142857,0,0,0,0.0909091,0,1,0.25,0,0,0,0.4,0,0,0,0,0,0,0,0,0,0,1,0,1,0,0,0,0,0,0,0,0,0,0.333333,0,0,0.125,0.111111,0,1,0,0,0,0,0,0,0,1,0,0,0,0.5,1,0,0,0,0.00999406
Poly(isobutylMethacrylate)_100,0.146341,0,0.0810811,0,0.273876,0,0.105263,0.0555556,1,1,0.0833333,0.0714286,0,0,0,0.0606061,0,0.5,1,0.25,0,0,0,0,1,0,0,0.5,0,0,0.5,0,0,0.25,0,0,0,1,0,0,0,0,0,0,0,1,0,0.25,0.0625,0,0,0.5,0.25,0,0.5,0,0,0,1,0,0,0,0,0.5,0,1,0,0,4.00002e-06
Poly(vinylAcetal)_1000000,0.097561,0.142857,0.135135,0,0.365169,0,0.157895,0.166667,0,0,0.166667,0.142857,0,0,0,0.0909091,0,1,0.25,0,0,0,0.4,0,0,0,0,0,0,0,0,0,0,1,0,1,0,0,0,0,0,0,0,0,0,0.333333,0,0,0.125,0.111111,0,1,0,0,0,0,0,0,0,1,0,0,0,0.5,1,0,0,0,0.0999946
Poly(n-butylMethacrylate)_1000,0.146341,0,0.108108,0,0.273876,0,0.157895,0.0555556,1,1,0.125,0.0714286,0,0,0,0.0909091,0,0.5,0.75,0.25,0.0714286,0,0,0,1,0,0,0.5,0,0,0.5,0,0,0.25,0,0,0,1,0,0,0,0,0,0,0,0.666667,0,0.25,0.125,0,0,0.5,0.25,0,0.5,0,1,0,0,0,0,0,0,0.5,0,1,0,0,9.40006e-05
Poly(p-xylylene)_100,0.097561,0.142857,0.162162,0.0555556,0.401685,0,0.263158,0.111111,0,0,0.208333,0.142857,0,0.2,0,0.181818,0,0,0,0,0.142857,0.25,0.4,0.2,0,0,0,0,0,0,0,0,0,0,0.0714286,1,0,0,0,0,0,0,0,0,0,0,0,0,0.125,0.222222,0.166667,0,0,0,0,0,0,0,0,0,0,0,0,0.5,1,0,0,0,4.00002e-06
Poly(cyclohexylMethacrylate)_10000,0.195122,0.142857,0.216216,0,0.292135,0,0.315789,0.111111,1,0,0.291667,0.142857,0,0,0,0.212121,0,0.5,0.25,0.25,0.285714,0,0.2,0,1,0,0,0,0,0,0.5,0,0,0.5,0,0,0,1,0,0,0,0,0,0,0,0.333333,0,0.25,0.375,0.0555556,0,0.5,0.25,0,0.5,0,0,0,0,0,0,0,0,0.5,0,1,0,0,0.000994006
Poly(vinylAcetate)_100000,0.0487805,0,0.027027,0,0.547753,0,0.0526316,0.0555556,0,1,0,0.0714286,0,0,0,0,0,0.5,0.5,0.25,0,0,0.2,0,0,0,0,0,0,0,0,0,0,0.25,0,1,0,0,0,0,0,0,0,0,0,0.333333,0,0.25,0.0625,0.0555556,0,0,0,0,0,0,0,0,0,0,1,0,0,0.5,1,0,0,0,0.00999406
Poly(o-vinylPyridine)_1000,0.097561,0.142857,0.162162,0,0.511236,0,0.263158,0.111111,0,0,0.208333,0.142857,0,0.2,0,0.151515,0.5,0,0,0,0.142857,0.25,0.2,0.1,0,0,1,0,0.2,0,0,0.5,0,0,0,1,0,0,0,0,0,0,0,0,0,0,0,0,0.0625,0.277778,0.0833333,0,0,0,0,0.5,0,0,0,0,0,0,0,0.5,1,0,0,0,9.40006e-05
Poly(p-hydroxybenzoate)_1000000,0.121951,0.142857,0.162162,0.0555556,1,0,0.210526,0.166667,0,0,0.208333,0.142857,0,0.2,0,0.151515,0,0.5,0,0.25,0.0714286,0.25,0.2,0.2,0,0,0,0,0.2,0,0,0,0,0.5,0,0,0,0,0,0,0.5,0,0,0,0.5,0,0,0.25,0,0.222222,0.166667,0.5,0.25,0,0,0,0,0,0,0,0,0,0,0,1,0,0,1,0.0999946
Poly(ethylMethacrylate)_10000,0.097561,0,0.0540541,0,0.365169,0,0.0526316,0.0555556,1,1,0.0416667,0.0714286,0,0,0,0.030303,0,0.5,0.75,0.25,0,0,0,0,1,0,0,0,0,0,0.5,0,0,0.25,0,0,0,1,0,0,0,0,0,0,0,0.666667,0,0.25,0.0625,0,0,0,0.25,0,0.5,0,0,1,0,0,0,0,0,0.5,0,1,0,0,0.000994006
Poly(vinylAcetal)_1000,0.097561,0.142857,0.135135,0,0.365169,0,0.157895,0.166667,0,0,0.166667,0.142857,0,0,0,0.0909091,0,1,0.25,0,0,0,0.4,0,0,0,0,0,0,0,0,0,0,1,0,1,0,0,0,0,0,0,0,0,0,0.333333,0,0,0.125,0.111111,0,1,0,0,0,0,0,0,0,1,0,0,0,0.5,1,0,0,0,9.40006e-05
Polyisoprene_1000000,0.0243902,0,0.0540541,0.111111,0.123596,0,0.105263,0.0555556,0,0,0.125,0,0,0.0666667,0,0.0606061,0,0,0.25,0,0.142857,0,0.1,0.1,0,0,0,0,0,0,0,0,0,0,0.142857,0.5,1,0,0,0,0,0,0,0,0,0.333333,0,0,0.125,0.0555556,0,0,0,0,0.5,0,0,0,0,0,0,0,0,1,0,0,0,0,0.0999946
Poly(cyclohexylMethacrylate)_100000,0.195122,0.142857,0.216216,0,0.292135,0,0.315789,0.111111,1,0,0.291667,0.142857,0,0,0,0.212121,0,0.5,0.25,0.25,0.285714,0,0.2,0,1,0,0,0,0,0,0.5,0,0,0.5,0,0,0,1,0,0,0,0,0,0,0,0.333333,0,0.25,0.375,0.0555556,0,0.5,0.25,0,0.5,0,0,0,0,0,0,0,0,0.5,0,1,0,0,0.00999406
Poly(cyclohexylMethacrylate)_1000000,0.195122,0.142857,0.216216,0,0.292135,0,0.315789,0.111111,1,0,0.291667,0.142857,0,0,0,0.212121,0,0.5,0.25,0.25,0.285714,0,0.2,0,1,0,0,0,0,0,0.5,0,0,0.5,0,0,0,1,0,0,0,0,0,0,0,0.333333,0,0.25,0.375,0.0555556,0,0.5,0.25,0,0.5,0,0,0,0,0,0,0,0,0.5,0,1,0,0,0.0999946
Poly(hexamethyleneSebacamide)_1000000,0.390244,0,0.432432,0.888889,0.213258,0,0.789474,0.111111,0,0,0.708333,0,0,0,0,0.424242,1,0,0,0.5,0.857143,0,0.2,0,0,1,0,0,0,0,0,1,0,0,0.857143,1,0,0,1,0,0,0,1,0,0,0,0,0.5,0.875,0,0,0,0.5,1,0,0,0,0,0,0,0,0,0,0,1,0,1,0,0.0999946
Ultem_1000,1,1,1,0.333333,0.857352,0,1,1,1,0,1,1,0,1,0,1,1,1,0.5,1,0.285714,1,1,1,0,0,0,0,1,1,1,0,1,1,0,0,0,0,0,0,0,1,0,1,1,0.666667,0,1,0,1,1,1,1,0,0,1,0,0,0,0,0,1,0,0,1,0,0,1,9.40006e-05
Poly(hexamethyleneAdipamide)_1000,0.292683,0,0.324324,0.666667,0.280603,0,0.578947,0.111111,0,0,0.541667,0,0,0,0,0.30303,1,0,0,0.5,0.571429,0,0.2,0,0,1,0,0,0,0,0,1,0,0,0.571429,1,0,0,1,0,0,0,1,0,0,0,0,0.5,0.625,0,0,0,0.5,1,0,0,0,0,0,0,0,0,0,0.5,0,0,1,0,9.40006e-05
Poly(vinylAcetal)_10000,0.097561,0.142857,0.135135,0,0.365169,0,0.157895,0.166667,0,0,0.166667,0.142857,0,0,0,0.0909091,0,1,0.25,0,0,0,0.4,0,0,0,0,0,0,0,0,0,0,1,0,1,0,0,0,0,0,0,0,0,0,0.333333,0,0,0.125,0.111111,0,1,0,0,0,0,0,0,0,1,0,0,0,0.5,1,0,0,0,0.000994006
Poly(N-vinylCarbazole)_10000,0.268293,0.428571,0.351351,0,0.603933,0,0.421053,0.333333,0,0,0.333333,0.428571,0,0.4,0,0.363636,0.5,0,0,0,0.214286,0.75,0.4,0.2,0,0,0,0,0.4,1,0,0,0.5,0,0,1,0,0,0,0,0,0,0,0,0,0,0,0,0.0625,0.5,0.333333,0,0,0,0,0.5,0,0,0,0,0,0,0,0.5,1,0,0,0,0.000994006
Poly(11-aminoundecanoicAcid)_1000,0.219512,0,0.27027,0.555556,0.156808,0,0.526316,0.0555556,0,0,0.458333,0,0,0,0,0.272727,0.5,0,0,0.25,0.642857,0,0.1,0,0,0.5,0,0,0,0,0,0.5,0,0,0.642857,0.5,0,0,0.5,0,0,0,0.5,0,0,0,0,0.25,0.625,0,0,0,0.25,0.5,0,0,0,0,0,0,0,0,0,0.5,0,0,1,0,9.40006e-05
Poly(ethylMethacrylate)_100000,0.097561,0,0.0540541,0,0.365169,0,0.0526316,0.0555556,1,1,0.0416667,0.0714286,0,0,0,0.030303,0,0.5,0.75,0.25,0,0,0,0,1,0,0,0,0,0,0.5,0,0,0.25,0,0,0,1,0,0,0,0,0,0,0,0.666667,0,0.25,0.0625,0,0,0,0.25,0,0.5,0,0,1,0,0,0,0,0,0.5,0,1,0,0,0.00999406
Poly(12-aminododecanoicAcid)_10000,0.243902,0,0.297297,0.611111,0.144094,0,0.578947,0.0555556,0,0,0.5,0,0,0,0,0.30303,0.5,0,0,0.25,0.714286,0,0.1,0,0,0.5,0,0,0,0,0,0.5,0,0,0.714286,0.5,0,0,0.5,0,0,0,0.5,0,0,0,0,0.25,0.6875,0,0,0,0.25,0.5,0,0,0,0,0,0,0,0,0,0.5,0,0,1,0,0.000994006
Poly(hexamethyleneAzelamide)_1000000,0.365854,0,0.405405,0.833333,0.226871,0,0.736842,0.111111,0,0,0.666667,0,0,0,0,0.393939,1,0,0,0.5,0.785714,0,0.2,0,0,1,0,0,0,0,0,1,0,0,0.785714,1,0,0,1,0,0,0,1,0,0,0,0,0.5,0.8125,0,0,0,0.5,1,0,0,0,0,0,0,0,0,0,0,1,0,1,0,0.0999946
Poly(N-vinylCarbazole)_1000000,0.268293,0.428571,0.351351,0,0.603933,0,0.421053,0.333333,0,0,0.333333,0.428571,0,0.4,0,0.363636,0.5,0,0,0,0.214286,0.75,0.4,0.2,0,0,0,0,0.4,1,0,0,0.5,0,0,1,0,0,0,0,0,0,0,0,0,0,0,0,0.0625,0.5,0.333333,0,0,0,0,0.5,0,0,0,0,0,0,0,0.5,1,0,0,0,0.0999946
Poly(hexamethyleneAdipamide)_10000,0.292683,0,0.324324,0.666667,0.280603,0,0.578947,0.111111,0,0,0.541667,0,0,0,0,0.30303,1,0,0,0.5,0.571429,0,0.2,0,0,1,0,0,0,0,0,1,0,0,0.571429,1,0,0,1,0,0,0,1,0,0,0,0,0.5,0.625,0,0,0,0.5,1,0,0,0,0,0,0,0,0,0,0.5,0,0,1,0,0.000994006
Poly(p-xylylene)_1000,0.097561,0.142857,0.162162,0.0555556,0.401685,0,0.263158,0.111111,0,0,0.208333,0.142857,0,0.2,0,0.181818,0,0,0,0,0.142857,0.25,0.4,0.2,0,0,0,0,0,0,0,0,0,0,0.0714286,1,0,0,0,0,0,0,0,0,0,0,0,0,0.125,0.222222,0.166667,0,0,0,0,0,0,0,0,0,0,0,0,0.5,1,0,0,0,9.40006e-05
Poly[oxy(2_6-dimethyl-1_4-phenylene)]_1000000,0.121951,0.142857,0.135135,0,0.524124,0,0.105263,0.222222,0,0,0.166667,0.142857,0,0.2,0,0.121212,0,0.5,0.5,0,0,0,0.2,0.2,0,0,0,0,0.2,1,0,0,0,0.5,0,0,0,0,0,0,0,0,0,0,0.5,0.666667,0,0,0,0.111111,0.166667,0.5,0,0,1,0,0,0,0,0,0,0,0,0,1,0,0,1,0.0999946
Poly(p-xylylene)_1000000,0.097561,0.142857,0.162162,0.0555556,0.401685,0,0.263158,0.111111,0,0,0.208333,0.142857,0,0.2,0,0.181818,0,0,0,0,0.142857,0.25,0.4,0.2,0,0,0,0,0,0,0,0,0,0,0.0714286,1,0,0,0,0,0,0,0,0,0,0,0,0,0.125,0.222222,0.166667,0,0,0,0,0,0,0,0,0,0,0,0,0.5,1,0,0,0,0.0999946
Poly(vinylAcetal)_10000000,0.097561,0.142857,0.135135,0,0.365169,0,0.157895,0.166667,0,0,0.166667,0.142857,0,0,0,0.0909091,0,1,0.25,0,0,0,0.4,0,0,0,0,0,0,0,0,0,0,1,0,1,0,0,0,0,0,0,0,0,0,0.333333,0,0,0.125,0.111111,0,1,0,0,0,0,0,0,0,1,0,0,0,0.5,1,0,0,0,1
Poly[oxy(2_6-dimethyl-1_4-phenylene)]_60,0.121951,0.142857,0.135135,0,0.524124,0,0.105263,0.222222,0,0,0.166667,0.142857,0,0.2,0,0.121212,0,0.5,0.5,0,0,0,0.2,0.2,0,0,0,0,0.2,1,0,0,0,0.5,0,0,0,0,0,0,0,0,0,0,0.5,0.666667,0,0,0,0.111111,0.166667,0.5,0,0,1,0,0,0,0,0,0,0,0,0,1,0,0,1,0
Poly(vinylCyclohexane)_100,0.097561,0.142857,0.162162,0,0.0730337,0,0.263158,0.111111,0,0,0.208333,0.142857,0,0,0,0.181818,0,0,0,0,0.285714,0,0.4,0,0,0,0,0,0.2,0,0,0,0,0,0,1,0,0,0,0,0,0,0,0,0,0,0,0,0.375,0.111111,0,0,0,0,0,0,0,0,0,0,0,0,0,0.5,1,0,0,0,4.00002e-06
Poly(etherEtherKetone)_60,0.439024,0.428571,0.513514,0.222222,0.833443,0,0.684211,0.388889,0,0,0.583333,0.428571,0,0.6,0,0.515152,0,1,0,0.25,0.214286,0.75,0.6,0.6,0,0,0,0,0.4,0,0,0,0,1,0,0,0,0,0,0,1,0,0,0,1,0,0,0.25,0,0.666667,0.5,1,0.25,0,0,0,0,0,0,0,0,0,0,0,1,0,0,1,0
Poly(hexamethyleneSebacamide)_100000,0.390244,0,0.432432,0.888889,0.213258,0,0.789474,0.111111,0,0,0.708333,0,0,0,0,0.424242,1,0,0,0.5,0.857143,0,0.2,0,0,1,0,0,0,0,0,1,0,0,0.857143,1,0,0,1,0,0,0,1,0,0,0,0,0.5,0.875,0,0,0,0.5,1,0,0,0,0,0,0,0,0,0,0,1,0,1,0,0.00999406
Poly(N-vinylCarbazole)_10000000,0.268293,0.428571,0.351351,0,0.603933,0,0.421053,0.333333,0,0,0.333333,0.428571,0,0.4,0,0.363636,0.5,0,0,0,0.214286,0.75,0.4,0.2,0,0,0,0,0.4,1,0,0,0.5,0,0,1,0,0,0,0,0,0,0,0,0,0,0,0,0.0625,0.5,0.333333,0,0,0,0,0.5,0,0,0,0,0,0,0,0.5,1,0,0,0,1
Poly(vinylFormal)_10000000,0.0731707,0.142857,0.135135,0,0.438202,0,0.210526,0.111111,0,0,0.166667,0.142857,0,0,0,0.0909091,0,1,0,0,0,0,0.4,0,0,0,0,1,0,0,0,0,0,0.5,0,1,0,0,0,0,0,0,0,0,0,0,0,0,0.1875,0.111111,0,1,0,0,0,0,0,0,0,0,0,0,0,0.5,1,0,0,0,1
Poly(vinylFormal)_100,0.0731707,0.142857,0.135135,0,0.438202,0,0.210526,0.111111,0,0,0.166667,0.142857,0,0,0,0.0909091,0,1,0,0,0,0,0.4,0,0,0,0,1,0,0,0,0,0,0.5,0,1,0,0,0,0,0,0,0,0,0,0,0,0,0.1875,0.111111,0,1,0,0,0,0,0,0,0,0,0,0,0,0.5,1,0,0,0,4.00002e-06
Poly(12-aminododecanoicAcid)_100,0.243902,0,0.297297,0.611111,0.144094,0,0.578947,0.0555556,0,0,0.5,0,0,0,0,0.30303,0.5,0,0,0.25,0.714286,0,0.1,0,0,0.5,0,0,0,0,0,0.5,0,0,0.714286,0.5,0,0,0.5,0,0,0,0.5,0,0,0,0,0.25,0.6875,0,0,0,0.25,0.5,0,0,0,0,0,0,0,0,0,0.5,0,0,1,0,4.00002e-06
Poly(o-vinylPyridine)_10000,0.097561,0.142857,0.162162,0,0.511236,0,0.263158,0.111111,0,0,0.208333,0.142857,0,0.2,0,0.151515,0.5,0,0,0,0.142857,0.25,0.2,0.1,0,0,1,0,0.2,0,0,0.5,0,0,0,1,0,0,0,0,0,0,0,0,0,0,0,0,0.0625,0.277778,0.0833333,0,0,0,0,0.5,0,0,0,0,0,0,0,0.5,1,0,0,0,0.000994006
Polystyrene_100,0.097561,0.142857,0.162162,0,0.401685,0,0.263158,0.111111,0,0,0.208333,0.142857,0,0.2,0,0.181818,0,0,0,0,0.142857,0.5,0.3,0.1,0,0,0,0,0.2,0,0,0,0,0,0,1,0,0,0,0,0,0,0,0,0,0,0,0,0.0625,0.333333,0.0833333,0,0,0,0,0,0,0,0,0,0,0,0,0.5,1,0,0,0,4.00002e-06
Poly(vinylButyral)_1000,0.146341,0.142857,0.162162,0,0.273876,0,0.210526,0.166667,0,1,0.125,0.214286,0,0,0,0.121212,0,1,0.5,0,0,0,0.5,0,0,0,0,0,0,0,0,0,0,1,0,1,0,0,0,0,0,0,0,0,0,0.333333,0,0,0.125,0.166667,0,1,0,0,0,0,1,0,0,0,0,0,0,0.5,1,0,0,0,9.40006e-05
Polyisoprene_1000,0.0243902,0,0.0540541,0.111111,0.123596,0,0.105263,0.0555556,0,0,0.125,0,0,0.0666667,0,0.0606061,0,0,0.25,0,0.142857,0,0.1,0.1,0,0,0,0,0,0,0,0,0,0,0.142857,0.5,1,0,0,0,0,0,0,0,0,0.333333,0,0,0.125,0.0555556,0,0,0,0,0.5,0,0,0,0,0,0,0,0,1,0,0,0,0,9.40006e-05
Poly(ethyleneTerephthalate)_1000,0.243902,0.142857,0.27027,0.277778,0.889683,0,0.368421,0.222222,0,0,0.375,0.142857,0,0.2,0,0.242424,0,1,0,0.5,0.142857,0.25,0.2,0.2,0,0,0,1,0.4,0,0,0,0,0.5,0.0714286,0,0,0,0,1,1,0,0,0,0.5,0,0,0.5,0.125,0.222222,0.166667,1,0.5,0,0,0,0,0,0,0,0,0,0,0,1,0,0,1,9.40006e-05
Poly(cyclohexylMethacrylate)_10000000,0.195122,0.142857,0.216216,0,0.292135,0,0.315789,0.111111,1,0,0.291667,0.142857,0,0,0,0.212121,0,0.5,0.25,0.25,0.285714,0,0.2,0,1,0,0,0,0,0,0.5,0,0,0.5,0,0,0,1,0,0,0,0,0,0,0,0.333333,0,0.25,0.375,0.0555556,0,0.5,0.25,0,0.5,0,0,0,0,0,0,0,0,0.5,0,1,0,0,1
Poly(ethylMethacrylate)_100,0.097561,0,0.0540541,0,0.365169,0,0.0526316,0.0555556,1,1,0.0416667,0.0714286,0,0,0,0.030303,0,0.5,0.75,0.25,0,0,0,0,1,0,0,0,0,0,0.5,0,0,0.25,0,0,0,1,0,0,0,0,0,0,0,0.666667,0,0.25,0.0625,0,0,0,0.25,0,0.5,0,0,1,0,0,0,0,0,0.5,0,1,0,0,4.00002e-06
Poly(p-hydroxybenzoate)_1000,0.121951,0.142857,0.162162,0.0555556,1,0,0.210526,0.166667,0,0,0.208333,0.142857,0,0.2,0,0.151515,0,0.5,0,0.25,0.0714286,0.25,0.2,0.2,0,0,0,0,0.2,0,0,0,0,0.5,0,0,0,0,0,0,0.5,0,0,0,0.5,0,0,0.25,0,0.222222,0.166667,0.5,0.25,0,0,0,0,0,0,0,0,0,0,0,1,0,0,1,9.40006e-05
Poly(ethyleneTerephthalate)_1000000,0.243902,0.142857,0.27027,0.277778,0.889683,0,0.368421,0.222222,0,0,0.375,0.142857,0,0.2,0,0.242424,0,1,0,0.5,0.142857,0.25,0.2,0.2,0,0,0,1,0.4,0,0,0,0,0.5,0.0714286,0,0,0,0,1,1,0,0,0,0.5,0,0,0.5,0.125,0.222222,0.166667,1,0.5,0,0,0,0,0,0,0,0,0,0,0,1,0,0,1,0.0999946
Poly(isobutylMethacrylate)_1000000,0.146341,0,0.0810811,0,0.273876,0,0.105263,0.0555556,1,1,0.0833333,0.0714286,0,0,0,0.0606061,0,0.5,1,0.25,0,0,0,0,1,0,0,0.5,0,0,0.5,0,0,0.25,0,0,0,1,0,0,0,0,0,0,0,1,0,0.25,0.0625,0,0,0.5,0.25,0,0.5,0,0,0,1,0,0,0,0,0.5,0,1,0,0,0.0999946
Poly(vinylFormal)_1000000,0.0731707,0.142857,0.135135,0,0.438202,0,0.210526,0.111111,0,0,0.166667,0.142857,0,0,0,0.0909091,0,1,0,0,0,0,0.4,0,0,0,0,1,0,0,0,0,0,0.5,0,1,0,0,0,0,0,0,0,0,0,0,0,0,0.1875,0.111111,0,1,0,0,0,0,0,0,0,0,0,0,0,0.5,1,0,0,0,0.0999946
Poly(vinylAcetate)_1000,0.0487805,0,0.027027,0,0.547753,0,0.0526316,0.0555556,0,1,0,0.0714286,0,0,0,0,0,0.5,0.5,0.25,0,0,0.2,0,0,0,0,0,0,0,0,0,0,0.25,0,1,0,0,0,0,0,0,0,0,0,0.333333,0,0.25,0.0625,0.0555556,0,0,0,0,0,0,0,0,0,0,1,0,0,0.5,1,0,0,0,9.40006e-05
Poly(hexamethyleneAdipamide)_1000000,0.292683,0,0.324324,0.666667,0.280603,0,0.578947,0.111111,0,0,0.541667,0,0,0,0,0.30303,1,0,0,0.5,0.571429,0,0.2,0,0,1,0,0,0,0,0,1,0,0,0.571429,1,0,0,1,0,0,0,1,0,0,0,0,0.5,0.625,0,0,0,0.5,1,0,0,0,0,0,0,0,0,0,0.5,0,0,1,0,0.0999946
Poly(hexamethyleneSebacamide)_1000,0.390244,0,0.432432,0.888889,0.213258,0,0.789474,0.111111,0,0,0.708333,0,0,0,0,0.424242,1,0,0,0.5,0.857143,0,0.2,0,0,1,0,0,0,0,0,1,0,0,0.857143,1,0,0,1,0,0,0,1,0,0,0,0,0.5,0.875,0,0,0,0.5,1,0,0,0,0,0,0,0,0,0,0,1,0,1,0,9.40006e-05
Poly(isobutylMethacrylate)_1000,0.146341,0,0.0810811,0,0.273876,0,0.105263,0.0555556,1,1,0.0833333,0.0714286,0,0,0,0.0606061,0,0.5,1,0.25,0,0,0,0,1,0,0,0.5,0,0,0.5,0,0,0.25,0,0,0,1,0,0,0,0,0,0,0,1,0,0.25,0.0625,0,0,0.5,0.25,0,0.5,0,0,0,1,0,0,0,0,0.5,0,1,0,0,9.40006e-05
PhenoxyResin_1000000,0.414634,0.285714,0.432432,0.333333,0.495204,0,0.578947,0.277778,1,0,0.541667,0.285714,0,0.4,0,0.424242,0,1,0.5,0.25,0.142857,0.5,0.6,0.4,0,0,0,1,0,0,1,0,0,0.5,0,1,0,0,0,1,0,1,0,0,0.5,0.666667,1,0,0.125,0.444444,0.333333,1,0,0,0,0,0,0,0,0,0,1,1,0,1,0,0,1,0.0999946
Poly(p-xylylene)_10000000,0.097561,0.142857,0.162162,0.0555556,0.401685,0,0.263158,0.111111,0,0,0.208333,0.142857,0,0.2,0,0.181818,0,0,0,0,0.142857,0.25,0.4,0.2,0,0,0,0,0,0,0,0,0,0,0.0714286,1,0,0,0,0,0,0,0,0,0,0,0,0,0.125,0.222222,0.166667,0,0,0,0,0,0,0,0,0,0,0,0,0.5,1,0,0,0,1
PhenoxyResin_60,0.414634,0.285714,0.432432,0.333333,0.495204,0,0.578947,0.277778,1,0,0.541667,0.285714,0,0.4,0,0.424242,0,1,0.5,0.25,0.142857,0.5,0.6,0.4,0,0,0,1,0,0,1,0,0,0.5,0,1,0,0,0,1,0,1,0,0,0.5,0.666667,1,0,0.125,0.444444,0.333333,1,0,0,0,0,0,0,0,0,0,1,1,0,1,0,0,1,0
Poly(hexamethyleneAdipamide)_100,0.292683,0,0.324324,0.666667,0.280603,0,0.578947,0.111111,0,0,0.541667,0,0,0,0,0.30303,1,0,0,0.5,0.571429,0,0.2,0,0,1,0,0,0,0,0,1,0,0,0.571429,1,0,0,1,0,0,0,1,0,0,0,0,0.5,0.625,0,0,0,0.5,1,0,0,0,0,0,0,0,0,0,0.5,0,0,1,0,4.00002e-06
Poly(12-aminododecanoicAcid)_100000,0.243902,0,0.297297,0.611111,0.144094,0,0.578947,0.0555556,0,0,0.5,0,0,0,0,0.30303,0.5,0,0,0.25,0.714286,0,0.1,0,0,0.5,0,0,0,0,0,0.5,0,0,0.714286,0.5,0,0,0.5,0,0,0,0.5,0,0,0,0,0.25,0.6875,0,0,0,0.25,0.5,0,0,0,0,0,0,0,0,0,0.5,0,0,1,0,0.00999406
Poly(p-hydroxybenzoate)_100,0.121951,0.142857,0.162162,0.0555556,1,0,0.210526,0.166667,0,0,0.208333,0.142857,0,0.2,0,0.151515,0,0.5,0,0.25,0.0714286,0.25,0.2,0.2,0,0,0,0,0.2,0,0,0,0,0.5,0,0,0,0,0,0,0.5,0,0,0,0.5,0,0,0.25,0,0.222222,0.166667,0.5,0.25,0,0,0,0,0,0,0,0,0,0,0,1,0,0,1,4.00002e-06
Poly(hexamethyleneSebacamide)_10000000,0.390244,0,0.432432,0.888889,0.213258,0,0.789474,0.111111,0,0,0.708333,0,0,0,0,0.424242,1,0,0,0.5,0.857143,0,0.2,0,0,1,0,0,0,0,0,1,0,0,0.857143,1,0,0,1,0,0,0,1,0,0,0,0,0.5,0.875,0,0,0,0.5,1,0,0,0,0,0,0,0,0,0,0,1,0,1,0,1
Poly(n-butylMethacrylate)_10000000,0.146341,0,0.108108,0,0.273876,0,0.157895,0.0555556,1,1,0.125,0.0714286,0,0,0,0.0909091,0,0.5,0.75,0.25,0.0714286,0,0,0,1,0,0,0.5,0,0,0.5,0,0,0.25,0,0,0,1,0,0,0,0,0,0,0,0.666667,0,0.25,0.125,0,0,0.5,0.25,0,0.5,0,1,0,0,0,0,0,0,0.5,0,1,0,0,1
Polyisobutylene_1000,0,0,0,0,0,0,0,0,1,0,0.0416667,0,0,0,0,0,0,0,0.5,0,0,0,0,0,1,0,0,0,0,0,0,0,0,0,0,0,0,1,0,0,0,0,0,0,0,0.666667,0,0,0.0625,0,0,0,0,0,0,0,0,0,0,0,0,1,0,0.5,0,1,0,0,9.40006e-05
Poly(N-vinylCarbazole)_100,0.268293,0.428571,0.351351,0,0.603933,0,0.421053,0.333333,0,0,0.333333,0.428571,0,0.4,0,0.363636,0.5,0,0,0,0.214286,0.75,0.4,0.2,0,0,0,0,0.4,1,0,0,0.5,0,0,1,0,0,0,0,0,0,0,0,0,0,0,0,0.0625,0.5,0.333333,0,0,0,0,0.5,0,0,0,0,0,0,0,0.5,1,0,0,0,4.00002e-06
Poly(hexamethyleneSebacamide)_100,0.390244,0,0.432432,0.888889,0.213258,0,0.789474,0.111111,0,0,0.708333,0,0,0,0,0.424242,1,0,0,0.5,0.857143,0,0.2,0,0,1,0,0,0,0,0,1,0,0,0.857143,1,0,0,1,0,0,0,1,0,0,0,0,0.5,0.875,0,0,0,0.5,1,0,0,0,0,0,0,0,0,0,0,1,0,1,0,4.00002e-06
Poly(vinylAcetate)_1000000,0.0487805,0,0.027027,0,0.547753,0,0.0526316,0.0555556,0,1,0,0.0714286,0,0,0,0,0,0.5,0.5,0.25,0,0,0.2,0,0,0,0,0,0,0,0,0,0,0.25,0,1,0,0,0,0,0,0,0,0,0,0.333333,0,0.25,0.0625,0.0555556,0,0,0,0,0,0,0,0,0,0,1,0,0,0.5,1,0,0,0,0.0999946
Poly(n-butylMethacrylate)_10000,0.146341,0,0.108108,0,0.273876,0,0.157895,0.0555556,1,1,0.125,0.0714286,0,0,0,0.0909091,0,0.5,0.75,0.25,0.0714286,0,0,0,1,0,0,0.5,0,0,0.5,0,0,0.25,0,0,0,1,0,0,0,0,0,0,0,0.666667,0,0.25,0.125,0,0,0.5,0.25,0,0.5,0,1,0,0,0,0,0,0,0.5,0,1,0,0,0.000994006
Poly(isobutylMethacrylate)_10000,0.146341,0,0.0810811,0,0.273876,0,0.105263,0.0555556,1,1,0.0833333,0.0714286,0,0,0,0.0606061,0,0.5,1,0.25,0,0,0,0,1,0,0,0.5,0,0,0.5,0,0,0.25,0,0,0,1,0,0,0,0,0,0,0,1,0,0.25,0.0625,0,0,0.5,0.25,0,0.5,0,0,0,1,0,0,0,0,0.5,0,1,0,0,0.000994006
Poly(p-hydroxybenzoate)_100000,0.121951,0.142857,0.162162,0.0555556,1,0,0.210526,0.166667,0,0,0.208333,0.142857,0,0.2,0,0.151515,0,0.5,0,0.25,0.0714286,0.25,0.2,0.2,0,0,0,0,0.2,0,0,0,0,0.5,0,0,0,0,0,0,0.5,0,0,0,0.5,0,0,0.25,0,0.222222,0.166667,0.5,0.25,0,0,0,0,0,0,0,0,0,0,0,1,0,0,1,0.00999406
Poly(ethylMethacrylate)_1000,0.097561,0,0.0540541,0,0.365169,0,0.0526316,0.0555556,1,1,0.0416667,0.0714286,0,0,0,0.030303,0,0.5,0.75,0.25,0,0,0,0,1,0,0,0,0,0,0.5,0,0,0.25,0,0,0,1,0,0,0,0,0,0,0,0.666667,0,0.25,0.0625,0,0,0,0.25,0,0.5,0,0,1,0,0,0,0,0,0.5,0,1,0,0,9.40006e-05
Poly(o-vinylPyridine)_100000,0.097561,0.142857,0.162162,0,0.511236,0,0.263158,0.111111,0,0,0.208333,0.142857,0,0.2,0,0.151515,0.5,0,0,0,0.142857,0.25,0.2,0.1,0,0,1,0,0.2,0,0,0.5,0,0,0,1,0,0,0,0,0,0,0,0,0,0,0,0,0.0625,0.277778,0.0833333,0,0,0,0,0.5,0,0,0,0,0,0,0,0.5,1,0,0,0,0.00999406
Poly(vinylButyral)_1000000,0.146341,0.142857,0.162162,0,0.273876,0,0.210526,0.166667,0,1,0.125,0.214286,0,0,0,0.121212,0,1,0.5,0,0,0,0.5,0,0,0,0,0,0,0,0,0,0,1,0,1,0,0,0,0,0,0,0,0,0,0.333333,0,0,0.125,0.166667,0,1,0,0,0,0,1,0,0,0,0,0,0,0.5,1,0,0,0,0.0999946
Nylon6_12_1000000,0.439024,0,0.486486,1,0.190409,0,0.894737,0.111111,0,0,0.791667,0,0,0,0,0.484848,1,0,0,0.5,1,0,0.2,0,0,1,0,0,0,0,0,1,0,0,1,1,0,0,1,0,0,0,1,0,0,0,0,0.5,1,0,0,0,0.5,1,0,0,0,0,0,0,0,0,0,0,1,0,1,0,0.0999946
Poly(p-hydroxybenzoate)_10000000,0.121951,0.142857,0.162162,0.0555556,1,0,0.210526,0.166667,0,0,0.208333,0.142857,0,0.2,0,0.151515,0,0.5,0,0.25,0.0714286,0.25,0.2,0.2,0,0,0,0,0.2,0,0,0,0,0.5,0,0,0,0,0,0,0.5,0,0,0,0.5,0,0,0.25,0,0.222222,0.166667,0.5,0.25,0,0,0,0,0,0,0,0,0,0,0,1,0,0,1,1
Polyisoprene_10000,0.0243902,0,0.0540541,0.111111,0.123596,0,0.105263,0.0555556,0,0,0.125,0,0,0.0666667,0,0.0606061,0,0,0.25,0,0.142857,0,0.1,0.1,0,0,0,0,0,0,0,0,0,0,0.142857,0.5,1,0,0,0,0,0,0,0,0,0.333333,0,0,0.125,0.0555556,0,0,0,0,0.5,0,0,0,0,0,0,0,0,1,0,0,0,0,0.000994006
Poly(cyclohexylMethacrylate)_1000,0.195122,0.142857,0.216216,0,0.292135,0,0.315789,0.111111,1,0,0.291667,0.142857,0,0,0,0.212121,0,0.5,0.25,0.25,0.285714,0,0.2,0,1,0,0,0,0,0,0.5,0,0,0.5,0,0,0,1,0,0,0,0,0,0,0,0.333333,0,0.25,0.375,0.0555556,0,0.5,0.25,0,0.5,0,0,0,0,0,0,0,0,0.5,0,1,0,0,9.40006e-05
Poly(vinylFormal)_10000,0.0731707,0.142857,0.135135,0,0.438202,0,0.210526,0.111111,0,0,0.166667,0.142857,0,0,0,0.0909091,0,1,0,0,0,0,0.4,0,0,0,0,1,0,0,0,0,0,0.5,0,1,0,0,0,0,0,0,0,0,0,0,0,0,0.1875,0.111111,0,1,0,0,0,0,0,0,0,0,0,0,0,0.5,1,0,0,0,0.000994006
Poly(vinylButyral)_100000,0.146341,0.142857,0.162162,0,0.273876,0,0.210526,0.166667,0,1,0.125,0.214286,0,0,0,0.121212,0,1,0.5,0,0,0,0.5,0,0,0,0,0,0,0,0,0,0,1,0,1,0,0,0,0,0,0,0,0,0,0.333333,0,0,0.125,0.166667,0,1,0,0,0,0,1,0,0,0,0,0,0,0.5,1,0,0,0,0.00999406
Poly(ethyleneTerephthalate)_60,0.243902,0.142857,0.27027,0.277778,0.889683,0,0.368421,0.222222,0,0,0.375,0.142857,0,0.2,0,0.242424,0,1,0,0.5,0.142857,0.25,0.2,0.2,0,0,0,1,0.4,0,0,0,0,0.5,0.0714286,0,0,0,0,1,1,0,0,0,0.5,0,0,0.5,0.125,0.222222,0.166667,1,0.5,0,0,0,0,0,0,0,0,0,0,0,1,0,0,1,0
Poly(o-vinylPyridine)_1000000,0.097561,0.142857,0.162162,0,0.511236,0,0.263158,0.111111,0,0,0.208333,0.142857,0,0.2,0,0.151515,0.5,0,0,0,0.142857,0.25,0.2,0.1,0,0,1,0,0.2,0,0,0.5,0,0,0,1,0,0,0,0,0,0,0,0,0,0,0,0,0.0625,0.277778,0.0833333,0,0,0,0,0.5,0,0,0,0,0,0,0,0.5,1,0,0,0,0.0999946
Poly(vinylButyral)_100,0.146341,0.142857,0.162162,0,0.273876,0,0.210526,0.166667,0,1,0.125,0.214286,0,0,0,0.121212,0,1,0.5,0,0,0,0.5,0,0,0,0,0,0,0,0,0,0,1,0,1,0,0,0,0,0,0,0,0,0,0.333333,0,0,0.125,0.166667,0,1,0,0,0,0,1,0,0,0,0,0,0,0.5,1,0,0,0,4.00002e-06
Poly(hexamethyleneAdipamide)_100000,0.292683,0,0.324324,0.666667,0.280603,0,0.578947,0.111111,0,0,0.541667,0,0,0,0,0.30303,1,0,0,0.5,0.571429,0,0.2,0,0,1,0,0,0,0,0,1,0,0,0.571429,1,0,0,1,0,0,0,1,0,0,0,0,0.5,0.625,0,0,0,0.5,1,0,0,0,0,0,0,0,0,0,0.5,0,0,1,0,0.00999406
Poly(isobutylMethacrylate)_10000000,0.146341,0,0.0810811,0,0.273876,0,0.105263,0.0555556,1,1,0.0833333,0.0714286,0,0,0,0.0606061,0,0.5,1,0.25,0,0,0,0,1,0,0,0.5,0,0,0.5,0,0,0.25,0,0,0,1,0,0,0,0,0,0,0,1,0,0.25,0.0625,0,0,0.5,0.25,0,0.5,0,0,0,1,0,0,0,0,0.5,0,1,0,0,1
Poly(tetramethyleneTerephthalate)_1000,0.292683,0.142857,0.324324,0.388889,0.699037,0,0.473684,0.222222,0,0,0.458333,0.142857,0,0.2,0,0.30303,0,1,0,0.5,0.285714,0.25,0.2,0.2,0,0,0,1,0.4,0,0,0,0,0.5,0.214286,0,0,0,0,1,1,0,0,0,0.5,0,0,0.5,0.25,0.222222,0.166667,1,0.5,0,0,0,0,0,0,0,0,0,0,0,1,0,0,1,9.40006e-05
Poly(isobutylMethacrylate)_100000,0.146341,0,0.0810811,0,0.273876,0,0.105263,0.0555556,1,1,0.0833333,0.0714286,0,0,0,0.0606061,0,0.5,1,0.25,0,0,0,0,1,0,0,0.5,0,0,0.5,0,0,0.25,0,0,0,1,0,0,0,0,0,0,0,1,0,0.25,0.0625,0,0,0.5,0.25,0,0.5,0,0,0,1,0,0,0,0,0.5,0,1,0,0,0.00999406
Poly(12-aminododecanoicAcid)_1000,0.243902,0,0.297297,0.611111,0.144094,0,0.578947,0.0555556,0,0,0.5,0,0,0,0,0.30303,0.5,0,0,0.25,0.714286,0,0.1,0,0,0.5,0,0,0,0,0,0.5,0,0,0.714286,0.5,0,0,0.5,0,0,0,0.5,0,0,0,0,0.25,0.6875,0,0,0,0.25,0.5,0,0,0,0,0,0,0,0,0,0.5,0,0,1,0,9.40006e-05
