CID,na_in_C4,n,FC_23_C4_0_H1_1_H1_1_N3_1_C4_2_H1_3_H1_3_H1_3_C4_2_H1_3_H1_3_H1_3_/_1_1_1_1_1_1_1_1_1_1_1_/_0_0_0_0_0_0_0_0_0_0_0_0,FC_1_C4_0_H1_1_/_1_/_0_0,FC_2_C4_0_H1_1_H1_1_/_1_1_/_0_0_0,FC_8_C4_0_H1_1_O2_1_H1_2_/_1_1_1_/_0_0_0_0,LeafAC_C4_N3_1,C4_3_C4_3_2,na_ex_S2,LeafAC_O2_C4_2,FC_14_C4_0_N3_1_H1_2_H1_2_/_1_1_1_/_0_0_0_0,C4_3_N3_2_2,C4_2_C4_2_2,FC_18_C4_0_O2_1_C4_1_H1_2_H1_2_O2_2_H1_3_/_2_1_1_1_1_1_/_0_0_0_0_0_0_0,FC_5_C4_0_O2_1_/_2_/_0_0,FC_27_C4_0_C4_1_F1_2_F1_2_F1_2_/_1_1_1_1_/_0_0_0_0_0,N3_3_N3_3_1,dg_in_3,LeafAC_O2_S6_2,FC_10_C4_0_O2_1_H1_2_/_1_1_/_0_0_0,C4_3_O2_2_1,FC_29_O2_0_C4_1_H1_2_H1_2_C4_2_H1_3_H1_3_H1_3_/_1_1_1_1_1_1_1_/_0_0_0_0_0_0_0_0,FC_56_C4_0_N3_1_C4_2_H1_3_H1_3_H1_3_/_2_1_1_1_1_/_0_0_0_0_0_0,FC_36_C4_0_C4_1_O2_2_C4_2_H1_3_H1_3_H1_3_/_1_2_1_1_1_1_/_0_0_0_0_0_0_0,na_in_S4,FC_11_O2_0_/_/_0,FC_21_C4_0_H1_1_C4_1_H1_2_H1_2_H1_2_/_1_1_1_1_1_/_0_0_0_0_0_0,FC_43_N3_0_C4_1_H1_2_C4_2_H1_3_H1_3_H1_3_C4_2_H1_3_H1_3_H1_3_C4_1_H1_2_C4_2_H1_3_H1_3_H1_3_C4_2_H1_3_H1_3_H1_3_/_1_1_1_1_1_1_1_1_1_1_1_1_1_1_1_1_1_1_1_1_/_0_0_0_0_0_0_0_0_0_0_0_0_0_0_0_0_0_0_0_0_0,FC_25_C4_0_H1_1_H1_1_C4_1_H1_2_C4_2_H1_3_H1_3_/_1_1_1_1_2_1_1_/_0_0_0_0_0_0_0_0,FC_71_C4_0_H1_1_C4_1_O2_2_C4_2_H1_3_H1_3_H1_3_/_1_1_2_1_1_1_1_/_0_0_0_0_0_0_0_0,FC_26_C4_0_H1_1_C4_1_H1_2_H1_2_H1_2_C4_1_H1_2_H1_2_C4_2_H1_3_H1_3_H1_3_/_1_1_1_1_1_1_1_1_1_1_1_1_/_0_0_0_0_0_0_0_0_0_0_0_0_0,FC_67_C4_0_H1_1_H1_1_C4_1_Br1_2_C4_2_H1_3_H1_3_/_1_1_1_1_2_1_1_/_0_0_0_0_0_0_0_0,FC_73_C4_0_H1_1_H1_1_C4_1_O2_2_H1_3_C4_2_H1_3_H1_3_H1_3_C4_2_H1_3_H1_3_H1_3_/_1_1_1_1_1_1_1_1_1_1_1_1_1_/_0_0_0_0_0_0_0_0_0_0_0_0_0_0,FC_35_C4_0_H1_1_H1_1_C4_1_H1_2_C4_2_H1_3_H1_3_H1_3_C4_2_H1_3_H1_3_H1_3_/_1_1_1_1_1_1_1_1_1_1_1_1_/_0_0_0_0_0_0_0_0_0_0_0_0_0,FC_70_N3_0_C4_1_O2_2_C4_2_H1_3_H1_3_H1_3_/_1_2_1_1_1_1_/_0_0_0_0_0_0_0,FC_49_N3_0_C4_1_H1_2_C4_2_H1_3_H1_3_H1_3_C4_2_H1_3_H1_3_H1_3_/_1_1_1_1_1_1_1_1_1_1_/_0_0_0_0_0_0_0_0_0_0_0,FC_64_C4_0_C4_1_O2_2_N3_2_H1_3_H1_3_/_1_2_1_1_1_/_0_0_0_0_0_0,FC_39_C4_0_H1_1_C4_1_H1_2_H1_2_O2_2_H1_3_/_1_1_1_1_1_1_/_0_0_0_0_0_0_0,FC_57_C4_0_H1_1_H1_1_O2_1_C4_2_H1_3_H1_3_H1_3_/_1_1_1_1_1_1_1_/_0_0_0_0_0_0_0_0,FC_60_C4_0_O2_1_H1_2_C4_1_H1_2_H1_2_H1_2_C4_1_C4_2_H1_3_H1_3_H1_3_C4_2_H1_3_H1_3_H1_3_C4_2_H1_3_H1_3_H1_3_/_1_1_1_1_1_1_1_1_1_1_1_1_1_1_1_1_1_1_1_/_0_0_0_0_0_0_0_0_0_0_0_0_0_0_0_0_0_0_0_0,LeafAC_N3_C4_1,FC_55_C4_0_C4_1_H1_2_H1_2_/_2_1_1_/_0_0_0_0,FC_58_C4_0_H1_1_C4_1_C4_2_H1_3_H1_3_H1_3_C4_2_H1_3_H1_3_H1_3_/_1_2_1_1_1_1_1_1_1_1_/_0_0_0_0_0_0_0_0_0_0_0,C4_3_S4_3_1,FC_44_S4_0_O2_1_/_2_/_0_0,dg_1,bd_in_3,FC_50_C4_0_O2_1_C4_1_H1_2_N3_2_H1_3_H1_3_C4_2_H1_3_H1_3_H1_3_/_2_1_1_1_1_1_1_1_1_1_/_0_0_0_0_0_0_0_0_0_0_0,FC_52_N3_0_C4_1_N3_2_H1_3_H1_3_N3_2_H1_3_H1_3_/_2_1_1_1_1_1_1_/_0_0_0_0_0_0_0_0,FC_53_C4_0_H1_1_C4_1_H1_2_C4_2_H1_3_H1_3_H1_3_C4_2_H1_3_H1_3_H1_3_/_1_1_1_1_1_1_1_1_1_1_1_/_0_0_0_0_0_0_0_0_0_0_0_0,FC_65_C4_0_H1_1_C4_1_H1_2_O2_2_/_1_1_1_2_/_0_0_0_0_0,FC_62_C4_0_H1_1_C4_1_H1_2_H1_2_H1_2_C4_1_O2_2_O2_2_H1_3_/_1_1_1_1_1_1_2_1_1_/_0_0_0_0_0_0_0_0_0_0,FC_41_N3_0_O2_1_H1_2_/_1_1_/_0_0_0,LeafAC_O2_N3_1,FC_63_C4_0_N3_1_H1_2_/_2_1_/_0_0_0,LeafAC_N3_C4_2,FC_61_C4_0_S2_1_C4_2_H1_3_H1_3_H1_3_/_1_1_1_1_1_/_0_0_0_0_0_0,LeafAC_C4_S2_1,C4_2_S4_3_1,FC_69_C4_0_C4_1_N3_2_/_1_3_/_0_0_0
3033962,0.257143,0.290909,0,0.190476,0.294118,0.5,0.0,0.0,0,0.0,0,0.0,0.166667,0,0.0,0,0,0.0714286,0,0.0,0.166667,0,0,0,1,0.333333,0,0,0,0,0,0,0,0,0,0,0,0,0,0,0.0,0,0,0,1,0,0,0,0,0,0,0,0,0,0,0,0,0,1.0,1
5280723,0.371429,0.309091,0,0.190476,0.470588,1.0,0.0,0.0,0,0.25,0,0.0,0.166667,0,0.166667,0,0,0.142857,0,0.0,0.0,0,0,0,0,0.0,0,0,0,0,0,0,0,0,0,0,0,0,0,0,0.0,0,0,0,0,0,0,0,0,0,0,0,0,0,0,0,0,0,0.0,0
644073,0.542857,0.472727,0,0.285714,0.529412,0.0,0.0,0.666667,0,0.0,0,0.0,0.166667,0,0.0,0,0,0.642857,0,0.5,0.333333,0,0,0,0,0.333333,0,0,0,0,0,0,0,0,0,0,0,0,0,1,0.0,0,0,0,0,0,0,0,0,0,0,0,0,0,0,0,0,0,0.0,0
3333,0.257143,0.309091,0,0.190476,0.0,0.0,0.0,1.0,0,0.25,0,0.0,0.166667,0,0.166667,0,0,0.285714,0,0.0,0.166667,1,0,0,0,0.0,0,0,0,0,0,0,0,0,0,0,0,0,0,0,0.0,0,0,0,0,0,0,0,0,0,0,0,0,0,0,0,0,0,0.0,0
446155,0.457143,0.4,0,0.47619,0.0588235,1.0,0.0,0.333333,0,0.125,0,0.0,0.5,0,0.0,0,0,0.357143,0,0.0,0.0,0,0,0,0,0.0,0,0,0,0,0,0,0,0,0,1,0,0,0,0,0.0,0,0,0,0,0,0,0,0,0,0,0,0,0,0,0,0,0,0.0,0
3488,0.514286,0.454545,0,0.380952,0.411765,0.0,0.0,0.333333,0,0.25,0,0.0,0.333333,0,0.333333,0,0,0.285714,1,0.0,0.0,0,0,0,0,0.0,0,0,0,0,0,0,0,0,0,0,0,0,0,0,0.0,0,0,0,0,0,0,0,0,0,0,0,0,0,0,0,0,0,0.0,0
60753,0.314286,0.327273,0,0.190476,0.411765,0.5,0.0,0.0,0,0.0,0,0.0,0.166667,0,0.0,0,0,0.142857,1,0.0,0.0,0,0,0,0,0.0,0,0,0,0,0,0,0,0,0,0,0,0,0,0,0.0,0,0,0,0,0,0,0,0,0,0,0,0,0,0,0,0,0,0.0,0
441401,0.285714,0.290909,0,0.190476,0.352941,0.0,0.0,0.333333,0,0.25,0,0.0,0.166667,0,0.166667,0,0,0.357143,0,0.0,0.333333,0,0,0,0,0.666667,0,0,0,0,0,0,0,0,0,0,0,0,0,0,0.0,0,0,0,0,0,0,0,0,0,0,0,0,0,0,0,0,0,0.0,0
250948,0.371429,0.381818,0,0.238095,0.294118,0.0,0.0,0.0,0,0.375,0,0.0,0.0,0,0.166667,0,0,0.5,0,0.0,0.0,0,0,1,0,0.0,0,0,0,0,0,0,0,0,0,0,0,0,0,0,0.0,1,0,0,0,0,0,0,0,0,0,0,0,0,0,0,0,0,0.0,0
36314,1.0,0.981818,0,1.0,0.176471,1.0,0.0,0.333333,0,0.75,0,0.0,1.0,0,0.666667,0,0,0.857143,0,0.5,1.0,0,0,0,0,1.0,0,0,0,0,0,0,0,0,0,0,0,0,0,0,0.0,0,0,0,0,0,0,0,0,0,0,0,0,0,0,0,0,0,0.0,0
54682461,0.628571,0.618182,0,0.571429,0.176471,0.0,0.0,0.333333,0,0.125,0,0.333333,0.666667,0,0.166667,1,0,0.357143,1,0.5,0.166667,0,0,0,0,0.333333,0,0,0,0,0,0,0,0,0,0,0,0,0,0,0.0,0,0,0,0,0,0,0,0,0,0,0,0,0,0,0,0,0,0.0,0
104903,0.885714,0.690909,0,0.380952,1.0,0.0,0.0,0.0,0,0.25,0,0.666667,0.166667,0,0.333333,0,0,1.0,0,0.0,0.0,0,0,0,0,0.0,1,0,0,0,0,0,0,0,0,0,0,0,0,0,0.0,0,0,0,0,0,0,0,0,0,0,0,0,0,0,0,0,0,0.0,0
443879,0.314286,0.290909,0,0.428571,0.117647,0.0,0.0,0.333333,0,0.0,0,0.0,0.5,0,0.0,0,0,0.214286,0,0.5,0.0,0,0,0,0,0.0,0,1,0,0,0,0,0,0,0,0,0,0,0,0,0.0,0,0,0,0,0,0,0,0,0,0,0,0,0,0,0,0,0,0.0,0
5584,0.371429,0.254545,1,0.380952,0.176471,0.0,0.666667,0.0,0,0.0,0,0.0,0.333333,0,0.0,0,0,0.357143,0,0.0,0.0,0,0,0,0,0.0,1,0,0,0,0,0,0,0,0,0,0,0,0,0,0.0,0,0,0,0,0,0,0,0,0,0,0,0,0,0,0,0,0,0.0,0
2118,0.342857,0.254545,0,0.380952,0.0588235,0.0,0.0,0.333333,0,0.0,0,1.0,0.5,0,0.0,0,0,0.428571,0,0.0,0.0,0,0,0,0,0.0,0,0,0,0,0,0,0,0,0,0,0,0,0,0,0.0,0,0,0,0,0,0,0,0,0,0,0,0,0,0,0,0,0,0.0,0
1978,0.2,0.290909,0,0.142857,0.117647,0.5,0.0,0.333333,0,0.25,0,0.0,0.166667,0,0.166667,0,0,0.142857,0,0.0,0.166667,0,0,1,0,0.333333,0,0,0,0,0,0,0,0,0,0,0,0,0,0,0.0,0,0,0,0,0,0,0,0,0,0,0,0,0,0,0,0,0,0.0,0
2725,0.285714,0.2,1,0.428571,0.0588235,0.0,0.666667,0.0,0,0.0,0,0.0,0.333333,0,0.0,0,0,0.214286,0,0.0,0.0,0,0,0,0,0.0,0,0,0,0,0,0,0,0,0,0,0,0,0,0,0.0,0,0,0,0,0,0,0,0,0,0,0,0,0,0,0,0,0,0.0,0
2803,0.142857,0.109091,0,0.142857,0.117647,0.0,0.0,0.333333,0,0.0,0,0.333333,0.166667,0,0.0,0,0,0.142857,0,0.0,0.0,0,0,0,0,0.0,0,0,0,0,0,0,0,0,0,0,0,0,0,0,0.0,0,0,0,0,0,0,0,0,0,0,0,0,0,0,0,0,0,0.0,0
5625,0.4,0.436364,0,0.333333,0.235294,0.0,0.0,0.666667,0,0.125,0,0.0,0.333333,0,0.166667,0,0,0.571429,1,0.0,0.0,0,0,0,0,0.0,0,0,0,0,0,0,0,0,0,0,0,0,0,0,0.0,0,0,0,0,0,0,0,0,0,0,0,0,0,0,0,0,0,0.0,0
163410284,0.771429,1.0,0,0.380952,0.588235,0.0,0.0,0.0,0,1.0,0,0.0,0.166667,0,1.0,0,0,0.5,0,0.5,0.0,0,0,0,0,0.0,0,0,0,0,1,0,0,0,0,0,0,1,0,0,1.0,0,0,0,0,0,0,1,1,1,1,0,0,0,0,0,0,0,0.0,0
5757,0.371429,0.218182,0,0.285714,0.352941,0.5,0.0,0.333333,0,0.0,0,0.0,0.166667,0,0.0,0,0,0.428571,0,0.5,0.0,0,0,0,0,0.0,0,0,0,0,0,0,0,0,0,0,0,0,0,0,0.0,0,0,0,0,0,0,0,0,0,0,0,0,0,0,0,0,0,0.0,0
5757,0.371429,0.218182,0,0.285714,0.352941,0.5,0.0,0.333333,0,0.0,0,0.0,0.166667,0,0.0,0,0,0.428571,0,0.5,0.0,0,0,0,0,0.0,0,0,0,0,0,0,0,0,0,0,0,0,0,0,0.0,0,0,0,0,0,0,0,0,0,0,0,0,0,0,0,0,0,0.0,0
5757,0.371429,0.218182,0,0.285714,0.352941,0.5,0.0,0.333333,0,0.0,0,0.0,0.166667,0,0.0,0,0,0.428571,0,0.5,0.0,0,0,0,0,0.0,0,0,0,0,0,0,0,0,0,0,0,0,0,0,0.0,0,0,0,0,0,0,0,0,0,0,0,0,0,0,0,0,0,0.0,0
5757,0.371429,0.218182,0,0.285714,0.352941,0.5,0.0,0.333333,0,0.0,0,0.0,0.166667,0,0.0,0,0,0.428571,0,0.5,0.0,0,0,0,0,0.0,0,0,0,0,0,0,0,0,0,0,0,0,0,0,0.0,0,0,0,0,0,0,0,0,0,0,0,0,0,0,0,0,0,0.0,0
73214,0.314286,0.363636,0,0.190476,0.352941,0.0,0.0,0.333333,0,0.375,0,0.0,0.166667,1,0.166667,0,0,0.428571,0,0.0,0.333333,0,0,0,0,0.333333,0,0,0,0,0,0,0,0,0,0,0,0,0,0,0.0,0,0,0,0,0,0,0,0,0,0,0,0,0,0,0,0,0,0.0,0
5556,0.342857,0.272727,0,0.333333,0.0588235,0.0,0.0,0.333333,0,0.0,0,1.0,0.333333,0,0.0,0,0,0.428571,0,0.0,0.0,0,0,0,0,0.0,0,0,0,0,0,0,0,0,0,0,0,0,0,0,0.0,0,0,0,0,0,0,0,0,0,0,0,0,0,0,0,0,0,0.0,0
5556,0.342857,0.272727,0,0.333333,0.0588235,0.0,0.0,0.333333,0,0.0,0,1.0,0.333333,0,0.0,0,0,0.428571,0,0.0,0.0,0,0,0,0,0.0,0,0,0,0,0,0,0,0,0,0,0,0,0,0,0.0,0,0,0,0,0,0,0,0,0,0,0,0,0,0,0,0,0,0.0,0
5556,0.342857,0.272727,0,0.333333,0.0588235,0.0,0.0,0.333333,0,0.0,0,1.0,0.333333,0,0.0,0,0,0.428571,0,0.0,0.0,0,0,0,0,0.0,0,0,0,0,0,0,0,0,0,0,0,0,0,0,0.0,0,0,0,0,0,0,0,0,0,0,0,0,0,0,0,0,0,0.0,0
5556,0.342857,0.272727,0,0.333333,0.0588235,0.0,0.0,0.333333,0,0.0,0,1.0,0.333333,0,0.0,0,0,0.428571,0,0.0,0.0,0,0,0,0,0.0,0,0,0,0,0,0,0,0,0,0,0,0,0,0,0.0,0,0,0,0,0,0,0,0,0,0,0,0,0,0,0,0,0,0.0,0
3696,0.371429,0.236364,1,0.380952,0.235294,0.0,0.666667,0.0,0,0.0,0,0.0,0.333333,0,0.0,0,0,0.357143,0,0.0,0.0,0,0,0,0,0.0,0,0,0,0,0,0,0,0,0,0,0,0,0,0,0.0,0,0,0,0,0,0,0,0,0,0,0,0,0,0,0,0,0,0.0,0
3823,0.571429,0.509091,0,0.52381,0.411765,0.0,0.0,0.333333,0,0.125,0,0.0,0.5,0,0.0,0,0,0.428571,0,0.0,0.333333,0,0,0,0,1.0,0,0,0,0,0,0,0,0,1,0,0,0,0,0,0.0,0,0,0,0,0,0,0,0,0,0,0,0,0,0,0,0,0,0.0,0
4171,0.2,0.2,0,0.190476,0.176471,0.5,0.0,0.0,0,0.0,0,0.0,0.166667,0,0.0,0,0,0.142857,0,0.0,0.166667,0,0,0,0,0.333333,0,0,0,0,0,0,0,0,0,0,0,0,1,0,0.0,0,0,0,0,0,0,0,0,0,0,0,0,0,0,0,0,0,0.0,0
4201,0.142857,0.127273,0,0.047619,0.294118,0.0,0.0,0.0,0,0.0,1,0.333333,0.0,0,0.0,0,0,0.142857,0,0.0,0.0,0,0,0,0,0.0,0,0,0,0,0,0,0,0,0,0,0,0,0,0,0.333333,0,0,0,0,0,0,0,0,0,0,0,1,1,1,1,0,0,0.0,0
4594,0.257143,0.290909,0,0.190476,0.0588235,0.0,0.0,0.666667,0,0.0,0,0.666667,0.166667,0,0.0,0,0,0.285714,0,0.0,0.0,0,0,0,1,0.0,0,0,0,0,0,0,0,0,0,0,0,0,0,0,0.0,0,0,1,1,0,0,0,0,0,0,0,0,0,0,0,0,0,0.5,0
35370,0.114286,0.2,0,0.142857,0.0588235,0.0,0.0,0.0,0,0.25,0,0.0,0.0,0,0.333333,0,0,0.214286,0,0.0,0.333333,0,0,0,0,0.333333,0,0,0,0,0,0,0,0,0,0,0,1,0,0,0.0,0,0,0,0,0,0,0,0,0,0,0,0,0,0,0,0,0,0.0,0
70835,0.0857143,0.163636,0,0.047619,0.0588235,0.0,0.666667,0.333333,0,0.25,0,0.0,0.0,0,0.333333,0,0,0.214286,0,0.0,0.0,0,0,0,0,0.0,0,0,0,0,0,0,0,0,0,0,0,0,0,0,0.0,0,0,0,0,0,0,0,0,0,0,0,0,0,0,0,0,0,0.0,0
93219,0.0285714,0.127273,0,0.047619,0.0,0.0,0.666667,0.333333,0,0.25,0,0.0,0.0,0,0.333333,0,0,0.142857,0,0.0,0.0,0,0,0,0,0.0,0,0,0,0,0,0,0,0,0,0,0,0,0,0,0.0,0,0,0,0,0,0,0,0,0,0,0,0,0,0,0,0,0,0.0,0
96448,0.0571429,0.145455,0,0.047619,0.0,0.0,0.666667,0.333333,0,0.25,0,0.0,0.0,0,0.333333,0,0,0.214286,0,0.0,0.0,0,0,0,0,0.0,0,0,0,0,0,0,0,0,0,0,0,0,0,0,0.0,0,0,0,0,0,0,0,0,0,0,0,0,0,0,0,0,0,0.0,0
907652,0.0571429,0.0545455,0,0.142857,0.0,0.0,0.0,0.0,0,0.0,1,1.0,0.166667,0,0.0,0,0,0.142857,0,0.0,0.0,0,0,0,0,0.0,0,0,0,0,0,0,0,0,0,0,0,0,0,0,0.333333,0,0,0,0,0,0,0,0,0,0,0,0,0,0,0,0,0,0.0,0
640537,0.0571429,0.0545455,0,0.142857,0.0,0.0,0.0,0.0,0,0.0,0,1.0,0.166667,0,0.0,0,0,0.142857,0,0.0,0.0,0,0,0,0,0.0,0,0,0,0,0,0,0,0,0,0,0,0,0,0,0.0,0,0,0,0,0,0,0,0,0,0,0,0,0,0,0,0,0,0.0,0
589692,0.0571429,0.0545455,0,0.142857,0.0,0.0,0.0,0.0,0,0.0,0,1.0,0.166667,0,0.0,0,0,0.142857,0,0.0,0.0,0,0,0,0,0.0,0,0,0,0,0,0,0,0,0,0,0,0,0,0,0.0,0,0,0,0,0,0,0,0,0,0,0,0,0,0,0,0,0,0.0,0
81449,0.0571429,0.0545455,0,0.142857,0.0,0.0,0.0,0.0,0,0.0,1,1.0,0.166667,0,0.0,0,0,0.142857,0,0.0,0.0,0,0,0,0,0.0,0,0,0,0,0,0,0,0,0,0,0,0,0,0,0.333333,0,0,0,0,0,0,0,0,0,0,0,0,0,0,0,0,0,0.0,0
135460266,0.0571429,0.0545455,0,0.142857,0.0,0.0,0.0,0.0,0,0.125,0,0.666667,0.166667,0,0.166667,0,0,0.142857,0,0.0,0.0,0,0,0,0,0.0,0,0,0,0,0,0,0,0,0,0,0,0,0,0,0.0,0,0,0,0,0,0,0,0,0,0,0,0,0,0,0,0,0,0.0,0
23422065,0.0571429,0.0727273,0,0.142857,0.0,0.0,0.0,0.0,0,0.0,0,1.0,0.166667,0,0.0,0,0,0.142857,0,0.0,0.0,0,0,0,0,0.0,0,0,0,0,0,0,0,0,0,0,0,0,0,0,0.0,0,0,0,0,0,0,0,0,0,0,0,0,0,0,0,0,0,0.0,0
589653,0.0571429,0.0545455,0,0.142857,0.0,0.0,0.0,0.0,0,0.0,0,1.0,0.166667,0,0.0,0,0,0.142857,0,0.0,0.0,0,0,0,0,0.0,0,0,0,0,0,0,0,0,0,0,0,0,0,0,0.0,0,0,0,0,0,0,0,0,0,0,0,0,0,0,0,0,0,0.0,0
43473,0.142857,0.181818,0,0.0,0.235294,0.0,0.0,0.0,0,0.375,0,0.0,0.0,0,0.5,0,0,0.0714286,0,0.0,0.0,0,0,0,0,0.0,0,0,0,0,0,0,0,0,0,0,0,0,0,0,0.0,0,0,0,0,0,0,0,0,0,0,0,0,0,0,0,0,0,0.0,0
23273698,0.0285714,0.0909091,0,0.0,0.0,0.0,0.0,0.0,0,0.375,0,0.0,0.0,0,0.5,0,0,0.0714286,0,0.0,0.0,0,0,0,0,0.0,0,0,1,0,0,0,0,0,0,0,0,0,0,0,0.0,0,0,0,0,0,0,0,0,0,0,0,0,0,0,0,0,0,0.0,0
65040,0.0,0.0181818,0,0.047619,0.0,0.0,0.0,0.333333,0,0.125,1,0.0,0.0,0,0.166667,0,0,0.0,0,0.0,0.0,0,0,0,0,0.0,0,0,0,0,0,0,0,0,0,0,0,0,0,0,0.333333,0,0,0,0,0,0,0,0,0,0,0,0,0,0,0,0,0,0.0,0
23422096,0.0571429,0.0545455,0,0.142857,0.0,0.0,0.0,0.0,0,0.0,1,0.666667,0.0,0,0.0,0,0,0.142857,0,0.0,0.0,0,0,0,0,0.0,0,0,0,0,0,0,0,0,0,0,0,0,0,0,0.333333,0,0,0,0,0,0,0,0,0,0,0,0,0,0,0,0,0,0.0,0
23424051,0.0571429,0.0545455,0,0.142857,0.0,0.0,0.0,0.0,0,0.0,0,0.666667,0.0,0,0.0,0,0,0.142857,0,0.0,0.0,0,0,0,0,0.0,0,0,0,0,0,0,0,0,0,0,0,0,0,0,0.0,0,0,0,0,0,0,0,0,0,0,0,0,0,0,0,0,0,0.0,0
590544,0.0571429,0.0545455,0,0.142857,0.0,0.0,0.0,0.0,0,0.125,0,0.333333,0.0,0,0.166667,0,0,0.142857,0,0.0,0.0,0,0,0,0,0.0,0,0,0,0,0,0,0,0,0,0,0,0,0,0,0.0,0,0,0,0,0,0,0,0,0,0,0,0,0,0,0,0,0,0.0,0
23422066,0.0571429,0.0727273,0,0.142857,0.0,0.0,0.0,0.0,0,0.0,0,0.666667,0.0,0,0.0,0,0,0.142857,0,0.0,0.0,0,0,0,0,0.0,0,0,0,0,0,0,0,0,0,0,0,0,0,0,0.0,0,0,0,0,0,0,0,0,0,0,0,0,0,0,0,0,0,0.0,0
12932800,0.0571429,0.0545455,0,0.142857,0.0,0.0,0.0,0.0,0,0.0,1,0.666667,0.0,0,0.0,0,0,0.142857,0,0.0,0.0,0,0,0,0,0.0,0,0,0,0,0,0,0,0,0,0,0,0,0,0,0.333333,0,0,0,0,0,0,0,0,0,0,0,0,0,0,0,0,0,0.0,0
20562618,0.0857143,0.181818,0,0.0,0.0588235,0.0,0.666667,0.333333,0,0.25,0,0.333333,0.0,0,0.333333,0,0,0.214286,0,0.0,0.0,0,0,0,0,0.0,0,0,0,0,0,0,0,0,0,0,0,0,0,0,0.0,0,0,0,0,0,0,0,0,0,0,0,0,0,0,0,0,0,0.0,0
70557,0.0857143,0.163636,0,0.047619,0.0588235,0.0,0.666667,0.333333,0,0.25,0,0.0,0.0,0,0.333333,0,0,0.214286,0,0.0,0.0,0,0,0,0,0.0,0,0,0,0,0,0,0,0,0,0,0,0,0,0,0.0,0,0,0,0,0,0,0,0,0,0,0,0,0,0,0,0,0,0.0,0
23424052,0.0571429,0.0545455,0,0.142857,0.0,0.0,0.0,0.0,0,0.0,0,0.666667,0.0,0,0.0,0,0,0.142857,0,0.0,0.0,0,0,0,0,0.0,0,0,0,0,0,0,0,0,0,0,0,0,0,0,0.0,0,0,0,0,0,0,0,0,0,0,0,0,0,0,0,0,0,0.0,0
23422103,0.0571429,0.0909091,0,0.142857,0.0,0.0,0.666667,0.0,0,0.0,0,0.666667,0.0,0,0.0,0,0,0.142857,0,0.0,0.0,0,0,0,0,0.0,0,0,0,0,0,0,0,0,0,0,0,0,0,0,0.0,0,0,0,0,0,0,0,0,0,0,0,0,0,0,0,0,0,0.0,0
89976,0.0285714,0.127273,0,0.047619,0.0,0.0,0.666667,0.333333,0,0.25,0,0.0,0.0,0,0.333333,0,0,0.142857,0,0.0,0.0,0,0,0,0,0.0,0,0,0,0,0,0,0,0,0,0,0,0,0,0,0.0,0,0,0,0,0,0,0,0,0,0,0,0,0,0,0,0,0,0.0,0
590549,0.0571429,0.0545455,0,0.142857,0.0,0.0,0.0,0.0,0,0.125,0,0.333333,0.0,0,0.166667,0,0,0.142857,0,0.0,0.0,0,0,0,0,0.0,0,0,0,0,0,0,0,0,0,0,0,0,0,0,0.0,0,0,0,0,0,0,0,0,0,0,0,0,0,0,0,0,0,0.0,0
57502361,0.0571429,0.181818,0,0.0,0.0,0.0,0.666667,0.333333,0,0.25,0,0.333333,0.0,0,0.333333,0,0,0.214286,0,0.0,0.0,0,0,0,0,0.0,0,0,0,0,0,0,0,1,0,0,0,0,0,0,0.0,0,0,0,0,0,0,0,0,0,0,0,0,0,0,0,0,0,0.0,0
65681,0.0571429,0.163636,0,0.047619,0.0,0.0,0.666667,0.333333,0,0.25,0,0.0,0.0,0,0.333333,0,0,0.214286,0,0.0,0.0,0,0,0,0,0.0,0,0,0,0,0,0,0,1,0,0,0,0,0,0,0.0,0,0,0,0,0,0,0,0,0,0,0,0,0,0,0,0,0,0.0,0
23422050,0.0571429,0.0727273,0,0.142857,0.0,0.0,0.0,0.0,0,0.0,0,0.666667,0.0,0,0.0,0,0,0.142857,0,0.0,0.0,0,0,0,0,0.0,0,0,0,0,0,0,0,0,0,0,0,0,0,0,0.0,0,0,0,0,0,0,0,0,0,0,0,0,0,0,0,0,0,0.0,0
589615,0.0571429,0.0545455,0,0.142857,0.0,0.0,0.0,0.0,0,0.0,0,0.666667,0.0,0,0.0,0,0,0.142857,0,0.0,0.0,0,0,0,0,0.0,0,0,0,0,0,0,0,0,0,0,0,0,0,0,0.0,0,0,0,0,0,0,0,0,0,0,0,0,0,0,0,0,0,0.0,0
847168,0.0571429,0.145455,0,0.047619,0.0,0.0,0.666667,0.333333,0,0.25,0,0.0,0.0,0,0.333333,0,0,0.214286,0,0.0,0.0,0,0,0,0,0.0,0,0,0,0,0,0,0,0,0,0,0,0,0,0,0.0,0,0,0,0,0,0,0,0,0,0,0,0,0,0,0,0,0,0.0,0
190,0.0285714,0.0363636,0,0.0952381,0.0,0.0,0.0,0.333333,0,0.0,1,0.333333,0.0,0,0.0,0,0,0.142857,0,0.0,0.0,0,0,0,0,0.0,0,0,0,0,0,0,0,0,0,0,0,0,0,0,0.333333,0,0,0,0,0,0,0,0,0,0,0,0,0,0,0,0,0,0.0,0
30951,0.114286,0.127273,0,0.142857,0.0,0.0,0.0,0.333333,0,0.125,0,0.0,0.166667,0,0.0,0,0,0.142857,0,0.0,0.166667,0,0,0,0,0.333333,0,0,1,0,0,0,0,0,0,0,0,0,0,0,0.0,0,0,0,0,0,0,0,0,0,0,0,0,0,0,0,0,0,0.0,0
135401907,0.0285714,0.0363636,0,0.0952381,0.0,0.0,0.0,0.333333,0,0.125,0,0.0,0.0,0,0.166667,0,0,0.142857,0,0.0,0.0,0,0,0,0,0.0,0,0,0,0,0,0,0,0,0,0,0,0,0,0,0.0,0,0,0,0,0,0,0,0,0,0,0,0,0,0,0,0,0,0.0,0
6009,0.142857,0.163636,0,0.238095,0.0,0.0,1.0,0.333333,0,0.125,0,0.0,0.333333,0,0.166667,0,1,0.142857,0,0.0,0.0,0,0,0,0,0.0,0,0,0,0,0,0,0,0,0,0,0,0,0,0,0.0,0,0,0,0,0,0,0,0,0,0,0,0,0,0,0,0,0,0.0,0
2206,0.142857,0.109091,0,0.285714,0.0,0.0,0.333333,0.0,0,0.125,0,0.0,0.333333,0,0.166667,0,1,0.142857,0,0.0,0.0,0,0,0,0,0.0,0,0,0,0,0,0,0,0,0,0,0,0,0,0,0.0,0,0,0,0,0,0,0,0,0,0,0,0,0,0,0,0,0,0.0,0
2337,0.0857143,0.0727273,0,0.190476,0.0,0.0,0.0,0.0,0,0.125,1,0.0,0.166667,0,0.166667,0,0,0.0714286,0,0.0,0.166667,1,0,0,0,0.0,0,0,0,0,0,0,0,0,0,0,0,0,0,0,0.333333,0,0,0,0,0,0,0,0,0,0,0,0,0,0,0,0,0,0.0,0
9782,0.4,0.363636,0,0.238095,0.235294,0.5,0.0,0.0,0,0.25,0,0.0,0.166667,1,0.166667,0,0,0.5,0,0.5,0.0,0,0,0,0,0.0,1,0,0,0,0,0,0,0,0,0,0,0,0,0,0.0,0,0,0,0,0,0,0,0,0,0,0,0,0,0,0,0,0,0.0,0
16533,0.485714,0.472727,0,0.238095,0.294118,0.5,0.0,0.0,0,0.375,0,0.0,0.166667,1,0.333333,0,0,0.428571,0,0.0,0.166667,0,0,0,0,0.333333,1,0,0,0,0,0,0,0,0,0,0,0,0,0,0.0,0,0,0,0,0,0,0,0,0,0,0,0,0,0,0,0,0,0.0,0
2378,0.514286,0.290909,0,0.857143,0.0,0.0,0.0,0.0,0,0.0,0,0.0,1.0,0,0.0,0,0,0.428571,0,0.0,0.0,0,0,0,0,0.0,0,0,0,0,0,0,0,0,0,0,0,0,0,0,0.0,0,0,0,0,0,0,0,0,0,0,0,0,0,0,0,0,0,0.0,0
2441,0.285714,0.2,0,0.333333,0.0588235,0.0,0.0,0.333333,0,0.125,0,0.333333,0.333333,0,0.166667,0,0,0.285714,0,0.0,0.0,0,0,0,0,0.0,0,0,0,0,0,0,0,0,0,0,0,0,0,0,0.0,0,0,0,0,0,0,0,0,0,0,0,0,0,0,0,0,0,0.0,0
2479,0.0285714,0.127273,0,0.0,0.0,0.0,0.0,0.0,0,0.375,0,0.0,0.0,0,0.5,0,0,0.0714286,0,0.0,0.0,0,0,0,0,0.0,0,0,0,0,1,0,0,0,0,0,0,0,0,0,0.0,0,0,0,0,0,0,0,0,0,0,0,0,0,0,0,0,0,0.0,0
14362,0.0571429,0.163636,0,0.0,0.0,0.0,0.0,0.0,0,0.375,0,0.0,0.0,0,0.5,0,0,0.0,0,0.0,0.0,0,0,0,0,0.0,0,0,0,0,1,1,0,0,0,0,0,0,0,0,0.0,0,0,0,0,0,0,0,0,0,0,0,0,0,0,0,0,0,0.0,0
6473,0.0571429,0.127273,0,0.0,0.0588235,0.0,0.0,0.0,0,0.375,0,0.0,0.0,0,0.5,0,0,0.0714286,0,0.0,0.0,0,0,0,0,0.0,0,0,0,0,0,0,0,0,0,0,0,0,0,0,0.0,0,0,0,0,0,0,0,0,0,0,0,0,0,0,0,0,0,0.0,0
2519,0.0285714,0.109091,0,0.047619,0.0,0.0,1.0,0.333333,0,0.25,0,0.0,0.0,0,0.333333,0,0,0.142857,0,0.0,0.0,0,0,0,0,0.0,0,0,0,0,0,0,0,0,0,0,0,0,0,0,0.0,0,0,0,0,0,0,0,0,0,0,0,0,0,0,0,0,0,0.0,0
456255,0.342857,0.418182,0,0.333333,0.117647,0.5,0.333333,0.333333,0,0.375,0,0.333333,0.333333,0,0.333333,0,0,0.428571,0,0.0,0.0,0,0,0,0,0.0,0,0,0,0,0,0,0,0,0,0,0,0,0,0,0.0,0,0,0,0,0,0,0,0,0,0,0,0,0,0,0,0,0,0.0,0
2712,0.314286,0.236364,0,0.380952,0.0588235,0.0,0.333333,0.333333,0,0.0,0,0.333333,0.5,0,0.0,0,0,0.285714,0,0.0,0.0,0,1,0,0,0.0,0,0,0,0,0,0,0,0,0,0,0,0,0,0,0.0,0,0,0,0,0,0,0,0,0,0,0,1,1,0,0,0,0,0.0,0
446220,0.314286,0.254545,0,0.428571,0.176471,0.0,0.333333,0.0,0,0.25,0,0.0,0.333333,0,0.166667,0,0,0.357143,0,0.0,0.333333,0,0,0,0,0.333333,0,0,0,0,0,0,0,0,0,0,0,0,0,0,0.0,0,0,0,0,0,0,0,0,0,0,0,0,0,0,0,0,0,0.0,0
5284371,0.342857,0.254545,0,0.333333,0.176471,0.5,0.333333,0.666667,0,0.0,0,0.0,0.333333,0,0.0,0,0,0.428571,0,0.0,0.333333,0,0,0,0,0.333333,0,0,0,0,0,0,0,0,0,0,0,0,0,0,0.0,0,0,0,0,0,0,0,0,0,0,0,0,0,0,0,0,0,0.0,0
5753,0.4,0.309091,0,0.238095,0.411765,0.5,0.0,0.0,0,0.25,0,0.0,0.0,1,0.166667,0,0,0.5,0,0.0,0.0,0,0,0,0,0.0,0,0,0,0,0,0,0,0,0,0,0,0,0,0,0.0,0,0,0,0,0,0,0,0,0,0,0,0,0,0,0,0,0,0.0,0
222786,0.4,0.327273,0,0.190476,0.411765,0.0,0.0,0.0,0,0.375,0,0.0,0.0,1,0.333333,0,0,0.5,0,0.5,0.0,0,0,0,0,0.0,0,0,0,0,0,0,0,0,0,0,0,0,0,0,0.0,0,0,0,0,0,0,0,0,0,0,0,0,0,0,0,0,0,0.0,0
5745,0.428571,0.381818,0,0.190476,0.470588,0.0,0.0,0.0,0,0.5,0,0.0,0.0,0,0.5,0,0,0.5,0,0.5,0.0,0,0,0,0,0.0,0,0,0,0,0,0,0,0,0,0,0,0,0,0,0.0,0,0,0,0,0,0,0,0,0,0,0,0,0,0,0,0,0,0.0,0
5838,0.171429,0.163636,0,0.047619,0.235294,0.0,0.0,0.0,0,0.375,0,0.0,0.0,0,0.5,0,0,0.142857,0,0.0,0.0,0,0,0,0,0.0,0,0,0,0,0,0,0,0,0,0,0,0,0,0,0.0,0,0,0,0,0,0,0,0,0,0,0,0,0,0,0,0,0,0.0,0
597,0.0,0.0,0,0.0952381,0.0,0.0,0.0,0.0,0,0.125,1,0.0,0.0,0,0.166667,0,0,0.0,0,0.0,0.0,0,0,0,0,0.0,0,0,0,0,0,0,0,0,0,0,0,0,0,0,0.333333,0,0,0,0,0,0,0,0,0,0,0,0,0,0,0,0,0,0.0,0
28417,0.4,0.309091,0,0.238095,0.411765,0.0,0.0,0.333333,0,0.0,0,0.0,0.0,0,0.0,0,0,0.571429,0,0.0,0.166667,0,0,0,0,0.333333,0,0,0,0,0,0,0,0,0,0,0,0,0,0,0.0,0,0,0,0,0,0,0,0,0,0,0,0,0,0,0,0,0,0.0,0
6166,0.4,0.290909,0,0.238095,0.470588,0.0,0.0,0.0,0,0.25,0,0.0,0.0,1,0.166667,0,0,0.5,0,0.0,0.0,0,0,0,0,0.0,0,0,0,0,0,0,0,0,0,0,0,0,0,0,0.0,0,0,0,0,0,0,0,0,0,0,0,0,0,0,0,0,0,0.0,0
5952,0.428571,0.345455,0,0.238095,0.529412,0.0,0.0,0.0,0,0.375,0,0.0,0.0,0,0.333333,0,0,0.5,0,0.0,0.0,0,0,0,0,0.0,0,0,0,0,0,0,0,0,0,0,0,0,0,0,0.0,0,0,0,0,0,0,0,0,0,0,0,0,0,0,0,0,0,0.0,0
5743,0.4,0.363636,0,0.238095,0.235294,0.5,0.0,0.0,0,0.25,0,0.0,0.166667,1,0.166667,0,0,0.5,0,0.5,0.0,0,0,0,0,0.0,1,0,0,0,0,0,0,0,0,0,0,0,0,0,0.0,0,0,0,0,0,0,0,0,0,0,0,0,0,0,0,0,0,0.0,0
236702,0.428571,0.418182,0,0.238095,0.294118,0.5,0.0,0.0,0,0.375,0,0.0,0.166667,0,0.333333,0,0,0.5,0,0.5,0.0,0,0,0,0,0.0,1,0,0,0,0,0,0,0,0,0,0,0,0,0,0.0,0,0,0,0,0,0,0,0,0,0,0,0,0,0,0,0,0,0.0,0
3016,0.314286,0.218182,0,0.380952,0.0588235,0.0,0.333333,0.333333,0,0.125,0,0.333333,0.5,0,0.166667,0,0,0.285714,0,0.0,0.0,0,0,0,0,0.0,0,0,0,0,0,0,0,0,0,0,0,0,0,0,0.0,0,0,0,0,0,0,0,0,0,0,0,0,0,0,0,0,0,0.0,0
448537,0.285714,0.218182,0,0.380952,0.0,0.0,0.0,0.333333,0,0.0,0,0.0,0.333333,0,0.0,0,0,0.142857,0,1.0,0.0,0,0,0,0,0.0,0,0,0,0,0,0,0,0,0,0,0,0,0,0,0.0,0,0,0,0,0,0,0,0,0,0,0,0,0,0,0,0,0,0.0,0
223368,0.371429,0.218182,0,0.285714,0.294118,0.0,0.0,0.333333,0,0.125,0,0.0,0.166667,0,0.166667,0,0,0.428571,0,0.5,0.0,0,0,0,0,0.0,0,0,0,0,0,0,0,0,0,0,0,0,0,0,0.0,0,0,0,0,0,0,0,0,0,0,0,0,0,0,0,0,0,0.0,0
223368,0.371429,0.218182,0,0.285714,0.294118,0.0,0.0,0.333333,0,0.125,0,0.0,0.166667,0,0.166667,0,0,0.428571,0,0.5,0.0,0,0,0,0,0.0,0,0,0,0,0,0,0,0,0,0,0,0,0,0,0.0,0,0,0,0,0,0,0,0,0,0,0,0,0,0,0,0,0,0.0,0
223368,0.371429,0.218182,0,0.285714,0.294118,0.0,0.0,0.333333,0,0.125,0,0.0,0.166667,0,0.166667,0,0,0.428571,0,0.5,0.0,0,0,0,0,0.0,0,0,0,0,0,0,0,0,0,0,0,0,0,0,0.0,0,0,0,0,0,0,0,0,0,0,0,0,0,0,0,0,0,0.0,0
223368,0.371429,0.218182,0,0.285714,0.294118,0.0,0.0,0.333333,0,0.125,0,0.0,0.166667,0,0.166667,0,0,0.428571,0,0.5,0.0,0,0,0,0,0.0,0,0,0,0,0,0,0,0,0,0,0,0,0,0,0.0,0,0,0,0,0,0,0,0,0,0,0,0,0,0,0,0,0,0.0,0
9547222,0.371429,0.218182,0,0.285714,0.294118,0.5,0.0,0.333333,0,0.0,0,0.0,0.166667,0,0.0,0,0,0.428571,0,0.5,0.0,0,0,0,0,0.0,0,0,0,0,0,0,0,0,0,0,0,0,0,0,0.0,0,0,0,0,0,0,0,0,0,0,0,0,0,0,0,0,0,0.0,0
3114,0.285714,0.309091,0,0.428571,0.117647,0.0,0.0,0.0,0,0.125,0,0.0,0.5,0,0.0,0,0,0.214286,0,0.0,0.0,0,0,0,0,0.0,0,1,0,0,0,0,0,0,0,0,1,0,0,0,0.333333,0,0,0,0,0,0,0,0,0,0,0,0,0,0,0,0,0,0.0,0
9294,0.114286,0.0727273,0,0.238095,0.0,0.5,0.333333,0.0,0,0.0,0,0.0,0.333333,0,0.0,0,0,0.0714286,0,0.0,0.0,0,0,0,0,0.0,0,0,0,0,0,0,0,0,0,0,0,0,0,0,0.0,0,0,0,0,0,0,0,0,0,0,0,0,0,0,0,0,0,0.0,0
444865,0.371429,0.218182,0,0.285714,0.235294,0.0,0.0,0.666667,0,0.125,0,0.0,0.333333,0,0.166667,0,0,0.428571,0,0.5,0.0,0,0,0,0,0.0,0,0,0,0,0,0,0,0,0,0,0,0,0,0,0.0,0,0,0,0,0,0,0,0,0,0,0,0,0,0,0,0,0,0.0,0
5756,0.371429,0.236364,0,0.285714,0.294118,1.0,0.0,0.333333,0,0.0,0,0.0,0.166667,0,0.0,0,0,0.428571,0,0.5,0.0,0,0,0,0,0.0,0,0,0,0,0,0,0,0,0,0,0,0,0,0,0.0,0,0,0,0,0,0,0,0,0,0,0,0,0,0,0,0,0,0.0,0
5870,0.371429,0.218182,0,0.285714,0.352941,0.0,0.0,0.333333,0,0.125,0,0.0,0.166667,0,0.166667,0,0,0.428571,0,0.5,0.0,0,0,0,0,0.0,0,0,0,0,0,0,0,0,0,0,0,0,0,0,0.0,0,0,0,0,0,0,0,0,0,0,0,0,0,0,0,0,0,0.0,0
14052,0.0,0.109091,0,0.0,0.117647,0.0,0.0,0.0,0,0.0,0,0.0,0.0,0,0.0,0,0,0.0,0,0.0,0.0,0,0,0,0,0.0,0,0,0,0,0,0,0,0,0,0,0,0,0,0,0.0,0,0,0,0,0,0,0,0,0,0,0,0,0,0,0,0,0,0.0,0
8434,0.0857143,0.0727273,0,0.190476,0.0,0.0,0.0,0.0,0,0.125,0,0.0,0.166667,0,0.166667,0,0,0.0714286,0,0.5,0.166667,1,0,0,0,0.0,0,0,0,0,0,0,0,0,0,0,0,0,0,0,0.0,0,0,0,0,0,0,0,0,0,0,0,0,0,0,0,0,0,0.0,0
3335,0.314286,0.2,0,0.428571,0.0588235,0.0,0.0,0.0,0,0.25,0,0.0,0.5,0,0.166667,0,0,0.214286,0,0.0,0.0,0,0,0,0,0.0,0,0,0,0,0,0,0,0,0,0,0,0,0,0,0.0,0,0,0,0,0,0,0,0,0,0,0,0,0,0,0,0,0,0.0,0
65394,0.257143,0.2,0,0.333333,0.0,0.0,0.0,0.333333,0,0.125,0,0.0,0.333333,0,0.0,0,0,0.214286,0,0.0,0.333333,0,0,0,0,0.333333,0,0,0,0,0,0,0,0,0,0,0,0,0,0,0.0,0,0,0,0,0,0,0,0,0,0,0,0,0,0,0,0,0,0.0,0
3365,0.257143,0.254545,0,0.333333,0.117647,0.0,0.0,0.333333,0,0.0,0,0.0,0.166667,0,0.0,0,0,0.285714,0,0.5,0.0,0,0,0,0,0.0,0,0,0,0,0,0,0,0,0,0,0,0,0,0,0.0,0,0,0,0,0,0,0,0,0,0,0,0,0,0,0,0,0,0.0,0
5568,0.314286,0.290909,1,0.333333,0.117647,0.0,0.666667,0.333333,0,0.0,0,0.0,0.333333,0,0.0,1,0,0.357143,0,0.0,0.0,0,0,0,0,0.0,0,0,0,0,0,0,0,0,0,0,0,0,0,0,0.0,0,0,0,0,0,0,0,0,0,0,0,0,0,0,0,0,0,0.0,0
5568,0.314286,0.290909,1,0.333333,0.117647,0.0,0.666667,0.333333,0,0.0,0,0.0,0.333333,0,0.0,1,0,0.357143,0,0.0,0.0,0,0,0,0,0.0,0,0,0,0,0,0,0,0,0,0,0,0,0,0,0.0,0,0,0,0,0,0,0,0,0,0,0,0,0,0,0,0,0,0.0,0
5568,0.314286,0.290909,1,0.333333,0.117647,0.0,0.666667,0.333333,0,0.0,0,0.0,0.333333,0,0.0,1,0,0.357143,0,0.0,0.0,0,0,0,0,0.0,0,0,0,0,0,0,0,0,0,0,0,0,0,0,0.0,0,0,0,0,0,0,0,0,0,0,0,0,0,0,0,0,0,0.0,0
5568,0.314286,0.290909,1,0.333333,0.117647,0.0,0.666667,0.333333,0,0.0,0,0.0,0.333333,0,0.0,1,0,0.357143,0,0.0,0.0,0,0,0,0,0.0,0,0,0,0,0,0,0,0,0,0,0,0,0,0,0.0,0,0,0,0,0,0,0,0,0,0,0,0,0,0,0,0,0,0.0,0
135398634,0.0285714,0.0545455,0,0.047619,0.0,0.0,0.0,0.333333,0,0.125,1,0.333333,0.0,0,0.166667,0,0,0.142857,0,0.0,0.0,0,0,0,0,0.0,0,0,0,0,0,0,0,0,0,0,0,0,0,0,0.333333,0,0,0,0,0,0,0,0,0,0,0,0,0,0,0,0,0,0.0,0
10518,0.2,0.181818,0,0.047619,0.294118,0.0,0.0,0.0,0,0.375,0,0.0,0.0,0,0.5,0,0,0.142857,0,0.0,0.0,0,0,0,0,0.0,0,0,0,0,0,0,0,0,0,0,0,0,0,0,0.0,0,0,0,0,0,0,0,0,0,0,0,0,0,0,0,0,0,0.0,0
8942,0.114286,0.163636,0,0.0,0.176471,0.0,0.0,0.0,0,0.375,0,0.0,0.0,0,0.5,0,0,0.0714286,0,0.0,0.0,0,0,0,0,0.0,0,0,0,0,0,0,0,0,0,0,0,0,0,0,0.0,0,0,0,0,0,0,0,0,0,0,0,0,0,0,0,0,0,0.0,0
5744,0.428571,0.381818,0,0.190476,0.470588,0.5,0.0,0.0,0,0.375,0,0.0,0.0,0,0.333333,0,0,0.5,0,0.5,0.0,0,0,0,0,0.0,0,0,0,0,0,0,0,0,0,0,0,0,0,0,0.0,0,0,0,0,0,0,0,0,0,0,0,0,0,0,0,0,0,0.0,0
135398638,0.0285714,0.0363636,0,0.0952381,0.0,0.0,0.0,0.333333,0,0.125,0,0.0,0.0,0,0.166667,0,0,0.142857,0,0.0,0.0,0,0,0,0,0.0,0,0,0,0,0,0,0,0,0,0,0,0,0,0,0.0,0,0,0,0,0,0,0,0,0,0,0,0,0,0,0,0,0,0.0,0
3718,0.314286,0.236364,0,0.380952,0.0588235,0.0,0.0,0.0,0,0.25,0,0.0,0.333333,0,0.166667,0,0,0.357143,0,0.0,0.0,0,0,0,0,0.0,0,0,0,0,0,0,0,0,0,0,0,0,0,0,0.0,0,0,0,0,0,0,0,0,0,0,1,0,0,0,0,0,0,0.0,0
76900,0.0285714,0.0545455,0,0.047619,0.0,0.0,0.0,0.333333,0,0.125,1,0.333333,0.0,0,0.166667,0,0,0.142857,0,0.0,0.0,0,0,0,0,0.0,0,0,0,0,0,0,0,0,0,0,0,0,0,0,0.333333,0,0,0,0,0,0,0,0,0,0,0,0,0,0,0,0,0,0.0,0
3676,0.114286,0.163636,0,0.142857,0.0588235,0.0,0.0,0.333333,0,0.125,0,0.0,0.166667,0,0.166667,0,0,0.0714286,0,0.0,0.0,0,0,0,0,0.0,0,0,0,0,0,0,0,0,0,0,0,0,0,0,0.0,0,0,0,0,0,0,0,0,0,0,0,0,0,0,0,0,0,0.0,0
3958,0.314286,0.236364,0,0.333333,0.0,0.5,0.0,0.333333,0,0.125,0,0.333333,0.333333,0,0.166667,0,0,0.285714,0,0.0,0.0,0,0,0,0,0.0,0,0,0,0,0,0,0,0,0,0,0,0,0,0,0.0,0,0,0,0,0,0,0,0,0,0,0,0,0,0,0,0,0,0.0,0
6251,0.0,0.0727273,0,0.0,0.0,1.0,0.0,0.0,0,0.0,0,0.0,0.0,0,0.0,0,0,0.0,0,0.0,0.0,0,0,0,0,0.0,0,0,0,0,0,0,0,0,0,0,0,0,0,0,0.0,0,0,0,0,0,0,0,0,0,0,0,0,0,0,0,0,0,0.0,0
6010,0.371429,0.254545,0,0.190476,0.470588,0.0,0.0,0.0,0,0.125,0,0.0,0.0,0,0.166667,0,0,0.428571,0,0.0,0.0,0,0,0,0,0.0,0,0,0,0,0,0,0,0,0,0,0,0,0,0,0.0,0,0,0,0,0,0,0,0,0,0,0,0,0,0,0,0,0,0.0,0
5288826,0.342857,0.236364,0,0.333333,0.176471,0.5,0.333333,0.666667,0,0.0,0,0.0,0.333333,0,0.0,0,0,0.428571,0,0.5,0.333333,0,0,0,0,0.333333,0,0,0,0,0,0,0,0,0,0,0,0,0,0,0.0,0,0,0,0,0,0,0,0,0,0,0,0,0,0,0,0,0,0.0,0
4463,0.285714,0.218182,0,0.285714,0.117647,0.0,0.0,0.666667,0,0.125,0,0.333333,0.333333,0,0.166667,0,0,0.428571,0,0.0,0.0,0,0,0,0,0.0,0,0,0,0,0,0,0,0,0,0,0,0,0,0,0.0,0,0,0,0,0,0,0,0,0,0,0,0,0,0,0,0,0,0.0,0
967,0.0,0.0545455,0,0.047619,0.0,0.0,0.0,0.0,0,0.375,0,0.0,0.0,0,0.333333,0,0,0.0,0,0.0,0.0,0,0,0,0,0.0,0,0,0,0,0,0,0,0,0,0,0,0,0,0,0.0,0,0,0,0,0,0,0,0,0,0,0,0,0,0,0,0,0,0.0,0
4616,0.314286,0.218182,0,0.380952,0.0,0.5,0.0,0.333333,0,0.125,0,0.333333,0.5,0,0.166667,0,0,0.285714,0,0.0,0.0,0,0,0,0,0.0,0,0,0,0,0,0,0,0,0,0,0,0,0,0,0.0,0,0,0,0,0,0,0,0,0,0,0,0,0,0,0,0,0,0.0,0
1983,0.0571429,0.0545455,0,0.190476,0.0,0.0,0.0,0.0,0,0.125,0,0.0,0.166667,0,0.0,0,0,0.0714286,0,0.5,0.0,0,0,0,0,0.0,0,0,0,0,0,0,0,0,0,0,0,0,0,0,0.0,0,0,0,0,0,0,0,0,0,0,0,0,0,0,0,0,0,0.0,0
441278,0.285714,0.236364,0,0.190476,0.235294,0.0,0.0,0.333333,0,0.0,0,0.0,0.166667,0,0.0,0,0,0.357143,0,0.5,0.0,0,0,0,0,0.0,1,0,0,0,0,0,0,0,0,0,0,0,0,0,0.0,0,1,0,0,0,0,0,0,0,0,0,0,0,0,0,0,0,0.0,0
4748,0.457143,0.345455,0,0.333333,0.411765,0.0,0.0,0.333333,0,0.0,0,0.0,0.333333,0,0.0,0,0,0.5,0,0.0,0.0,0,0,0,0,0.0,0,0,0,0,0,0,0,0,0,0,0,0,0,0,0.0,0,0,0,0,0,0,0,0,0,0,0,0,0,0,0,0,0,0.0,0
4754,0.0571429,0.0909091,0,0.190476,0.0,0.0,0.0,0.0,0,0.125,0,0.0,0.166667,0,0.0,0,0,0.142857,0,0.0,0.166667,1,0,0,0,0.0,0,0,0,0,0,0,0,0,0,0,0,0,0,0,0.0,0,0,0,0,0,0,0,0,0,0,0,0,0,0,0,0,0,0.0,0
4763,0.171429,0.163636,0,0.238095,0.0,0.0,0.0,0.0,0,0.375,0,0.0,0.333333,0,0.5,0,0,0.142857,0,0.0,0.0,0,0,0,0,0.0,0,0,0,0,0,0,0,0,0,0,0,0,0,0,0.0,0,0,0,0,0,0,0,0,0,0,0,0,0,0,0,0,0,0.0,0
4764,0.457143,0.290909,0,0.571429,0.0,0.0,0.0,0.0,0,0.125,0,0.0,0.5,0,0.166667,0,0,0.285714,0,1.0,0.166667,0,0,0,0,0.333333,0,0,0,0,0,0,0,0,0,0,0,0,0,0,0.0,0,0,0,0,0,0,0,0,0,0,0,0,0,0,0,0,0,0.0,0
1775,0.314286,0.2,0,0.47619,0.0,0.0,0.0,0.0,0,0.25,0,0.0,0.666667,0,0.333333,0,0,0.142857,0,0.0,0.0,0,0,0,0,0.0,0,0,0,0,0,0,0,0,0,0,0,0,0,0,0.0,0,0,0,0,0,0,0,0,0,0,0,0,0,0,0,0,0,0.0,0
5881,0.371429,0.236364,0,0.190476,0.470588,0.5,0.0,0.0,0,0.125,0,0.0,0.0,0,0.166667,0,0,0.428571,0,0.0,0.0,0,0,0,0,0.0,0,0,0,0,0,0,0,0,0,0,0,0,0,0,0.0,0,0,0,0,0,0,0,0,0,0,0,0,0,0,0,0,0,0.0,0
14709,0.371429,0.290909,0,0.238095,0.470588,0.0,0.0,0.0,0,0.25,0,0.0,0.0,0,0.166667,0,0,0.5,0,0.0,0.166667,0,0,0,0,0.0,0,0,0,0,0,0,0,0,0,0,0,0,0,0,0.0,0,0,0,0,0,0,0,0,0,0,0,0,0,0,0,0,0,0.0,0
5834,0.428571,0.381818,0,0.285714,0.352941,0.5,0.0,0.0,0,0.375,0,0.0,0.166667,0,0.333333,0,0,0.5,0,0.5,0.0,0,0,0,0,0.0,0,0,0,0,0,0,0,0,0,0,0,0,0,0,0.0,0,0,0,0,0,0,0,0,0,0,0,0,0,0,0,0,0,0.0,0
5755,0.4,0.327273,0,0.285714,0.294118,0.5,0.0,0.0,0,0.25,0,0.0,0.166667,1,0.166667,0,0,0.5,0,0.5,0.0,0,0,0,0,0.0,0,0,0,0,0,0,0,0,0,0,0,0,0,0,0.0,0,0,0,0,0,0,0,0,0,0,0,0,0,0,0,0,0,0.0,0
5865,0.4,0.327273,0,0.285714,0.294118,0.0,0.0,0.0,0,0.375,0,0.0,0.166667,1,0.333333,0,0,0.5,0,0.5,0.0,0,0,0,0,0.0,0,0,0,0,0,0,0,0,0,0,0,0,0,0,0.0,0,0,0,0,0,0,0,0,0,0,0,0,0,0,0,0,0,0.0,0
4914,0.142857,0.163636,0,0.190476,0.117647,0.0,0.0,0.0,0,0.125,1,0.0,0.166667,0,0.166667,0,0,0.0714286,0,0.0,0.166667,0,0,0,0,0.333333,0,0,0,0,0,0,0,0,0,0,0,0,0,0,0.333333,0,0,0,0,0,0,0,0,0,0,0,0,0,0,0,0,0,0.0,0
4917,0.428571,0.309091,0,0.333333,0.411765,0.0,0.333333,0.333333,0,0.0,0,0.0,0.333333,0,0.0,0,0,0.428571,0,0.0,0.0,0,0,0,0,0.0,0,0,0,0,0,0,0,0,0,0,0,0,0,0,0.0,0,0,0,0,0,0,0,0,0,0,0,0,0,0,0,0,0,0.0,0
5994,0.371429,0.272727,0,0.190476,0.470588,0.0,0.0,0.0,0,0.25,0,0.0,0.0,0,0.166667,0,0,0.428571,0,0.0,0.0,0,0,0,0,0.0,0,0,0,1,0,0,0,0,0,0,0,0,0,0,0.0,0,0,0,0,0,0,0,0,0,0,0,0,0,0,0,0,0,0.0,0
4926,0.314286,0.218182,1,0.380952,0.117647,0.0,0.666667,0.0,0,0.0,0,0.0,0.333333,0,0.0,0,0,0.357143,0,0.0,0.0,0,0,0,0,0.0,0,0,0,0,0,0,0,0,0,0,0,0,0,0,0.0,0,0,0,0,0,0,0,0,0,0,0,0,0,0,0,0,0,0.0,0
6145931,0.4,0.363636,0,0.428571,0.352941,0.0,0.0,0.0,0,0.375,0,0.0,0.5,0,0.166667,0,0,0.214286,0,0.0,0.166667,0,0,0,0,0.0,0,0,0,0,0,0,0,0,0,0,0,0,0,0,0.0,0,0,0,0,0,0,0,0,0,0,0,0,0,0,0,0,0,0.0,0
1043,0.0571429,0.0363636,0,0.190476,0.0,0.0,0.0,0.0,0,0.0,0,0.666667,0.166667,0,0.0,0,0,0.142857,0,0.0,0.0,0,0,0,0,0.0,0,0,0,0,0,0,0,0,0,0,0,0,0,0,0.0,0,0,0,0,0,0,0,0,0,0,0,0,0,0,0,0,0,0.0,0
14712407,0.0571429,0.0545455,0,0.142857,0.0,0.0,0.0,0.0,1,0.0,0,0.666667,0.166667,0,0.0,0,0,0.142857,0,0.0,0.0,0,0,0,0,0.0,0,0,0,0,0,0,0,0,0,0,0,0,0,0,0.0,0,0,0,0,0,0,0,0,0,0,0,0,0,0,0,0,0,0.0,0
23422242,0.0571429,0.0545455,0,0.142857,0.0,0.0,0.0,0.0,1,0.0,0,0.666667,0.166667,0,0.0,0,0,0.142857,0,0.0,0.0,0,0,0,0,0.0,0,0,0,0,0,0,0,0,0,0,0,0,0,0,0.0,0,0,0,0,0,0,0,0,0,0,0,0,0,0,0,0,0,0.0,0
12932793,0.0571429,0.0545455,0,0.142857,0.0,0.0,0.0,0.0,1,0.0,0,0.333333,0.0,0,0.0,0,0,0.142857,0,0.0,0.0,0,0,0,0,0.0,0,0,0,0,0,0,0,0,0,0,0,0,0,0,0.0,0,0,0,0,0,0,0,0,0,0,0,0,0,0,0,0,0,0.0,0
441074,0.371429,0.290909,0,0.333333,0.235294,0.5,0.0,0.333333,0,0.0,0,0.333333,0.333333,0,0.0,0,0,0.428571,0,0.0,0.0,0,0,0,0,0.0,0,0,0,0,0,0,0,0,0,0,0,0,0,0,0.0,0,0,0,0,0,0,0,0,0,0,0,0,0,0,0,0,0,0.0,0
19254,0.228571,0.2,0,0.142857,0.235294,0.0,0.0,0.0,0,0.375,0,0.0,0.0,0,0.5,0,0,0.285714,0,0.0,0.0,0,0,0,0,0.0,0,0,0,0,0,0,0,0,0,0,0,0,0,0,0.0,0,0,0,0,0,0,0,0,0,0,0,0,0,0,0,0,0,0.0,0
338,0.0571429,0.0363636,0,0.190476,0.0,0.0,0.0,0.0,0,0.125,0,0.0,0.166667,0,0.0,0,0,0.0,0,0.5,0.0,0,0,0,0,0.0,0,0,0,0,0,0,0,0,0,0,0,0,0,0,0.0,0,0,0,0,0,0,0,0,0,0,0,0,0,0,0,0,0,0.0,0
5193,0.0857143,0.163636,0,0.0,0.0,0.0,0.0,0.0,0,0.375,0,0.0,0.0,0,0.5,0,0,0.0,0,0.0,0.0,0,0,0,0,0.0,1,0,1,0,0,0,0,0,0,0,0,0,0,0,0.0,0,0,0,0,0,0,0,0,0,0,0,0,0,0,0,0,0,0.0,0
10635,0.371429,0.236364,0,0.190476,0.529412,0.5,0.0,0.0,0,0.125,0,0.0,0.0,0,0.166667,0,0,0.428571,0,0.0,0.0,0,0,0,0,0.0,0,0,0,0,0,0,0,0,0,0,0,0,0,0,0.0,0,0,0,0,0,0,0,0,0,0,0,0,0,0,0,0,0,0.0,0
11809740,0.371429,0.290909,0,0.238095,0.529412,0.0,0.0,0.0,0,0.25,0,0.0,0.0,0,0.166667,0,0,0.5,0,0.0,0.166667,0,0,0,0,0.0,0,0,0,0,0,0,0,0,0,0,0,0,0,0,0.0,0,0,0,0,0,0,0,0,0,0,0,0,0,0,0,0,0,0.0,0
1548887,0.371429,0.309091,0,0.380952,0.0,0.0,0.0,0.666667,0,0.125,0,0.0,0.333333,0,0.0,0,0,0.357143,0,0.0,0.0,0,0,0,0,0.0,0,0,0,0,0,0,0,0,0,0,0,0,0,0,0.0,0,0,0,0,0,0,0,0,0,0,0,0,0,0,0,0,0,0.0,0
8275,0.0571429,0.145455,0,0.0,0.0,0.0,0.0,0.0,0,0.375,0,0.0,0.0,0,0.5,0,0,0.0,0,0.0,0.0,0,0,0,0,0.0,0,0,1,0,1,0,0,0,0,0,0,0,0,0,0.0,0,0,0,0,0,0,0,0,0,0,0,0,0,0,0,0,0,0.0,0
92145,0.371429,0.290909,0,0.238095,0.470588,0.0,0.0,0.0,0,0.25,0,0.0,0.0,0,0.166667,0,0,0.5,0,0.0,0.166667,0,0,0,0,0.0,0,0,0,0,0,0,0,0,0,0,0,0,0,0,0.0,0,0,0,0,0,0,0,0,0,0,0,0,0,0,0,0,0,0.0,0
5429,0.0285714,0.0909091,0,0.047619,0.0,0.0,0.666667,0.333333,0,0.25,0,0.0,0.0,0,0.333333,0,0,0.142857,0,0.0,0.0,0,0,0,0,0.0,0,0,0,0,0,0,0,0,0,0,0,0,0,0,0.0,0,0,0,0,0,0,0,0,0,0,0,0,0,0,0,0,0,0.0,0
6762,0.485714,0.4,0,0.333333,0.529412,0.0,0.0,0.333333,0,0.125,0,0.0,0.333333,0,0.0,0,0,0.5,0,0.0,0.0,0,0,0,0,0.0,0,0,0,0,0,0,0,0,0,0,0,0,0,0,0.0,0,0,0,0,0,0,0,0,0,0,0,0,0,0,0,0,0,0.0,0
5452,0.428571,0.309091,0,0.380952,0.352941,0.0,0.333333,0.333333,1,0.0,0,0.0,0.333333,0,0.0,0,0,0.428571,0,0.0,0.0,0,0,0,0,0.0,0,0,0,0,0,0,0,0,0,0,0,0,0,0,0.0,0,0,0,0,0,0,0,0,0,0,0,0,0,0,0,1,1,0.0,0
1135,0.0,0.0181818,0,0.047619,0.0,0.0,0.0,0.0,0,0.25,0,0.0,0.0,0,0.333333,0,0,0.0,0,0.0,0.0,0,0,0,0,0.0,0,0,0,0,0,0,0,0,0,0,0,0,0,0,0.0,0,0,0,0,0,0,0,0,0,0,0,0,0,0,0,0,0,0.0,0
31307,0.4,0.363636,0,0.238095,0.235294,1.0,0.0,0.0,0,0.25,0,0.0,0.166667,1,0.166667,0,0,0.5,0,0.5,0.0,0,0,0,0,0.0,0,0,0,0,0,0,0,0,0,0,0,0,0,0,0.0,0,0,0,0,0,0,0,0,0,0,0,0,0,0,0,0,0,0.0,0
6436,0.428571,0.418182,0,0.285714,0.235294,0.5,0.0,0.0,0,0.25,0,0.0,0.166667,1,0.166667,0,0,0.5,0,0.0,0.166667,0,0,0,0,0.666667,0,0,0,0,0,0,0,0,0,0,0,0,0,0,0.0,0,0,0,0,0,0,0,0,0,0,0,0,0,0,0,0,0,0.0,0
6436,0.428571,0.418182,0,0.285714,0.235294,0.5,0.0,0.0,0,0.25,0,0.0,0.166667,1,0.166667,0,0,0.5,0,0.0,0.166667,0,0,0,0,0.666667,0,0,0,0,0,0,0,0,0,0,0,0,0,0,0.0,0,0,0,0,0,0,0,0,0,0,0,0,0,0,0,0,0,0.0,0
6436,0.428571,0.418182,0,0.285714,0.235294,0.5,0.0,0.0,0,0.25,0,0.0,0.166667,1,0.166667,0,0,0.5,0,0.0,0.166667,0,0,0,0,0.666667,0,0,0,0,0,0,0,0,0,0,0,0,0,0,0.0,0,0,0,0,0,0,0,0,0,0,0,0,0,0,0,0,0,0.0,0
6436,0.428571,0.418182,0,0.285714,0.235294,0.5,0.0,0.0,0,0.25,0,0.0,0.166667,1,0.166667,0,0,0.5,0,0.0,0.166667,0,0,0,0,0.666667,0,0,0,0,0,0,0,0,0,0,0,0,0,0,0.0,0,0,0,0,0,0,0,0,0,0,0,0,0,0,0,0,0,0.0,0
5566,0.428571,0.363636,0,0.333333,0.411765,0.0,0.333333,0.333333,0,0.0,0,0.0,0.333333,0,0.0,1,0,0.428571,0,0.0,0.0,0,0,0,0,0.0,0,0,0,0,0,0,0,0,0,0,0,0,0,0,0.0,0,0,0,0,0,0,0,0,0,0,0,0,0,0,0,0,0,0.0,0
37264,0.285714,0.418182,0,0.047619,0.235294,0.0,0.0,0.666667,0,0.125,1,0.666667,0.0,0,0.166667,0,0,0.357143,0,0.0,0.166667,0,0,0,0,0.333333,0,0,0,0,0,0,1,0,0,0,0,0,0,0,0.333333,0,0,0,0,0,0,0,0,0,0,0,0,0,0,0,0,0,0.0,0
1174,0.0,0.0,0,0.0952381,0.0,0.0,0.0,0.0,0,0.25,0,0.0,0.166667,0,0.333333,0,0,0.0,0,0.0,0.0,0,0,0,0,0.0,0,0,0,0,0,0,0,0,0,0,0,0,0,0,0.0,0,0,0,0,0,0,0,0,0,0,0,0,0,0,0,0,0,0.0,0
1175,0.0285714,0.0727273,0,0.0,0.0,0.0,0.0,0.333333,0,0.375,0,0.0,0.0,0,0.5,0,0,0.142857,0,0.0,0.0,0,0,0,0,0.0,0,0,0,0,0,0,0,0,0,0,0,0,0,0,0.0,0,0,0,0,0,0,0,0,0,0,0,0,0,0,0,0,0,0.0,0
5284636,0.0571429,0.145455,0,0.0,0.0,0.0,0.0,0.0,0,0.375,0,0.0,0.0,0,0.5,0,0,0.0714286,0,0.0,0.0,0,0,0,0,0.0,0,0,0,0,0,0,0,0,0,0,0,0,0,0,0.0,0,0,0,0,0,0,0,0,0,0,0,0,0,0,0,0,0,0.0,0
1188,0.0285714,0.0545455,0,0.047619,0.0,0.0,0.0,0.333333,0,0.25,0,0.0,0.0,0,0.333333,0,0,0.142857,0,0.0,0.0,0,0,0,0,0.0,0,0,0,0,0,0,0,0,0,0,0,0,0,0,0.0,0,0,0,0,0,0,0,0,0,0,0,0,0,0,0,0,0,0.0,0
