﻿No,name,SMILES
1,PE,*CC*
2,PP,*CC(C)*
3,PBc,*CC/C=C\*
4,PBt,*CC/C=C/*
5,PI,*CC/C=C(/C)\*
6,PS,*CC(c1ccccc1)*
7,PIB,*CC(C)(C)*
8,PMA,*C(C(=O)OC)C*
9,PEA,CCOC(=O)C(C*)*
10,PPA,CCCOC(=O)C(C*)*
11,PMMA,*C(C(=O)OC)(C*)C
12,PVC,*CC(Cl)*
13,Nylon6,*CCCCCC(=O)N*
14,Nylon66,*CCCCCCNC(=O)CCCCC(=O)N*
15,PC,*Oc1ccc(cc1C)C(c1ccc(c(c1)C)OC(=O)*)(C)C
16,PET,*CCOC(=O)c1ccc(cc1)C(=O)O*
17,Poly(pentafluorophenyl_acrylate),O(C(C(*)C(*))=O)C1=C(F)C(F)=C(F)C(F)=C1F
18,Polyphthalamide,*CCCCCCNC(=O)c1cccc(c1)C(=O)N*
19,Polyethylene_terephthalate,O=C(O*)c1ccc(C(=O)OCCO*)cc1
20,Polyvinylidene_chloride,C(*)(C(*))(Cl)Cl
21,PolyAMPS,*CC(C(=O)NC(C)(C)CS(=O)(=O)O)*
22,Polybutylene,C(C(*)C(*))C
23,Polystyrene,C(*)(C(*))C1=CC=CC=C1
24,Polychlorotrifluoroethylene,C(*)(C(*)(F)F)(Cl)F
25,Poly-gamma-glutamate,C(CCC(*)=O)(C(O)=O)N*
26,Polyacetylene,C(*)=C(*)
27,Polyoxetane,*OCCC*
28,Polypropylene,C(C)(*)C(*)
29,Polyethylene_naphthalate,*OC(=O)C1C=C2C=CC(C(=O)OCC*)=CC2=CC1
30,Poly(4-vinylphenol),C(*)(C(*))C1=CC=C(O)C=C1
31,Poly(N-isopropylacrylamide),C(NC(C)C)(C(*)C(*))=O
32,Polyphenylsulfone,*OC1=CC=C(C2=CC=C(OC3=CC=C(S(=O)(=O)C4=CC=C(*)C=C4)C=C3)C=C2)C=C1
33,Polymethylpentene,C(C(C)C)C(*)C(*)
34,Polyfluorene,*C1=CC2=C(C=C1)C3=CC=C(*)C=C3C2
35,Poly(hexamethylene_carbonate),*C(=O)OCCCCCCO*
36,Polyvinylidene_fluoride,FC(F)(*)C*
37,Polyvinyl_ether,*C(OC)C*
38,Polybutylene_terephthalate,*C(=O)C1=CC=C(C=C1)C(=O)OCCCCO*
39,Poly(ethyl_acrylate),C(OCC)(C(*)C*)=O
40,Polycaprolactone,O=C(O*)CCCCC*
41,Polyethylene_glycol,*OCC*
42,Poly(ethyl_methacrylate),CCOC(=O)C(C)(*)C*
43,Polyetherketoneketone,*C1=CC=C(C=C1)C(=O)C2=CC=C(C=C2)C(=O)C3=CC=C(C=C3)O*
44,Poly(trimethylene_carbonate),*OCCCOC(*)=O
45,Polyvinyl_butyral,*C1OC(CCC)OC(C*)C1
46,Polyether_ether_ketone,*OC1=CC=C(C=C1)C(=O)C2=CC=C(C=C2)OC3=CC=C(*)C=C3
47,Polyvinyl_toluene,*C(C1=CC=C(C)C=C1)C*
48,Polyhydroxybutyrate,*OC(C)CC(=O)*
49,Polyacrylic_acid,O=C(O)C(*)C*
50,Polyvinyl_acetate,O(C(C)=O)C(*)C*
51,Polyphenylene_sulfide,*C1=CC=C(S*)C=C1
52,Polybutylene_succinate,*C(=O)CCC(=O)OCCCCO*
53,Polyhydroxyalkanoates,*OC(C)CC(=O)*
54,Polybenzoxazine,*C1=CC=CC(=C1O)CN(C2=CC=CC=C2)C*
55,Polyvinyl_fluoride,FC(*)C*
56,Poly(methyl_acrylate),C(C(*)C*)(OC)=O
57,Polypropylene_carbonate,*CC(C)OC(=O)O*
58,Polyethylene,*CC*
59,Polyhydroxyethylmethacrylate,C(C(C)(C*)*)(OCCO)=O
60,Polyfuran,O1C(*)=CC=C(*)1
61,Polycyclohexylenedimethylene_terephthalate,*C(=O)C1=CC=C(C(=O)OCC2CCC(CO*)CC2)C=C1
62,Poly(methyl_methacrylate),C(C(C)(*)C*)(OC)=O
63,Polyglutamic_acid,*NC(C(=O)O)CCC(=O)*
64,Poly(hydridocarbyne),*C*
65,Polyacrylonitrile,*CC(C#N)*
66,Polyhexamethylene_guanidine,*NC(=N)NCCCCCC*
67,Polylactic_acid,*C(C)C(=O)O*
68,Poly(p-phenylene_vinylene),*C1=CC=C(C=C*)C=C1
69,Polyoxymethylene,*CO*
70,Polytetrahydrofuran,*OCCCC*
71,Polyethylene_furan-2_5-dicarboxylate,*OC(=O)C1=CC=C(C(=O)OCC*)O1
72,Polyvinyl_alcohol,*CC(O)*
73,Poly(p-phenylene_oxide),*C1=CC(C)=C(O*)C(C)=C1
74,Poly(3_4-ethylenedioxythiophene),*C1=C2OCCOC2=C(S1)C3=C4OCCOC4=C(*)S3
75,Polytetrafluoroethylene,FC(F)(*)C(F)(F)*
76,Polypropylene_glycol,*OC(C)C*
77,Polyvinylcarbazole,C(*)(C*)N1C=2C(C=3C1=CC=CC3)=CC=CC2
78,Polytrimethylene_terephthalate,C(O*)(=O)C1=CC=C(C(OCCC*)=O)C=C1
79,Polyglycolide,*OCC(=O)*
80,Polyacrylamide,*CC(C(=O)N)*
81,Poly(butyl_acrylate),*CC(*)C(=O)OCCCC
82,Polyisobutene,*CC(*)(C)C
83,Polyaspartic_acid,*C(C(=O)O)CC(=O)N*
84,Poly(N-vinylacetamide),*CC(NC(=O)C)*
85,Poly(2_6-diphenylphenylene_oxide),*C1=CC(C2=CC=CC=C2)=C(O*)C(C3=CC=CC=C3)=C1
86,Polybutadiene,*CC=CC*
87,Polypyrrole,*c1ccc([nH]1)*
88,Polyetherimide,*c1ccc(cc1)Oc1ccc(cc1)Oc1ccc(cc1)N1C(=O)c2c(C1=O)cc(cc2)Oc1ccc(cc1)Oc1ccc2c(c1)C(=O)N(C2=O)*
89,Polyurethane,*CCOC(=O)Nc1ccc(cc1)Cc1ccc(cc1)NC(=O)O*
90,Polyvinyl_chloride,*CC(*)Cl
91,Polyglucan,*OC1C(CO)OC(C(C1O)O)*
92,Polyphenyl_ether,*Oc1ccc(cc1)Sc1ccc(cc1)*
93,Poly(ethylene_succinate),*CCOC(=O)CCC(=O)O*
94,Polyvinylpyrrolidone,*CC(N1CCCC1=O)*
95,Polydioxanone,*CCOCC(=O)O*
96,Polythiophene,*C1C=CC(S1)*
97,Poly(methacrylic_acid),*C(C(=O)O)(C*)C
98,Polystyrene_sulfonate,C(*)C(*)C1=CC=C(C=C1)S(=O)(=O)O
,,