,polymer,name,monomer,SP_Fedors,SP_Krevelen,Volume,J-OCTA:BiceranoQSPR
1,ポリエチレン,PE,monoPE,17.5297,16.7962,32.1602,
2,ポリプロピレン,PP,monoPP,18,17,49.0371,
3,ポリイソプレン(cis),PI,monoPI,16.8932,17.1924,76.6121,
4,ポリスチレン,PS,monoPS,20.1047,19.5154,96.9751,
5,ポリプロピルアクリレート,PPA,monoPPA,20.0492,17.645,103.3925,
6,ナイロン6,Nylon6,monoNylon6,23.9099,25.1357,104.9585,
7,ナイロン66,Nylon66,monoNylon66,23.9099,25.1357,209.9171,
8,ポリカーボネート,PC,monoPC,20.731,19.3089,216.533,
9,ポリエチレンテレフタレート,PET,monoPET,22.5337,19.7705,145.9068,
10,Poly(pentafluorophenyl_acrylate),Poly(pentafluorophenyl_acrylate),,21.4462,18.4522,,
11,Polyphthalamide,Polyphthalamide,,24.6833,25.853,,
12,Polyethylene_terephthalate,Polyethylene_terephthalate,,22.8148,20.1152,,
13,Polyvinylidene_chloride,Polyvinylidene_chloride,,22.7817,20.9762,,
14,PolyAMPS,PolyAMPS,,25.8691,26.3514,,
15,Polybutylene,Polybutylene,,17.0574,16.3437,,
16,Polychlorotrifluoroethylene,Polychlorotrifluoroethylene,,20.7337,16.8419,,
17,Poly-gamma-glutamate,Poly-gamma-glutamate,,28.2446,29.6512,,
18,Polyacetylene,Polyacetylene,,17.2199,18.5173,,
19,Polyoxetane,Polyoxetane,,18.0503,18.472,,
20,Polypropylene,Polypropylene,,16.7602,16.0589,,
21,Polyethylene_naphthalate,Polyethylene_naphthalate,,22.1126,19.8363,,
22,Poly(4-vinylphenol),Poly(4-vinylphenol),,25.0073,26.2463,,
23,Poly(N-isopropylacrylamide),Poly(N-isopropylacrylamide),,23.2341,24.4304,,
24,Polyphenylsulfone,Polyphenylsulfone,,23.0635,22.7212,,
25,Polymethylpentene,Polymethylpentene,,16.7602,16.0589,,
26,Polyfluorene,Polyfluorene,,21.752,21.2995,,
27,Poly(hexamethylene_carbonate),Poly(hexamethylene_carbonate),,20.1495,18.1032,,
28,Polyvinylidene_fluoride,Polyvinylidene_fluoride,,17.7523,14.1476,,
29,Polyvinyl_ether,Polyvinyl_ether,,17.6706,18.3457,,
30,Polybutylene_terephthalate,Polybutylene_terephthalate,,21.7155,19.2673,,
31,Poly(ethyl_acrylate),Poly(ethyl_acrylate),,20.4795,17.797,,
32,Polycaprolactone,Polycaprolactone,,20.1496,17.7779,,
33,Polyethylene_glycol,Polyethylene_glycol,,18.2602,19.1189,,
34,Poly(ethyl_methacrylate),Poly(ethyl_methacrylate),,19.584,17.1596,,
35,Polyetherketoneketone,Polyetherketoneketone,,23.6985,21.7926,,
36,Poly(trimethylene_carbonate),Poly(trimethylene_carbonate),,21.581,18.8501,,
37,Polyvinyl_butyral,Polyvinyl_butyral,,18.3769,17.4275,,
38,Polyether_ether_ketone,Polyether_ether_ketone,,22.5579,21.241,,
39,Polyvinyl_toluene,Polyvinyl_toluene,,19.3796,18.8826,,
40,Polyhydroxybutyrate,Polyhydroxybutyrate,,20.6395,17.4904,,
41,Polyacrylic_acid,Polyacrylic_acid,,25.6967,25.7068,,
42,Polyvinyl_acetate,Polyvinyl_acetate,,20.9942,17.8726,,
43,Polyphenylene_sulfide,Polyphenylene_sulfide,,23.029,21.2514,,
44,Polybutylene_succinate,Polybutylene_succinate,,21.2235,18.2025,,
45,Polyhydroxyalkanoates,Polyhydroxyalkanoates,,20.6395,17.4904,,
46,Polybenzoxazine,Polybenzoxazine,,23.5586,24.6185,,
47,Polyvinyl_fluoride,Polyvinyl_fluoride,,18.1837,16.291,,
48,Poly(methyl_acrylate),Poly(methyl_acrylate),,21.3752,18.5712,,
49,Polypropylene_carbonate,Polypropylene_carbonate,,21.0587,18.2211,,
50,Polyhydroxyethylmethacrylate,Polyhydroxyethylmethacrylate,,24.9795,24.994,,
51,Polyfuran,Polyfuran,,24.4089,20.8327,,
52,Polycyclohexylenedimethylene_terephthalate,Polycyclohexylenedimethylene_terephthalate,,21.3036,18.7205,,
53,Poly(methyl_methacrylate),Poly(methyl_methacrylate),,20.1531,17.6751,,
54,Polyglutamic_acid,Polyglutamic_acid,,28.2446,29.6512,,
55,Polyacrylonitrile,Polyacrylonitrile,,27.5238,24.5545,,
56,Polyhexamethylene_guanidine,Polyhexamethylene_guanidine,,20.5462,18.7984,,
57,Polylactic_acid,Polylactic_acid,,21.4208,17.644,,
58,Poly(p-phenylene_vinylene),Poly(p-phenylene_vinylene),,19.9218,19.8617,,
59,Polyoxymethylene,Polyoxymethylene,,18.754,20.5878,,
60,Polytetrahydrofuran,Polytetrahydrofuran,,17.9341,18.1073,,
61,Polyethylene_furan-2_5-dicarboxylate,Polyethylene_furan-2_5-dicarboxylate,,24.0159,19.8428,,
62,Polyvinyl_alcohol,Polyvinyl_alcohol,,31.0136,34.3498,,
63,Poly(p-phenylene_oxide),Poly(p-phenylene_oxide),,19.5144,20.5145,,
64,Poly(3_4-ethylenedioxythiophene),Poly(3_4-ethylenedioxythiophene),,23.5553,22.0732,,
65,Polytetrafluoroethylene,Polytetrafluoroethylene,,18.1779,12.5455,,
66,Polypropylene_glycol,Polypropylene_glycol,,17.2611,17.5562,,
67,Polyvinylcarbazole,Polyvinylcarbazole,,21.5852,21.0962,,
68,Polytrimethylene_terephthalate,Polytrimethylene_terephthalate,,22.0877,19.4956,,
69,Polyglycolide,Polyglycolide,,23.8243,19.2772,,
70,Polyacrylamide,Polyacrylamide,,28.0774,29.6444,,
71,Poly(butyl_acrylate),Poly(butyl_acrylate),,19.7289,17.5332,,
72,Polyisobutene,Polyisobutene,,16.0417,15.3704,,
73,Polyaspartic_acid,Polyaspartic_acid,,29.9674,31.643,,
74,Poly(N-vinylacetamide),Poly(N-vinylacetamide),,25.8059,27.6264,,
75,Poly(2_6-diphenylphenylene_oxide),Poly(2_6-diphenylphenylene_oxide),,21.1313,20.5972,,
76,Polybutadiene,Polybutadiene,,17.4419,17.7344,,
77,Polypyrrole,Polypyrrole,,22.9895,21.8054,,
78,Polyetherimide,Polyetherimide,,23.2799,23.7696,,
79,Polyurethane,Polyurethane,,25.0244,25.9668,,
80,Polyvinyl_chloride,Polyvinyl_chloride,,21.1622,19.6442,,
81,Polyglucan,Polyglucan,,31.6964,34.8133,,
82,Polyphenyl_ether,Polyphenyl_ether,,22.1961,20.9555,,
83,Poly(ethylene_succinate),Poly(ethylene_succinate),,22.1812,18.5909,,
84,Polyvinylpyrrolidone,Polyvinylpyrrolidone,,22.2552,22.2188,,
85,Polydioxanone,Polydioxanone,,21.2329,19.1984,,
86,Polythiophene,Polythiophene,,22.1076,19.4801,,
87,Poly(methacrylic_acid),Poly(methacrylic_acid),,23.4299,23.3371,,
88,Polystyrene_sulfonate,Polystyrene_sulfonate,,24.9667,24.3775,,