CID,na_in_C4,C4_2_O2_2_1,FC_3_C4_0_/_/_0,FC_17_C4_0_H1_1_C4_1_H1_2_H1_2_H1_2_/_1_1_1_1_1_/_0_0_0_0_0_0,na_ex_I1,LeafAC_O2_C4_1,FC_11_N3_0_C4_1_H1_2_H1_2_H1_2_/_1_1_1_1_/_0_0_0_0_0,N3_2_N3_2_1,dg_in_1,LeafAC_C4_C4_1,na_ex_S2,C4_3_S2_2_1,FC_13_C4_0_S6_1_O2_2_O2_2_N3_2_H1_3_H1_3_/_1_2_2_1_1_1_/_0_0_0_0_0_0_0,FC_35_N3_0_C4_1_H1_2_H1_2_C4_2_H1_3_H1_3_H1_3_/_1_1_1_1_1_1_1_/_0_0_0_0_0_0_0_0,C4_2_N3_2_1,FC_52_S6_0_O2_1_O2_1_N3_1_C4_2_H1_3_H1_3_H1_3_C4_2_H1_3_H1_3_H1_3_/_2_2_1_1_1_1_1_1_1_1_1_/_0_0_0_0_0_0_0_0_0_0_0_0,N3_2_N3_3_1,FC_28_C4_0_C4_1_O2_2_O2_2_H1_3_/_1_2_1_1_/_0_0_0_0_0,FC_22_C4_0_H1_1_H1_1_C4_1_H1_2_C4_2_H1_3_H1_3_H1_3_C4_2_H1_3_H1_3_H1_3_/_1_1_1_1_1_1_1_1_1_1_1_1_/_0_0_0_0_0_0_0_0_0_0_0_0_0,FC_14_C4_0_C4_1_H1_2_H1_2_H1_2_/_1_1_1_1_/_0_0_0_0_0,FC_1_C4_0_H1_1_/_1_/_0_0,FC_45_O2_0_C4_1_H1_2_H1_2_C4_2_H1_3_H1_3_H1_3_/_1_1_1_1_1_1_1_/_0_0_0_0_0_0_0_0,FC_39_C4_0_H1_1_H1_1_C4_1_O2_2_O2_2_H1_3_/_1_1_1_2_1_1_/_0_0_0_0_0_0_0,FC_30_C4_0_H1_1_N3_1_H1_2_H1_2_/_1_1_1_1_/_0_0_0_0_0,FC_16_C4_0_O2_1_C4_2_H1_3_H1_3_H1_3_/_1_1_1_1_1_/_0_0_0_0_0_0,FC_78_C4_0_H1_1_C4_1_H1_2_C4_2_H1_3_H1_3_/_1_1_1_2_1_1_/_0_0_0_0_0_0_0,FC_36_C4_0_H1_1_H1_1_C4_1_C4_2_H1_3_/_1_1_1_3_1_/_0_0_0_0_0_0,na_ex_C4,C4_2_N3_3_1,C4_2_C4_3_2,FC_38_N3_0_C4_1_H1_2_H1_2_C4_2_H1_3_H1_3_H1_3_C4_1_H1_2_H1_2_C4_2_H1_3_H1_3_H1_3_/_1_1_1_1_1_1_1_1_1_1_1_1_1_1_/_0_0_0_0_0_0_0_0_0_0_0_0_0_0_0,C4_3_S6_4_1,C4_3_N3_2_2,C4_2_C4_3_1,N3_3_S6_4_1,C4_2_N3_3_2,FC_18_C4_0_C4_1_H1_2_C4_2_H1_3_H1_3_H1_3_C4_2_H1_3_H1_3_H1_3_/_1_1_1_1_1_1_1_1_1_1_/_0_0_0_0_0_0_0_0_0_0_0,FC_47_C4_0_O2_1_C4_1_H1_2_H1_2_C4_2_H1_3_H1_3_H1_3_/_2_1_1_1_1_1_1_1_/_0_0_0_0_0_0_0_0_0,FC_54_C4_0_C4_1_H1_2_H1_2_N3_2_H1_3_H1_3_/_1_1_1_1_1_1_/_0_0_0_0_0_0_0,FC_63_N3_0_C4_1_H1_2_H1_2_H1_2_C4_1_N3_2_H1_3_N3_2_H1_3_H1_3_/_1_1_1_1_1_2_1_1_1_1_/_0_0_0_0_0_0_0_0_0_0_0,FC_62_C4_0_H1_1_C4_1_O2_2_O2_2_H1_3_/_1_1_2_1_1_/_0_0_0_0_0_0,FC_82_C4_0_H1_1_H1_1_C4_1_H1_2_H1_2_N3_2_H1_3_H1_3_/_1_1_1_1_1_1_1_1_/_0_0_0_0_0_0_0_0_0,FC_65_C4_0_O2_1_O2_1_C4_2_H1_3_H1_3_H1_3_/_2_1_1_1_1_1_/_0_0_0_0_0_0_0,FC_80_C4_0_C4_1_H1_2_H1_2_O2_2_H1_3_/_1_1_1_1_1_/_0_0_0_0_0_0,N3_2_N3_2_2,FC_87_N3_0_C4_1_H1_2_C4_2_H1_3_H1_3_H1_3_C4_2_H1_3_H1_3_H1_3_C4_1_H1_2_C4_2_H1_3_H1_3_H1_3_C4_2_H1_3_H1_3_H1_3_/_1_1_1_1_1_1_1_1_1_1_1_1_1_1_1_1_1_1_1_1_/_0_0_0_0_0_0_0_0_0_0_0_0_0_0_0_0_0_0_0_0_0,C4_4_O2_2_1,FC_75_S6_0_O2_1_O2_1_C4_1_F1_2_F1_2_F1_2_/_2_2_1_1_1_1_/_0_0_0_0_0_0_0,FC_10_C4_0_H1_1_C4_1_H1_2_C4_2_H1_3_H1_3_H1_3_C4_2_H1_3_H1_3_H1_3_/_1_1_1_1_1_1_1_1_1_1_1_/_0_0_0_0_0_0_0_0_0_0_0_0,FC_7_O2_0_/_/_0,FC_57_C4_0_H1_1_N3_1_H1_2_H1_2_C4_1_O2_2_O2_2_H1_3_/_1_1_1_1_1_2_1_1_/_0_0_0_0_0_0_0_0_0,FC_77_C4_0_H1_1_N3_1_C4_2_H1_3_H1_3_H1_3_C4_2_H1_3_H1_3_H1_3_/_1_1_1_1_1_1_1_1_1_1_/_0_0_0_0_0_0_0_0_0_0_0,LeafAC_C4_C4_3,dg_1,LeafAC_N3_C4_2
243,0.111111,0.0,0.0,0.0,0.0,0.2,0.0,0,0.0,0.0,0,0.0,0.0,0,0.0,0,0,1,0.0,0.0,0.25,0,0,0,0.0,0,0,0.0833333,0.0,0.166667,0,0.0,0.0,0.0666667,0,0,0,0,0,0,0,0,0,0,0,0,0.0,0,0.0,0.0,0,0,0,0,0
2294,0.0555556,0.0,0.0,0.0,0.0,0.0,0.0,0,0.0,0.285714,0,0.0,0.0,0,0.0,0,0,0,0.0,0.0,0.0,0,0,0,0.0,0,0,0.333333,0.0,0.0,0,0.0,0.0,0.0,0,0,0,0,0,0,0,0,0,0,0,0,0.0,0,0.0,0.0,0,0,0,0,0
681,0.138889,0.0,0.125,0.0,0.0,0.4,0.0,0,0.2,0.0,0,0.0,0.0,0,0.0,0,0,0,0.0,0.0,0.15,0,0,0,0.0,0,0,0.0833333,0.0,0.166667,0,0.0,0.0,0.266667,0,0,0,0,0,0,0,1,0,0,0,0,0.0,0,0.0,0.0,0,0,0,0,0
37365,0.111111,0.0,0.0,0.0,0.0,0.0,0.0,0,0.2,0.428571,0,0.0,0.0,0,0.0,0,0,0,0.0,0.0,0.0,0,0,0,0.0,0,0,0.416667,0.0,0.0,0,0.0,0.0,0.0666667,0,0,0,0,0,0,0,0,0,0,0,0,0.0,0,0.0,0.0,0,0,0,0,0
8275,0.111111,0.0,0.125,0.0,0.0,0.0,0.0,0,0.4,0.285714,0,0.0,0.0,0,0.0,0,0,0,0.0,0.0,0.0,0,0,0,0.0,0,0,0.416667,0.0,0.0,0,0.0,0.0,0.0,0,0,0,0,0,0,0,0,0,0,0,0,0.0,0,0.0,0.0,0,0,0,0,0
11425995,0.333333,0.0,0.125,0.0,0.0,0.2,0.0,0,0.2,0.0,0,0.0,0.0,0,0.25,0,0,0,0.0,0.0,0.15,0,1,0,0.0,0,0,0.0833333,0.0,0.0,0,0.0,0.0,0.6,0,0,0,0,0,0,0,0,0,0,0,0,0.0,0,0.0,0.0,0,0,0,0,0
3000715,0.111111,0.0,0.0,0.333333,0.0,0.0,0.0,0,0.2,0.428571,1,0.0,0.0,0,0.0,0,0,0,0.0,0.0,0.0,0,0,0,0.0,0,0,0.416667,0.0,0.0,0,0.0,0.0,0.0666667,0,0,0,0,0,0,0,0,0,0,0,0,0.0,0,0.0,0.0,0,0,0,0,0
3672,0.166667,0.0,0.25,0.0,0.0,0.2,0.0,0,0.4,0.428571,0,0.0,0.0,0,0.0,0,0,0,0.5,0.0,0.2,0,0,0,0.0,0,0,0.416667,0.0,0.333333,0,0.0,0.0,0.2,0,0,0,0,0,0,0,0,0,0,0,0,0.0,0,0.0,0.0,0,0,0,0,0
1563370,0.25,0.25,0.125,0.0,0.0,0.0,0.0,0,0.2,0.142857,0,0.0,0.0,0,0.0,0,0,0,0.0,0.0,0.2,0,0,0,0.0,0,0,0.166667,0.0,0.333333,0,0.0,0.0,0.133333,0,0,0,0,0,0,0,0,0,0,0,0,0.0,0,0.0,0.142857,0,0,0,0,0
1923,0.194444,0.0,0.25,0.0,0.0,0.2,0.0,0,0.0,0.0,0,0.0,0.0,0,0.0,0,0,0,0.0,0.0,0.3,0,0,0,0.0,0,0,0.0,0.0,0.166667,0,0.0,0.0,0.133333,0,0,0,0,0,0,0,0,0,0,0,0,0.0,0,0.0,0.0,0,0,0,0,0
2244,0.111111,0.0,0.125,0.0,0.0,0.2,0.0,0,0.2,0.142857,0,0.0,0.0,0,0.0,0,0,1,0.0,0.0,0.2,0,0,0,0.0,0,0,0.25,0.0,0.333333,0,0.0,0.0,0.0,0,0,0,0,0,0,0,0,0,0,0,0,0.0,0,0.0,0.0,0,0,0,0,0
135424354,0.111111,0.0,0.25,0.0,0.0,0.0,0.0,0,0.4,0.428571,0,0.0,0.0,0,0.0,0,0,0,0.0,0.333333,0.0,0,0,0,0.0,0,0,0.416667,0.0,0.0,0,0.0,0.333333,0.0666667,0,0,0,0,0,0,0,0,0,0,0,0,0.0,0,0.0,0.0,0,0,0,0,0
135424353,0.111111,0.0,0.125,0.0,0.0,0.0,0.0,0,0.2,0.285714,0,0.0,0.0,0,0.0,0,0,0,0.0,0.333333,0.0,0,0,0,0.0,0,0,0.416667,0.0,0.0,0,0.0,0.333333,0.0666667,0,0,0,0,0,0,0,0,0,0,0,0,0.0,0,0.0,0.0,0,0,0,0,0
667490,0.0833333,0.0,0.25,0.0,0.0,0.0,0.0,0,0.0,0.0,1,0.0,0.0,0,0.5,0,0,0,0.0,0.0,0.1,0,0,0,0.0,0,0,0.0,0.0,0.0,0,0.0,0.0,0.0,0,0,0,0,0,0,0,0,0,0,0,0,0.0,0,0.0,0.0,0,0,0,0,0
4914,0.194444,0.25,0.125,0.0,0.0,0.0,0.0,0,0.2,0.285714,0,0.0,0.0,0,0.0,0,0,0,0.0,0.0,0.2,0,0,0,0.0,0,0,0.333333,0.1,0.333333,1,0.0,0.0,0.133333,0,0,0,0,0,0,0,0,0,0,0,0,0.0,0,0.0,0.142857,0,0,0,0,0
4058,0.277778,0.0,0.25,0.0,0.0,0.0,0.5,0,0.2,0.142857,0,0.0,0.0,0,0.0,0,0,0,0.0,0.0,0.25,1,0,0,0.0,0,0,0.25,0.2,0.166667,0,0.0,0.0,0.0666667,0,0,0,0,0,0,0,0,0,0,0,0,0.0,0,0.0,0.0,0,0,0,0,0
836,0.166667,0.0,0.125,0.0,0.0,0.6,0.0,0,0.2,0.0,0,0.0,0.0,0,0.0,0,0,0,0.0,0.0,0.15,0,0,0,0.0,0,0,0.0833333,0.0,0.166667,0,0.0,0.0,0.333333,0,0,0,0,0,0,0,0,0,0,0,0,0.0,0,0.0,0.0,1,0,0,0,0
7017,0.277778,0.0,0.25,0.0,0.0,0.2,0.0,0,0.0,0.0,0,0.0,0.0,0,0.0,0,0,0,0.0,0.0,0.45,0,0,0,0.0,0,0,0.0,0.0,0.5,0,0.0,0.0,0.0666667,0,0,0,0,0,0,0,0,0,0,0,0,0.0,0,0.0,0.0,0,0,0,0,0
23274301,0.194444,0.25,0.125,0.0,0.0,0.2,0.0,0,0.2,0.0,0,0.0,0.0,0,0.0,0,0,0,0.0,0.0,0.2,0,0,0,0.0,0,0,0.166667,0.0,0.333333,0,0.0,0.0,0.0666667,0,0,0,0,0,0,0,0,0,0,0,0,0.0,0,0.0,0.142857,0,0,0,0,0
23274845,0.25,0.25,0.125,0.0,0.0,0.4,0.0,0,0.2,0.142857,0,0.0,0.0,0,0.0,0,0,0,0.0,0.0,0.15,0,0,1,0.0,0,0,0.166667,0.0,0.166667,0,0.0,0.0,0.333333,0,0,0,0,0,0,0,0,0,0,0,0,0.0,0,0.0,0.142857,0,0,0,0,0
23274824,0.194444,0.25,0.125,0.0,0.0,0.2,0.0,0,0.2,0.285714,0,0.0,0.0,0,0.0,0,0,0,0.0,0.0,0.2,0,0,0,0.0,0,0,0.333333,0.0,0.333333,1,0.0,0.0,0.0666667,0,0,0,0,0,0,0,0,0,0,0,0,0.0,0,0.0,0.142857,0,0,0,0,0
4763,0.222222,0.0,0.125,0.0,0.0,0.0,0.0,0,0.0,0.142857,0,0.0,0.0,0,0.0,0,0,0,0.0,0.0,0.25,0,0,0,0.0,0,0,0.166667,0.0,0.166667,0,0.0,0.0,0.0666667,0,0,0,0,0,0,0,0,0,0,0,0,0.0,0,0.0,0.0,0,0,0,0,0
61302139,0.277778,0.25,0.125,0.0,0.0,0.4,0.0,0,0.2,0.142857,0,0.0,0.0,0,0.0,0,0,0,0.0,0.0,0.15,0,0,1,0.0,0,0,0.166667,0.0,0.166667,0,0.0,0.0,0.333333,0,0,0,0,0,0,0,0,0,0,0,0,0.0,0,0.0,0.142857,0,0,0,0,0
2206,0.194444,0.0,0.125,0.0,0.0,0.0,0.5,0,0.0,0.142857,0,0.0,0.0,0,0.0,0,0,0,0.0,0.333333,0.3,0,0,0,0.0,0,0,0.166667,0.0,0.333333,0,0.0,0.0,0.133333,0,0,0,0,0,0,0,0,0,0,0,0,0.0,0,0.0,0.0,0,0,0,0,0
10378872,0.361111,0.0,0.125,0.0,0.0,0.4,0.0,0,0.0,0.0,0,0.0,0.0,0,0.0,0,0,0,0.0,0.0,0.2,0,0,1,0.0,0,0,0.0,0.0,0.166667,0,0.0,0.0,0.466667,0,0,0,0,0,0,0,0,0,0,0,0,0.0,0,0.0,0.142857,0,0,0,0,0
773301,0.111111,0.0,0.125,0.0,0.0,0.0,0.0,0,0.2,0.285714,0,0.0,0.0,0,0.0,0,0,0,0.0,0.333333,0.2,0,0,0,0.0,0,0,0.333333,0.0,0.333333,0,0.5,0.0,0.133333,1,0,0,0,0,0,0,0,0,0,0,0,0.0,0,0.0,0.0,0,0,0,0,0
1986,0.0,0.0,0.125,0.0,0.0,0.0,0.0,1,0.2,0.142857,0,0.666667,0.5,0,0.0,0,0,0,0.0,0.0,0.0,0,0,0,0.0,0,0,0.166667,0.0,0.0,0,0.0,0.666667,0.0,0,0,0,0,0,0,0,0,0,0,0,0,0.0,0,0.0,0.0,0,0,0,0,0
4253,0.388889,0.0,0.5,0.0,0.0,0.4,0.5,0,0.0,0.0,0,0.0,0.0,0,0.0,0,0,0,0.0,0.0,0.35,0,0,0,0.0,0,0,0.0833333,0.1,0.0,0,0.0,0.0,0.4,0,0,0,0,0,0,0,0,0,0,0,0,0.0,0,0.0,0.142857,0,0,0,0,0
1302,0.25,0.0,0.375,0.0,0.0,0.2,0.0,0,0.2,0.142857,0,0.0,0.0,0,0.0,0,0,0,0.0,0.0,0.3,0,0,0,0.5,0,0,0.25,0.0,0.333333,0,0.0,0.0,0.4,0,0,0,0,0,0,0,0,0,0,0,0,0.0,0,0.0,0.0,0,0,0,0,0
13763146,0.138889,0.0,0.25,0.0,0.0,0.2,0.0,0,0.0,0.0,0,1.0,0.5,0,0.0,0,0,0,0.0,0.0,0.05,0,0,0,0.0,0,0,0.0,0.0,0.166667,0,0.0,0.0,0.133333,0,0,0,0,0,0,0,0,0,0,0,0,0.0,0,0.0,0.0,0,0,0,0,0
4100,0.0,0.0,0.125,0.0,0.0,0.0,0.5,0,0.2,0.142857,0,0.666667,0.5,0,0.0,0,1,0,0.0,0.0,0.0,0,0,0,0.0,0,0,0.25,0.0,0.0,0,0.0,0.666667,0.0,0,0,0,0,0,0,0,0,0,0,0,0,0.0,0,0.0,0.0,0,0,0,0,0
2828,0.388889,0.0,0.5,0.0,0.0,0.2,0.5,0,0.0,0.0,0,0.0,0.0,0,0.0,0,0,0,0.0,0.0,0.35,0,0,0,0.5,0,0,0.166667,0.1,0.0,0,0.0,0.0,0.4,0,0,0,0,0,0,0,0,0,0,0,0,0.0,0,0.0,0.142857,0,0,0,0,0
3394,0.305556,0.0,0.375,0.0,0.0,0.2,0.0,0,0.2,0.142857,0,0.0,0.0,0,0.0,0,0,0,0.0,0.0,0.4,0,0,0,0.0,0,0,0.166667,0.0,0.333333,0,0.0,0.0,0.266667,0,0,0,0,0,0,0,0,0,0,0,0,0.0,0,0.0,0.0,0,0,0,0,0
4044,0.277778,0.0,0.25,0.0,0.0,0.2,0.0,0,0.0,0.285714,0,0.0,0.0,0,0.0,0,0,1,0.0,0.666667,0.35,0,0,0,0.0,0,0,0.25,0.0,0.5,0,0.0,0.0,0.0666667,0,0,0,0,0,0,0,0,0,0,0,0,0.0,0,0.0,0.0,0,0,0,0,0
2732945,0.277778,0.0,0.375,0.333333,0.0,0.0,0.0,0,0.2,0.285714,0,0.0,0.0,0,0.0,0,0,0,0.0,0.0,0.3,1,0,0,0.5,0,0,0.333333,0.0,0.333333,0,0.0,0.0,0.4,0,0,0,0,0,0,0,0,0,0,0,0,0.0,0,0.0,0.0,0,0,0,0,0
13763156,0.138889,0.0,0.25,0.0,0.0,0.0,0.0,0,0.0,0.0,0,1.0,0.5,0,0.0,0,0,0,0.0,0.0,0.05,0,0,0,0.0,0,0,0.0,0.0,0.166667,0,0.0,0.0,0.133333,0,0,0,0,0,0,0,0,0,0,0,0,0.0,0,0.0,0.0,0,0,0,0,0
13763157,0.138889,0.0,0.25,0.0,0.0,0.2,0.0,0,0.0,0.0,0,1.0,0.5,0,0.0,0,0,0,0.0,0.0,0.05,0,0,0,0.0,0,0,0.0,0.0,0.166667,0,0.0,0.0,0.133333,0,0,0,0,0,0,0,0,0,0,0,0,0.0,0,0.0,0.0,0,0,0,0,0
3335,0.361111,0.0,0.375,0.0,0.0,0.2,0.0,0,0.2,0.0,0,0.0,0.0,0,0.0,0,0,0,0.0,0.0,0.45,0,1,0,0.0,0,0,0.0833333,0.0,0.5,0,0.0,0.0,0.266667,0,0,0,0,0,0,0,0,0,0,0,0,0.0,0,0.0,0.0,0,0,0,0,0
3059,0.277778,0.0,0.25,0.0,0.0,0.4,0.0,0,0.0,0.0,0,0.0,0.0,0,0.0,0,0,1,0.0,0.0,0.3,0,0,0,0.0,0,0,0.0833333,0.0,0.333333,0,0.0,0.0,0.4,0,0,0,0,0,0,0,0,0,0,0,0,0.0,0,0.0,0.0,0,0,0,0,0
3825,0.333333,0.0,0.375,0.0,0.0,0.2,0.0,0,0.2,0.142857,0,0.0,0.0,0,0.0,0,0,0,0.0,0.0,0.45,0,0,0,0.0,0,0,0.166667,0.0,0.5,0,0.0,0.0,0.2,0,0,0,0,0,0,0,0,0,0,0,0,0.0,0,0.0,0.0,0,0,0,0,0
21864625,0.194444,0.0,0.125,0.0,0.0,0.4,0.0,0,0.2,0.285714,0,0.0,0.0,0,0.0,0,0,0,0.0,0.0,0.15,0,0,0,0.0,0,0,0.416667,0.0,0.5,1,0.0,0.0,0.2,0,0,0,0,0,0,0,0,0,0,0,0,0.0,0,0.0,0.0,0,0,0,0,0
1775,0.361111,0.0,0.375,0.0,0.0,0.0,0.0,0,0.0,0.0,0,0.0,0.0,0,0.0,0,0,0,0.0,0.0,0.5,0,0,0,0.0,0,0,0.0,0.0,0.333333,0,0.0,0.0,0.133333,0,0,0,0,0,0,0,0,0,0,0,0,0.0,0,0.0,0.0,0,0,0,0,0
37712,0.388889,0.25,0.25,0.0,0.0,0.4,0.0,0,0.0,0.0,0,0.0,0.0,0,0.0,0,0,0,0.0,0.0,0.4,0,0,1,0.0,0,0,0.0,0.0,0.333333,0,0.0,0.0,0.466667,0,0,0,0,0,0,0,0,0,0,0,0,0.0,0,0.0,0.142857,0,0,0,0,0
5215,0.222222,0.0,0.25,0.0,0.0,0.0,0.0,0,0.0,0.0,0,0.0,0.0,0,0.25,0,0,0,0.0,0.0,0.35,0,0,0,0.0,0,0,0.0,0.0,0.333333,0,0.5,0.333333,0.133333,0,0,0,0,0,0,0,0,0,0,0,0,0.0,0,0.0,0.0,0,0,0,0,0
3345,0.5,0.0,0.25,0.0,0.0,0.0,0.0,0,0.2,0.142857,0,0.0,0.0,0,0.0,0,0,0,0.0,0.0,0.55,0,0,0,0.0,0,0,0.166667,0.3,0.333333,0,0.0,0.0,0.333333,0,0,0,1,0,0,0,0,0,0,0,0,0.0,0,0.0,0.0,0,0,0,0,0
10062976,0.0555556,0.0,0.125,0.0,0.0,0.0,0.0,1,0.2,0.0,0,0.666667,0.5,0,0.0,0,0,0,0.0,0.0,0.0,0,0,0,0.0,0,0,0.166667,0.1,0.0,0,0.0,0.666667,0.0666667,0,0,0,0,0,1,0,0,0,0,0,0,0.0,0,0.0,0.0,0,0,0,0,1
23275681,0.305556,0.25,0.375,0.333333,0.0,0.0,0.0,0,0.2,0.142857,0,0.0,0.0,0,0.0,0,0,0,0.0,0.0,0.3,0,0,0,0.5,0,0,0.25,0.0,0.333333,0,0.0,0.0,0.4,0,0,0,0,0,0,0,0,0,0,0,0,0.0,0,0.0,0.142857,0,0,0,0,0
138395470,0.305556,0.5,0.375,0.333333,0.0,0.0,0.0,0,0.2,0.285714,0,0.0,0.0,0,0.0,0,0,0,0.0,0.0,0.3,0,0,0,0.5,0,0,0.333333,0.0,0.333333,0,0.0,0.0,0.4,0,0,0,0,0,0,0,0,0,0,0,0,0.0,0,0.0,0.142857,0,0,0,0,0
3033,0.305556,0.0,0.375,0.0,0.0,0.2,0.0,0,0.2,0.0,0,0.0,0.0,0,0.0,0,0,0,0.0,0.0,0.35,0,1,0,0.0,0,0,0.0833333,0.0,0.5,0,0.0,0.0,0.133333,0,0,0,0,0,0,0,0,0,0,0,0,0.0,0,0.0,0.0,0,0,0,0,0
1065,0.416667,0.0,0.375,0.0,0.0,0.2,0.0,0,0.0,0.0,0,0.0,0.0,0,0.25,0,0,0,0.0,0.0,0.35,0,0,0,0.5,1,0,0.25,0.2,0.166667,0,0.0,0.333333,0.533333,0,0,0,0,0,0,0,0,0,0,0,0,0.0,0,0.0,0.0,0,0,0,0,0
5340,0.194444,0.0,0.25,0.0,0.0,0.0,0.0,0,0.0,0.0,0,0.333333,0.0,0,0.25,0,0,0,0.0,0.0,0.3,0,0,0,0.0,0,0,0.0,0.0,0.333333,0,0.5,0.333333,0.133333,0,0,0,0,0,0,0,0,0,0,0,0,0.0,0,0.0,0.0,0,0,0,0,0
3295,0.138889,0.0,0.375,0.0,0.0,0.0,0.0,0,0.2,0.142857,0,0.666667,0.5,0,0.0,0,0,0,0.0,0.0,0.15,1,0,0,0.0,0,0,0.166667,0.0,0.166667,0,0.0,0.333333,0.2,0,0,0,0,0,0,0,0,0,0,0,0,0.0,0,0.0,0.0,0,0,0,0,0
71768,0.416667,0.0,0.375,0.0,0.0,0.2,0.0,0,0.0,0.428571,0,0.0,0.0,0,0.0,0,0,0,0.0,0.0,0.25,0,0,0,0.0,0,0,0.333333,0.0,0.333333,0,0.0,0.0,0.4,0,0,0,0,0,0,0,0,0,0,0,0,0.0,0,0.0,0.0,0,0,0,0,0
10087109,0.333333,0.5,0.375,0.333333,0.0,0.0,0.0,0,0.2,0.285714,0,0.0,0.0,0,0.0,0,0,0,0.0,0.0,0.3,0,0,0,0.5,0,0,0.333333,0.0,0.333333,0,0.0,0.0,0.4,0,0,0,0,0,0,0,0,0,0,0,0,0.0,0,0.0,0.142857,0,0,0,0,0
3325,0.138889,0.0,0.25,0.0,0.0,0.0,0.0,0,0.4,0.0,0,0.333333,0.0,0,0.0,0,0,0,0.0,0.0,0.05,0,0,0,0.0,0,0,0.0833333,0.0,0.166667,0,0.0,0.666667,0.133333,0,0,0,0,0,0,0,0,0,0,0,0,0.0,0,0.0,0.0,0,0,0,0,0
23276128,0.333333,0.25,0.375,0.333333,0.0,0.0,0.0,0,0.2,0.142857,0,0.0,0.0,0,0.0,0,0,0,0.0,0.0,0.3,0,0,0,0.5,0,0,0.333333,0.0,0.333333,0,0.0,0.0,0.466667,0,0,0,0,0,0,0,0,0,0,0,0,0.0,0,0.0,0.142857,0,0,0,0,0
138395487,0.388889,0.5,0.375,0.333333,0.0,0.0,0.0,0,0.2,0.285714,0,0.0,0.0,0,0.0,0,0,0,0.0,0.0,0.3,0,0,0,0.5,0,0,0.333333,0.0,0.333333,0,0.0,0.0,0.4,0,0,0,0,0,0,0,0,0,0,0,0,0.0,0,0.0,0.142857,0,0,0,0,0
395819,0.0,0.0,0.125,0.0,0.0,0.0,0.0,1,0.2,0.0,0,0.666667,0.5,0,0.0,1,0,0,0.0,0.0,0.0,0,0,0,0.0,0,0,0.166667,0.0,0.0,0,0.0,0.666667,0.0,0,0,0,0,0,0,0,0,0,0,0,0,0.0,0,0.0,0.0,0,0,0,0,0
3016,0.361111,0.0,0.5,0.0,0.0,0.0,0.5,0,0.0,0.0,0,0.0,0.0,0,0.25,0,0,0,0.0,0.0,0.4,0,0,0,0.0,0,0,0.0833333,0.0,0.333333,0,0.0,0.333333,0.333333,0,0,0,0,0,0,0,0,0,0,0,0,0.0,0,0.0,0.0,0,0,0,0,0
10404097,0.388889,0.5,0.375,0.333333,0.0,0.0,0.0,0,0.2,0.285714,0,0.0,0.0,0,0.0,0,0,0,0.0,0.0,0.45,0,0,0,0.0,0,0,0.25,0.0,0.5,0,0.0,0.0,0.2,0,0,0,0,0,0,0,0,0,0,0,0,0.0,0,0.0,0.142857,0,0,0,0,0
23276569,0.333333,0.25,0.375,0.333333,0.0,0.0,0.0,0,0.2,0.428571,0,0.0,0.0,0,0.0,0,0,0,0.0,0.0,0.3,0,0,0,0.5,0,0,0.5,0.0,0.333333,1,0.0,0.0,0.466667,0,0,0,0,0,0,0,0,0,0,0,0,0.0,0,0.0,0.142857,0,0,0,0,0
23276582,0.361111,0.25,0.375,0.333333,0.0,0.2,0.5,0,0.2,0.142857,0,0.0,0.0,0,0.0,0,0,0,0.0,0.0,0.3,0,0,0,0.5,0,0,0.333333,0.1,0.333333,0,0.0,0.0,0.466667,0,0,0,0,0,0,0,0,0,0,0,0,0.0,0,0.0,0.142857,0,0,0,0,0
561987,0.305556,0.0,0.25,0.0,0.0,0.0,0.5,0,0.0,0.142857,0,0.0,0.0,0,0.0,0,0,0,0.0,0.333333,0.45,0,0,0,0.0,0,0,0.166667,0.0,0.5,0,0.5,0.0,0.2,1,0,0,0,0,0,0,0,0,0,0,0,0.0,0,0.0,0.0,0,0,0,0,0
3061,0.944444,0.25,0.125,1.0,0.0,1.0,0.0,0,0.0,0.714286,0,0.0,0.0,0,0.0,0,0,0,0.0,0.666667,0.55,0,0,0,0.0,0,0,0.416667,0.0,0.166667,0,0.0,0.0,1.0,0,0,0,0,0,0,0,0,0,0,0,0,0.0,0,0.0,1.0,0,0,0,0,0
100930149,0.416667,0.5,0.375,0.333333,0.0,0.0,0.0,0,0.2,0.285714,0,0.0,0.0,0,0.0,0,0,0,0.0,0.0,0.45,0,0,0,0.0,0,0,0.25,0.0,0.5,0,0.0,0.0,0.2,0,0,0,0,0,0,0,0,0,0,0,0,0.0,0,0.0,0.142857,0,0,0,0,0
10594934,0.138889,0.0,0.125,0.0,0.0,0.0,0.0,1,0.2,0.0,0,0.666667,0.5,0,0.25,0,0,0,0.0,0.0,0.0,0,0,0,0.0,0,0,0.166667,0.1,0.0,0,0.0,0.666667,0.133333,0,0,0,0,0,1,0,0,0,0,0,0,0.0,0,0.0,0.0,0,0,0,0,1
10247552,0.444444,0.5,0.375,0.333333,0.0,0.0,0.0,0,0.2,0.285714,0,0.0,0.0,0,0.0,0,0,0,0.0,0.0,0.45,0,0,0,0.0,0,0,0.25,0.0,0.5,0,0.0,0.0,0.2,0,0,0,0,0,0,0,0,0,0,0,0,0.0,0,0.0,0.142857,0,0,0,0,0
14500288,0.416667,0.5,0.375,0.333333,0.0,0.0,0.0,0,0.2,0.571429,0,0.0,0.0,0,0.0,0,0,0,0.0,0.0,0.45,0,0,0,0.0,0,0,0.416667,0.0,0.5,0,0.0,0.0,0.2,0,0,0,0,0,0,0,0,0,0,0,0,0.0,0,0.0,0.285714,0,0,0,0,0
100930150,0.472222,0.5,0.375,0.333333,0.0,0.0,0.0,0,0.2,0.285714,0,0.0,0.0,0,0.0,0,0,0,0.0,0.0,0.45,0,0,0,0.0,0,0,0.25,0.0,0.5,0,0.0,0.0,0.2,0,0,0,0,0,0,0,0,0,0,0,0,0.0,0,0.0,0.142857,0,0,0,0,0
41693,0.472222,0.0,0.375,0.0,0.0,0.0,0.0,0,0.4,0.142857,0,0.333333,0.0,0,0.0,0,0,0,0.0,0.0,0.4,0,0,0,0.0,0,0,0.25,0.3,0.333333,0,0.0,0.0,0.133333,0,0,0,1,0,0,0,0,0,0,0,0,0.0,0,0.0,0.0,0,0,0,0,0
77817166,0.416667,0.5,0.375,0.333333,0.0,0.0,0.0,0,0.2,0.428571,0,0.0,0.0,0,0.0,0,0,0,0.5,0.0,0.3,0,0,1,0.5,0,0,0.416667,0.0,0.333333,0,0.0,0.0,0.466667,0,0,0,0,0,0,0,0,0,0,0,0,0.0,0,0.0,0.285714,0,0,0,0,0
9886533,0.416667,0.5,0.375,0.333333,0.0,0.0,0.0,0,0.2,0.428571,0,0.0,0.0,0,0.0,0,0,0,0.0,0.0,0.3,0,0,1,0.5,0,0,0.416667,0.0,0.333333,0,0.0,0.0,0.4,0,0,0,0,0,0,0,0,0,0,0,0,0.0,0,0.0,0.285714,0,0,0,0,0
135214,0.166667,0.0,0.375,0.0,0.0,0.0,0.0,0,0.2,0.428571,0,0.666667,0.5,0,0.0,0,0,0,0.0,0.0,0.15,0,0,0,0.0,0,0,0.333333,0.0,0.166667,0,0.0,0.333333,0.2,0,0,0,0,0,0,0,0,0,0,0,0,0.0,0,0.0,0.142857,0,0,0,0,0
10811046,0.5,1.0,0.375,0.333333,0.0,0.0,0.0,0,0.0,0.142857,0,0.0,0.0,0,0.0,0,0,0,0.0,0.0,0.3,0,0,0,0.5,0,0,0.166667,0.3,0.333333,0,0.0,0.0,0.466667,0,0,0,0,0,0,0,0,0,0,0,0,0.0,0,0.0,0.428571,0,0,0,0,0
23276725,0.361111,0.25,0.375,0.333333,0.0,0.0,0.5,0,0.2,0.142857,0,0.0,0.0,0,0.0,0,0,0,0.0,0.0,0.3,0,0,0,0.5,0,0,0.333333,0.1,0.333333,0,0.0,0.0,0.466667,0,0,0,0,0,0,0,0,0,0,0,0,0.0,0,0.0,0.142857,0,0,0,0,0
76121020,0.472222,0.5,0.375,0.333333,0.0,0.0,0.0,0,0.2,0.428571,0,0.0,0.0,0,0.0,0,0,0,0.0,0.0,0.3,0,0,1,0.5,0,0,0.416667,0.0,0.333333,0,0.0,0.0,0.4,0,0,0,0,0,0,0,0,0,0,0,0,0.0,0,0.0,0.285714,0,0,0,0,0
4614,0.416667,0.0,0.625,0.0,0.0,0.2,0.0,0,0.2,0.0,0,0.0,0.0,0,0.0,0,0,0,0.0,0.0,0.5,0,1,0,0.0,0,0,0.0833333,0.0,0.333333,0,0.0,0.333333,0.2,0,0,0,0,0,0,0,0,0,0,0,0,0.0,0,0.0,0.142857,0,0,0,0,0
100961794,0.333333,0.0,0.625,0.0,0.0,0.0,0.0,0,0.2,0.285714,0,0.0,0.0,0,0.0,0,0,0,0.0,0.333333,0.25,0,0,0,0.0,0,0,0.25,0.0,0.5,0,0.0,0.333333,0.133333,0,0,0,0,0,0,0,0,0,0,0,0,0.0,0,0.0,0.142857,0,0,0,0,0
156809,0.25,0.0,0.375,0.0,0.0,0.2,0.0,0,0.2,0.285714,0,0.0,0.0,0,0.0,0,0,0,0.0,0.333333,0.15,0,0,0,0.0,0,0,0.416667,0.0,0.166667,0,0.0,0.333333,0.266667,0,0,0,0,0,0,0,0,0,0,0,0,0.0,0,0.0,0.0,0,0,0,0,0
2726,0.361111,0.0,0.5,0.0,0.0,0.0,0.0,0,0.2,0.0,0,0.666667,0.0,0,0.0,0,0,0,0.0,0.0,0.35,0,0,0,0.0,0,0,0.166667,0.1,0.5,0,0.0,0.0,0.2,0,0,0,0,0,0,0,0,0,0,0,0,0.0,0,0.0,0.0,0,0,0,0,0
13763162,0.138889,0.0,0.25,0.0,0.0,0.2,0.0,0,0.0,0.0,0,0.666667,0.5,0,0.0,0,0,0,0.0,0.0,0.05,0,0,0,0.0,0,0,0.0,0.0,0.166667,0,0.5,0.0,0.266667,0,0,0,0,0,0,0,0,0,0,0,0,0.0,0,0.0,0.0,0,0,0,0,0
10642039,0.166667,0.0,0.125,0.0,0.0,0.0,0.0,0,0.2,0.0,0,0.0,1.0,0,0.0,0,0,0,0.0,0.0,0.1,0,0,0,0.0,0,0,0.0833333,0.0,0.333333,0,0.0,0.0,0.2,0,0,0,0,0,0,0,0,0,0,0,0,0.0,0,0.0,0.0,0,0,0,0,0
13763155,0.138889,0.0,0.25,0.0,0.0,0.2,0.0,0,0.0,0.0,0,0.666667,0.5,0,0.0,0,0,0,0.0,0.0,0.05,0,0,0,0.0,0,0,0.0,0.0,0.166667,0,0.5,0.0,0.266667,0,0,0,0,0,0,0,0,0,0,0,0,0.0,0,0.0,0.0,0,0,0,0,0
13763158,0.138889,0.0,0.25,0.0,0.0,0.2,0.0,0,0.0,0.0,0,0.666667,0.5,0,0.0,0,0,0,0.0,0.0,0.05,0,0,0,0.0,0,0,0.0,0.0,0.166667,0,0.5,0.0,0.133333,0,0,0,0,0,0,0,0,0,0,0,0,0.0,0,0.0,0.0,0,0,0,0,0
13763159,0.138889,0.0,0.25,0.0,0.0,0.0,0.0,0,0.0,0.0,0,0.666667,0.5,0,0.0,0,0,0,0.0,0.0,0.05,0,0,0,0.0,0,0,0.0,0.0,0.166667,0,0.5,0.0,0.133333,0,0,0,0,0,0,0,0,0,0,0,0,0.0,0,0.0,0.0,0,0,0,0,0
13763149,0.138889,0.0,0.25,0.0,0.0,0.0,0.0,0,0.0,0.0,0,0.666667,0.5,0,0.0,0,0,0,0.0,0.0,0.05,0,0,0,0.0,0,0,0.0,0.0,0.166667,0,0.5,0.0,0.133333,0,0,0,0,0,0,0,0,0,0,0,0,0.0,0,0.0,0.0,0,0,0,0,0
4781,0.416667,0.0,0.25,0.0,0.0,0.0,0.0,0,0.2,0.142857,0,0.0,0.0,0,0.0,0,0,0,0.0,0.0,0.55,0,0,0,0.0,0,0,0.166667,0.0,0.333333,0,0.0,0.0,0.2,0,0,0,0,0,0,0,0,0,0,0,0,0.0,0,0.0,0.0,0,0,0,0,0
18794,0.166667,0.0,0.25,0.0,0.0,0.0,0.0,1,0.0,0.0,0,0.666667,0.5,0,0.0,0,0,0,0.0,0.0,0.25,0,0,0,0.0,0,0,0.0,0.0,0.166667,0,0.5,0.666667,0.0666667,0,0,0,0,0,0,0,0,0,0,0,0,0.0,0,0.0,0.0,0,0,0,0,0
4323207,0.194444,0.0,0.25,0.0,0.0,0.0,0.0,1,0.0,0.0,0,0.666667,0.5,0,0.0,0,0,0,0.0,0.0,0.25,0,0,0,0.0,0,0,0.0,0.0,0.166667,0,0.0,0.666667,0.133333,0,0,0,0,0,0,0,0,0,0,0,0,0.0,0,0.0,0.0,0,0,0,0,0
10762855,0.277778,0.5,0.375,0.0,0.0,0.0,0.0,0,0.2,0.0,0,0.666667,0.5,0,0.25,0,0,0,0.0,0.0,0.15,0,0,0,0.0,0,0,0.0833333,0.0,0.166667,0,0.0,0.333333,0.266667,0,0,0,0,0,0,0,0,0,0,0,0,0.0,0,0.0,0.285714,0,0,0,0,0
394904,0.166667,0.0,0.25,0.0,0.0,0.0,0.0,1,0.0,0.142857,0,0.666667,0.5,0,0.0,0,0,0,0.0,0.333333,0.2,0,0,0,0.0,0,0,0.0833333,0.0,0.333333,0,0.5,0.666667,0.133333,0,0,0,0,0,0,0,0,0,0,0,0,0.0,0,0.0,0.0,0,0,0,0,0
394906,0.166667,0.0,0.25,0.0,0.0,0.0,0.0,1,0.0,0.0,0,0.666667,0.5,0,0.0,0,0,0,0.0,0.0,0.2,0,0,0,0.0,0,0,0.0,0.0,0.333333,0,0.5,0.666667,0.133333,0,0,0,0,0,0,0,0,0,0,0,0,0.0,0,0.0,0.0,0,0,0,0,0
134560,0.166667,0.0,0.25,0.0,0.0,0.0,0.0,1,0.0,0.0,0,0.666667,0.5,0,0.0,0,0,0,0.0,0.0,0.2,0,0,0,0.0,0,0,0.0,0.0,0.333333,0,0.5,0.666667,0.133333,0,0,0,0,0,0,0,0,0,0,0,0,0.0,0,0.0,0.0,0,0,0,0,0
395816,0.166667,0.0,0.25,0.0,0.0,0.0,0.0,1,0.0,0.0,0,0.666667,0.5,0,0.0,0,0,0,0.0,0.0,0.2,0,0,0,0.0,0,0,0.0,0.0,0.333333,0,0.5,0.666667,0.133333,0,0,0,0,0,0,0,0,0,0,0,0,0.0,0,0.0,0.0,0,0,0,0,0
10833200,0.194444,0.0,0.25,0.0,0.0,0.0,0.0,1,0.0,0.0,0,0.666667,0.5,0,0.0,0,0,0,0.0,0.0,0.0,0,0,0,0.0,0,0,0.0,0.0,0.0,0,0.0,0.666667,0.0,0,0,0,0,0,0,0,0,0,0,0,0,0.0,0,0.0,0.0,0,0,0,0,0
202890,0.166667,0.0,0.25,0.0,0.0,0.0,0.0,1,0.0,0.0,0,0.666667,0.5,0,0.0,0,0,0,0.0,0.0,0.2,0,0,0,0.0,0,0,0.0,0.0,0.333333,0,0.5,0.666667,0.133333,0,0,0,0,0,0,0,0,0,0,0,0,0.0,0,0.0,0.0,0,0,0,0,0
85241750,0.194444,0.0,0.25,0.0,0.0,0.0,0.5,0,0.0,0.0,0,0.666667,0.5,0,0.0,0,1,0,0.0,0.0,0.25,0,0,0,0.0,0,0,0.0833333,0.0,0.166667,0,0.0,0.666667,0.133333,0,0,0,0,0,0,0,0,0,0,0,0,0.0,0,0.0,0.0,0,0,0,0,0
10760314,0.166667,0.0,0.25,0.0,0.0,0.0,0.0,1,0.0,0.0,0,0.666667,0.5,0,0.0,0,0,0,0.0,0.0,0.2,0,0,0,0.5,0,0,0.0833333,0.0,0.333333,0,0.5,0.666667,0.133333,0,0,0,0,0,0,0,0,0,0,0,0,0.0,0,0.0,0.0,0,0,0,0,0
5405,0.722222,0.0,0.375,0.0,0.0,0.4,0.0,0,0.0,0.428571,0,0.0,0.0,0,0.0,0,0,0,0.0,0.0,0.75,0,0,0,0.0,0,0,0.333333,0.3,0.666667,0,0.0,0.0,0.466667,0,0,0,0,0,0,0,0,0,0,0,0,0.0,0,0.0,0.0,0,0,0,0,0
85274612,0.166667,0.0,0.25,0.0,0.0,0.0,0.5,0,0.0,0.142857,0,0.666667,0.5,0,0.0,0,1,0,0.0,0.333333,0.2,0,0,0,0.0,0,0,0.166667,0.0,0.333333,0,0.5,0.666667,0.133333,0,0,0,0,0,0,0,0,0,0,0,0,0.0,0,0.0,0.0,0,0,0,0,0
3715,0.388889,0.0,0.5,0.0,0.0,0.2,0.0,0,0.2,0.142857,0,0.0,0.0,0,0.0,0,0,0,0.0,0.333333,0.35,0,1,0,0.5,0,0,0.25,0.0,0.5,0,0.0,0.0,0.4,0,0,0,0,0,0,0,0,0,0,0,0,0.0,0,0.0,0.0,0,0,0,0,0
10575994,0.0833333,0.0,0.125,0.0,0.0,0.0,0.0,1,0.2,0.0,0,0.666667,0.5,0,0.0,0,0,0,0.0,0.0,0.0,0,0,0,0.0,0,0,0.0833333,0.0,0.0,0,0.0,0.666667,0.0,0,0,0,0,0,0,0,0,0,0,0,0,0.0,0,0.0,0.0,0,0,0,0,0
77814860,0.583333,0.5,0.5,0.333333,0.0,0.0,0.0,0,0.0,0.142857,0,0.0,0.0,0,0.0,0,0,0,0.0,0.0,0.55,0,0,1,0.5,0,0,0.166667,0.0,0.5,0,0.0,0.0,0.6,0,0,0,0,0,0,0,0,0,0,0,0,0.0,0,0.0,0.285714,0,0,0,0,0
85216231,0.166667,0.0,0.25,0.0,0.0,0.0,0.5,0,0.0,0.0,0,0.666667,0.5,0,0.0,0,1,0,0.0,0.0,0.2,0,0,0,0.0,0,0,0.0833333,0.0,0.333333,0,0.5,0.666667,0.133333,0,0,0,0,0,0,0,0,0,0,0,0,0.0,0,0.0,0.0,0,0,0,0,0
10548739,0.194444,0.0,0.25,0.333333,0.0,0.0,0.0,0,0.2,0.285714,0,0.666667,0.5,1,0.0,0,0,0,0.0,0.0,0.1,0,0,0,0.0,0,0,0.333333,0.0,0.166667,0,1.0,0.0,0.266667,0,0,0,0,0,0,0,0,0,0,0,0,0.0,0,0.0,0.0,0,0,0,0,0
395820,0.166667,0.0,0.25,0.0,0.0,0.0,0.5,0,0.0,0.0,0,0.666667,0.5,0,0.0,0,1,0,0.0,0.0,0.2,0,0,0,0.0,0,0,0.0833333,0.0,0.333333,0,0.5,0.666667,0.133333,0,0,0,0,0,0,0,0,0,0,0,0,0.0,0,0.0,0.0,0,0,0,0,0
74020883,0.166667,0.0,0.25,0.0,0.0,0.0,0.5,0,0.0,0.0,0,0.666667,0.5,0,0.0,0,1,0,0.0,0.0,0.2,0,0,0,0.0,0,0,0.0833333,0.0,0.333333,0,0.5,0.666667,0.133333,0,0,0,0,0,0,0,0,0,0,0,0,0.0,0,0.0,0.0,0,0,0,0,0
11696964,0.166667,0.0,0.25,0.0,0.0,0.0,0.0,1,0.0,0.0,0,0.666667,0.5,0,0.0,0,0,0,0.0,0.0,0.2,0,0,0,0.0,0,0,0.0,0.0,0.333333,0,0.5,0.666667,0.133333,0,0,0,0,0,0,0,0,0,0,0,0,0.0,0,0.0,0.0,0,0,0,0,0
85180269,0.166667,0.0,0.25,0.0,0.0,0.0,0.5,0,0.0,0.0,0,0.666667,0.5,0,0.0,0,1,0,0.0,0.0,0.2,0,0,0,0.0,0,0,0.0833333,0.0,0.333333,0,0.5,0.666667,0.133333,0,0,0,0,0,0,0,0,0,0,0,0,0.0,0,0.0,0.0,0,0,0,0,0
10386217,0.416667,0.0,0.5,0.0,0.0,0.0,0.0,0,0.0,0.0,0,0.0,0.0,0,0.25,0,0,0,0.0,0.0,0.3,0,0,0,1.0,0,0,0.166667,0.4,0.5,0,0.0,0.333333,0.2,0,0,0,0,0,0,0,0,0,0,0,0,0.0,0,0.0,0.0,0,0,0,0,0
85189406,0.166667,0.0,0.25,0.0,0.0,0.0,0.5,0,0.0,0.0,0,0.666667,0.5,0,0.0,0,1,0,0.0,0.0,0.2,0,0,0,0.5,0,0,0.166667,0.0,0.333333,0,0.5,0.666667,0.133333,0,0,0,0,0,0,0,0,0,0,0,0,0.0,0,0.0,0.0,0,0,0,0,0
395817,0.166667,0.0,0.25,0.0,0.0,0.0,0.0,1,0.0,0.0,0,0.666667,0.5,0,0.0,0,0,0,0.0,0.0,0.2,0,0,0,0.0,0,0,0.0,0.0,0.333333,0,0.5,0.666667,0.133333,0,0,0,0,0,0,0,0,0,0,0,0,0.0,0,0.0,0.0,0,0,0,0,0
10836567,0.194444,0.0,0.125,0.0,0.0,0.0,0.0,0,0.2,0.0,0,0.0,1.0,0,0.25,0,0,0,0.0,0.0,0.05,0,0,0,0.0,0,0,0.0833333,0.0,0.166667,0,0.0,0.0,0.133333,0,0,0,0,0,0,0,0,0,0,0,0,0.0,0,0.0,0.0,0,0,0,0,0
54676228,0.333333,0.0,0.5,0.0,0.0,0.2,0.5,0,0.0,0.0,0,0.0,0.0,0,0.0,0,0,0,0.0,0.0,0.4,0,0,0,0.0,0,0,0.0833333,0.0,0.5,0,0.5,0.0,0.0,1,0,0,0,0,0,0,0,0,0,0,0,0.0,0,0.0,0.0,0,0,0,0,0
394905,0.166667,0.0,0.25,0.0,0.0,0.2,0.0,1,0.0,0.0,0,0.666667,0.5,0,0.0,0,0,1,0.0,0.0,0.2,0,0,0,0.0,0,0,0.0833333,0.0,0.333333,0,0.5,0.666667,0.0,0,0,0,0,0,0,0,0,0,0,0,0,0.0,0,0.0,0.0,0,0,0,0,0
395818,0.166667,0.0,0.25,0.0,0.0,0.0,0.0,1,0.0,0.0,0,0.666667,0.5,0,0.0,0,0,0,0.0,0.0,0.2,0,0,0,0.0,0,0,0.0,0.0,0.333333,0,0.5,0.666667,0.0,0,0,0,0,0,0,0,0,0,0,0,0,0.0,0,0.0,0.0,0,0,0,0,0
74021008,0.166667,0.0,0.25,0.0,0.0,0.0,0.5,0,0.0,0.428571,0,0.666667,0.5,0,0.0,0,1,0,0.0,1.0,0.1,0,0,0,0.0,0,0,0.333333,0.0,0.333333,0,0.5,0.666667,0.133333,0,0,0,0,0,0,0,0,0,0,0,0,0.0,0,0.0,0.0,0,0,0,0,0
3488,0.555556,0.0,0.375,0.0,0.0,0.0,0.0,0,0.0,0.0,0,0.0,0.0,0,0.25,0,0,0,0.0,0.0,0.4,0,0,0,0.5,0,0,0.0833333,0.0,0.5,0,0.5,0.0,0.533333,0,0,0,0,0,0,0,0,0,0,0,0,0.0,0,0.0,0.0,0,0,0,0,0
4415369,0.166667,0.0,0.25,0.0,0.5,0.0,0.0,1,0.0,0.0,0,0.666667,0.5,0,0.0,0,0,0,0.0,0.0,0.2,0,0,0,0.0,0,0,0.0,0.0,0.333333,0,0.5,0.666667,0.133333,0,0,0,0,0,0,0,0,0,0,0,0,0.0,0,0.0,0.0,0,0,0,0,0
3076,0.416667,0.0,0.375,0.0,0.0,0.0,0.0,0,0.4,0.142857,0,0.666667,0.0,0,0.0,0,0,0,0.0,0.0,0.5,0,0,0,0.5,0,0,0.416667,0.1,0.666667,0,0.0,0.0,0.133333,0,0,0,0,0,0,0,0,0,0,0,0,0.0,0,0.0,0.0,0,0,0,0,0
85162232,0.166667,0.0,0.25,0.0,0.0,0.0,0.5,0,0.0,0.0,0,0.666667,0.5,0,0.0,0,1,0,0.0,0.0,0.2,0,0,0,0.0,0,0,0.0833333,0.0,0.333333,0,0.5,0.666667,0.133333,0,0,0,0,0,0,0,0,0,0,0,0,0.0,0,0.0,0.0,0,0,0,0,0
10524550,0.194444,0.0,0.375,0.0,0.0,0.0,0.0,1,0.2,0.0,0,0.666667,0.5,0,0.0,0,0,0,0.0,0.0,0.2,0,0,0,0.0,0,0,0.0833333,0.0,0.333333,0,0.5,0.666667,0.133333,0,0,0,0,0,0,0,0,0,0,0,0,0.0,0,0.0,0.0,0,0,0,0,0
85234010,0.166667,0.0,0.25,0.0,0.0,0.0,0.5,0,0.0,0.0,0,0.666667,0.5,0,0.0,0,1,0,0.0,0.0,0.2,0,0,0,0.0,0,0,0.0833333,0.0,0.333333,0,0.5,0.666667,0.133333,0,0,0,0,0,0,0,0,0,0,0,0,0.0,0,0.0,0.0,0,0,0,0,0
85250786,0.166667,0.0,0.25,0.0,0.0,0.0,0.5,0,0.0,0.0,0,0.666667,0.5,0,0.0,0,1,0,0.0,0.0,0.2,0,0,0,0.0,0,0,0.0833333,0.0,0.333333,0,0.5,0.666667,0.133333,0,0,0,0,0,0,0,0,0,0,0,0,0.0,0,0.0,0.0,0,0,0,0,0
395821,0.166667,0.0,0.375,0.0,0.0,0.0,0.5,0,0.2,0.142857,0,0.666667,0.5,0,0.0,0,1,0,0.0,0.0,0.2,0,0,0,0.0,0,0,0.25,0.0,0.333333,0,0.5,0.666667,0.133333,0,0,0,0,0,0,0,0,0,0,0,0,0.0,0,0.0,0.0,0,0,0,0,0
73698903,0.166667,0.0,0.25,0.0,0.0,0.2,0.5,0,0.0,0.0,0,0.666667,0.5,0,0.0,0,1,1,0.0,0.0,0.2,0,0,0,0.0,0,0,0.166667,0.0,0.333333,0,0.5,0.666667,0.0,0,0,0,0,0,0,0,0,0,0,0,0,0.0,0,0.0,0.0,0,0,0,0,0
74002385,0.166667,0.0,0.25,0.0,0.0,0.0,0.5,0,0.0,0.0,0,0.666667,0.5,0,0.0,0,1,0,0.0,0.0,0.2,0,0,0,0.0,0,0,0.0833333,0.0,0.333333,0,0.5,0.666667,0.0,0,0,0,0,0,0,0,0,0,0,0,0,0.0,0,0.0,0.0,0,0,0,0,0
10810971,0.166667,0.0,0.25,0.0,0.0,0.0,0.0,1,0.0,0.0,0,0.666667,0.5,0,0.0,0,0,0,0.0,0.0,0.15,0,0,0,0.0,0,0,0.0,0.0,0.166667,0,0.5,0.666667,0.2,0,0,0,0,0,0,0,0,0,0,0,0,0.0,0,0.0,0.0,0,0,0,0,0
9911005,0.472222,0.0,0.5,0.0,0.0,0.0,0.0,0,0.0,0.0,0,0.0,0.0,0,0.25,0,0,0,0.0,0.0,0.35,0,0,0,1.0,0,0,0.166667,0.4,0.666667,0,0.0,0.333333,0.266667,0,0,0,0,0,0,0,0,0,0,0,0,0.0,0,0.0,0.0,0,0,0,0,0
85200590,0.166667,0.0,0.25,0.0,0.5,0.0,0.5,0,0.0,0.0,0,0.666667,0.5,0,0.0,0,1,0,0.0,0.0,0.2,0,0,0,0.0,0,0,0.0833333,0.0,0.333333,0,0.5,0.666667,0.133333,0,0,0,0,0,0,0,0,0,0,0,0,0.0,0,0.0,0.0,0,0,0,0,0
44327323,0.166667,0.0,0.25,0.0,0.0,0.0,0.0,1,0.0,0.0,0,0.666667,0.5,0,0.0,0,0,0,0.0,0.0,0.0,0,0,0,0.0,0,0,0.0,0.0,0.0,0,0.5,0.666667,0.0,0,0,0,0,0,0,0,0,0,0,0,0,0.0,0,0.0,0.0,0,0,0,0,0
481696,0.472222,0.0,0.5,0.0,0.0,0.2,0.0,0,0.0,0.0,0,0.0,0.0,0,0.0,0,0,1,0.0,0.0,0.35,0,0,1,0.0,0,0,0.0833333,0.3,0.5,0,0.0,0.333333,0.4,0,0,0,0,0,0,0,0,0,0,0,0,0.0,0,0.0,0.0,0,0,0,0,0
85190561,0.166667,0.0,0.25,0.0,0.0,0.0,0.5,0,0.0,0.0,0,0.666667,0.5,0,0.0,0,1,0,0.0,0.0,0.15,0,0,0,0.0,0,0,0.0833333,0.0,0.166667,0,0.5,0.666667,0.2,0,0,0,0,0,0,0,0,0,0,0,0,0.0,0,0.0,0.0,0,0,0,0,0
56689929,0.388889,0.0,0.5,0.0,0.0,0.0,0.0,0,0.0,0.0,0,0.0,0.5,0,0.25,0,0,0,0.0,0.0,0.55,0,0,0,0.0,0,0,0.0,0.0,0.5,0,0.5,0.666667,0.266667,0,0,0,0,0,0,0,0,0,0,0,0,0.0,0,0.0,0.0,0,0,0,0,0
10811510,0.166667,0.0,0.25,0.0,0.0,0.0,0.0,1,0.0,0.0,0,0.666667,0.5,0,0.0,0,0,0,0.0,0.0,0.15,0,0,0,0.0,0,0,0.0,0.0,0.166667,0,0.5,0.666667,0.2,0,0,0,0,0,0,0,0,0,0,0,0,0.0,0,0.0,0.0,0,0,0,0,0
10718340,0.25,0.0,0.375,0.0,0.0,0.0,0.0,1,0.2,0.0,0,0.666667,0.5,0,0.25,0,0,0,0.0,0.0,0.2,0,0,0,0.0,0,0,0.0833333,0.0,0.333333,0,0.5,0.666667,0.2,0,0,0,0,0,0,0,0,0,0,0,0,0.0,0,0.0,0.0,0,0,0,0,0
74020899,0.166667,0.0,0.25,0.0,0.0,0.0,0.5,0,0.0,0.0,0,0.666667,0.5,0,0.0,0,1,0,0.0,0.0,0.15,0,0,0,0.0,0,0,0.0833333,0.0,0.166667,0,0.5,0.666667,0.2,0,0,0,0,0,0,0,0,0,0,0,0,0.0,0,0.0,0.0,0,0,0,0,0
4368272,0.388889,0.0,0.5,0.0,0.0,0.0,0.0,0,0.0,0.0,0,0.0,0.5,0,0.25,0,0,0,0.0,0.0,0.5,0,0,0,0.0,0,0,0.0,0.0,0.666667,0,0.5,0.666667,0.333333,0,0,0,0,0,0,0,0,0,0,0,0,0.0,0,0.0,0.0,0,0,0,0,0
156015222,0.388889,0.0,0.5,0.0,0.0,0.0,0.0,0,0.0,0.0,0,0.0,0.5,0,0.25,0,0,0,0.0,0.0,0.5,0,0,0,0.0,0,0,0.0833333,0.0,0.666667,0,0.5,0.666667,0.333333,0,0,0,0,0,0,0,0,0,0,0,0,0.0,0,0.0,0.0,0,0,0,0,0
9805034,0.472222,0.0,0.625,0.0,0.0,0.2,0.5,0,0.2,0.0,0,0.0,0.0,0,0.0,0,0,1,0.0,0.0,0.35,0,0,0,0.0,0,0,0.166667,0.5,0.833333,0,0.0,0.0,0.266667,0,0,0,0,0,0,0,0,0,0,0,0,0.0,0,0.0,0.0,0,0,0,0,0
3706,0.833333,0.0,0.5,0.0,0.0,0.4,0.0,0,0.2,0.428571,0,0.0,0.0,0,0.25,0,0,0,0.0,0.0,0.8,0,0,0,0.0,0,0,0.333333,0.5,0.666667,0,0.0,0.0,0.733333,0,0,0,0,0,0,0,0,0,0,0,0,0.0,0,0.0,0.0,0,0,0,0,0
53799309,0.833333,0.0,0.5,0.0,0.0,0.4,0.0,0,0.2,0.571429,0,0.0,0.0,0,0.25,0,0,0,0.0,0.333333,0.75,0,0,0,0.0,0,0,0.416667,0.5,0.666667,0,0.0,0.333333,0.8,0,0,0,0,0,0,0,0,0,0,0,0,0.0,0,0.0,0.0,0,0,0,0,0
53991243,0.833333,0.0,0.5,0.0,0.0,0.4,0.0,0,0.2,0.428571,0,0.0,0.0,0,0.25,0,0,0,0.0,0.0,0.75,0,0,0,0.0,0,0,0.333333,0.5,0.666667,0,0.0,0.333333,0.8,0,0,0,0,0,0,0,0,0,0,0,0,0.0,0,0.0,0.0,0,0,0,0,0
10601296,0.388889,0.0,0.5,0.0,0.0,0.0,0.0,0,0.0,0.0,0,0.0,0.5,0,0.25,0,0,0,0.0,0.0,0.3,0,0,0,0.0,0,0,0.0,0.0,0.333333,0,0.5,0.666667,0.2,0,0,0,0,0,0,0,0,0,0,0,0,0.0,0,0.0,0.0,0,0,0,0,0
54118995,0.833333,0.0,0.5,0.0,0.0,0.4,0.0,0,0.2,0.428571,0,0.0,0.0,0,0.0,0,0,0,0.0,0.0,0.75,0,0,0,0.5,0,0,0.416667,0.5,0.5,0,0.0,0.0,0.733333,0,0,0,0,0,0,0,0,0,0,0,0,0.0,0,0.0,0.0,0,0,0,0,0
54158614,0.833333,0.0,0.625,0.0,0.0,0.4,0.0,0,0.4,0.571429,0,0.0,0.0,0,0.25,0,0,0,0.0,0.0,0.75,1,0,0,0.0,0,0,0.5,0.5,0.666667,0,0.0,0.333333,0.8,0,0,0,0,0,0,0,0,0,0,0,0,0.0,0,0.0,0.0,0,0,0,0,0
10886301,0.722222,0.5,0.875,0.0,0.0,0.0,0.5,0,0.2,0.0,0,0.0,0.0,0,0.5,0,0,0,0.0,0.0,0.5,0,0,0,0.0,0,1,0.25,0.5,0.833333,0,0.0,0.333333,0.533333,0,0,0,0,0,0,0,0,0,0,0,0,0.0,0,0.0,0.142857,0,0,1,0,0
10416346,0.75,0.0,0.875,0.0,0.0,0.2,0.5,0,0.4,0.0,0,0.0,0.0,0,0.5,0,0,0,0.0,0.0,0.5,0,0,0,0.0,0,1,0.333333,0.8,0.833333,0,0.0,0.333333,0.533333,0,0,0,0,0,0,0,0,0,0,0,0,0.0,0,0.0,0.0,0,0,1,0,0
75001312,0.888889,0.25,0.75,0.0,0.0,0.4,0.0,0,0.2,0.428571,0,0.0,0.0,0,0.25,0,0,0,0.0,0.0,0.8,0,0,0,0.0,0,0,0.333333,0.5,0.833333,0,0.0,0.333333,0.8,0,0,0,0,0,0,0,0,0,0,0,0,0.0,0,0.0,0.142857,0,0,0,0,0
75018658,0.861111,1.0,0.5,0.0,0.0,0.2,0.0,0,0.0,0.285714,0,0.0,0.0,0,0.0,0,0,0,0.0,0.0,0.95,0,0,0,0.0,0,0,0.25,0.0,0.666667,0,0.0,0.0,0.733333,0,0,0,0,0,0,0,0,0,0,0,0,0.0,0,0.5,0.428571,0,0,0,0,0
53849592,0.888889,0.0,0.75,0.0,0.0,0.4,0.0,0,0.2,0.428571,0,0.0,0.0,0,0.0,0,0,0,0.0,0.0,0.8,0,0,0,0.0,0,0,0.333333,0.5,0.833333,0,0.0,0.333333,0.666667,0,0,0,0,0,0,0,0,0,0,0,0,0.0,0,0.0,0.0,0,0,0,0,0
4318,0.916667,0.0,0.75,0.0,0.0,0.4,0.0,0,0.2,0.428571,0,0.0,0.0,0,0.0,0,0,0,0.0,0.0,0.85,0,0,0,0.0,0,0,0.333333,0.5,1.0,0,0.0,0.0,0.733333,0,0,0,0,0,0,0,0,0,0,0,0,0.0,0,0.0,0.142857,0,0,0,0,0
75018665,0.861111,0.75,0.5,0.0,0.0,0.2,0.5,0,0.0,0.285714,0,0.0,0.0,0,0.0,0,0,0,0.0,0.0,0.95,0,0,0,0.0,0,0,0.333333,0.1,0.666667,0,0.0,0.0,0.733333,0,0,0,0,0,0,0,0,0,0,0,0,0.0,0,0.5,0.285714,0,0,0,0,0
75001273,0.888889,0.0,0.75,0.0,0.0,0.4,0.0,0,0.2,0.428571,0,0.0,0.0,0,0.25,0,0,0,0.0,0.0,0.8,0,0,0,0.0,0,0,0.333333,0.5,0.666667,0,0.0,0.0,0.866667,0,0,0,0,0,0,0,0,0,0,0,0,0.0,0,0.0,0.142857,0,0,0,0,0
75018791,0.888889,0.5,0.5,0.0,0.0,0.2,0.0,0,0.0,0.428571,0,0.0,0.0,0,0.5,0,0,0,0.0,0.333333,0.95,0,0,0,0.0,0,0,0.333333,0.0,0.833333,0,0.0,0.0,0.866667,0,0,0,0,0,0,0,0,0,0,0,0,0.0,0,0.5,0.285714,0,0,0,0,0
75018785,0.888889,0.5,0.5,0.0,0.0,0.2,0.0,0,0.0,0.428571,0,0.0,0.0,0,0.5,0,0,0,0.0,0.333333,0.95,0,0,0,0.0,0,0,0.333333,0.0,0.833333,0,0.0,0.0,0.866667,0,0,0,0,0,0,0,0,0,0,0,0,0.0,0,0.5,0.285714,0,0,0,0,0
75018663,0.861111,1.0,0.5,0.0,0.0,0.2,0.0,0,0.0,0.428571,0,0.0,0.0,0,0.0,0,0,0,0.0,0.333333,0.9,0,0,0,0.0,0,0,0.333333,0.0,0.666667,0,0.0,0.333333,0.8,0,0,0,0,0,0,0,0,0,0,0,0,0.0,0,0.5,0.428571,0,0,0,0,0
75018642,0.888889,0.5,0.5,0.0,0.0,0.2,0.0,0,0.0,0.428571,0,0.0,0.0,0,0.5,0,0,0,0.0,0.333333,0.95,0,0,0,0.0,0,0,0.333333,0.0,0.666667,0,0.0,0.333333,0.866667,0,0,0,0,0,0,0,0,0,0,0,0,0.0,0,0.5,0.285714,0,0,0,0,0
75018736,0.861111,0.5,0.5,0.0,0.0,0.2,0.0,0,0.0,0.285714,0,0.0,0.0,0,0.75,0,0,0,0.0,0.0,0.95,0,0,0,0.0,0,0,0.25,0.0,0.5,0,0.0,0.333333,0.8,0,0,0,0,0,0,0,0,0,0,0,0,0.0,0,0.5,0.285714,0,0,0,0,0
75018643,0.888889,0.5,0.5,0.0,0.0,0.2,0.0,0,0.0,0.428571,0,0.0,0.0,0,0.5,0,0,0,0.0,0.333333,0.95,0,0,0,0.0,0,0,0.333333,0.0,0.666667,0,0.0,0.333333,0.866667,0,0,0,0,0,0,0,0,0,0,0,0,0.0,0,0.5,0.285714,0,0,0,0,0
19035059,0.861111,0.5,0.5,0.0,0.0,0.2,0.0,0,0.0,0.285714,0,0.0,0.0,0,0.5,0,0,0,0.0,0.0,0.95,0,0,0,0.0,0,0,0.25,0.0,0.666667,0,0.0,0.0,0.733333,0,0,0,0,0,0,0,0,0,0,0,0,0.0,0,0.5,0.285714,0,0,0,0,0
13385538,0.75,0.0,0.25,0.0,0.0,0.6,0.0,0,1.0,1.0,0,0.0,0.0,0,0.75,0,0,0,1.0,0.0,0.55,0,0,0,0.0,0,0,1.0,0.3,0.333333,0,0.0,0.0,0.6,0,0,0,0,0,0,0,0,0,0,0,0,0.0,0,0.0,0.0,0,0,0,0,0
19035048,0.888889,0.25,0.5,0.0,0.0,0.2,0.5,0,0.0,0.428571,0,0.0,0.0,0,0.5,0,0,0,0.0,0.333333,0.95,0,0,0,0.0,0,0,0.416667,0.1,0.833333,0,0.0,0.0,0.866667,0,0,0,0,0,0,0,0,0,0,0,0,0.0,0,0.5,0.142857,0,0,0,0,0
19035053,0.888889,0.25,0.5,0.0,0.0,0.2,0.0,0,0.0,0.428571,0,0.0,0.0,0,0.5,0,0,0,0.0,0.333333,0.95,0,0,0,0.0,0,0,0.333333,0.0,0.666667,0,0.0,0.333333,0.8,0,0,0,0,0,0,0,0,0,0,0,0,0.0,0,0.5,0.142857,0,0,0,0,0
18939846,0.833333,0.5,0.5,0.0,0.0,0.2,0.0,0,0.0,0.285714,0,0.333333,0.0,0,0.5,0,0,0,0.0,0.0,0.9,0,0,0,0.0,0,0,0.25,0.0,0.5,0,0.0,0.333333,0.733333,0,0,0,0,0,0,0,0,0,0,0,0,0.0,0,0.5,0.285714,0,0,0,0,0
19035067,0.833333,0.5,0.5,0.0,0.0,0.2,0.0,0,0.0,0.285714,0,0.333333,0.0,0,0.5,0,0,0,0.0,0.0,0.9,0,0,0,0.0,0,0,0.25,0.0,0.5,0,0.0,0.333333,0.733333,0,0,0,0,0,0,0,0,0,0,0,0,0.0,0,0.5,0.285714,0,0,0,0,0
53632006,0.888889,0.0,0.75,0.0,0.0,0.4,0.0,0,0.2,0.571429,0,0.0,0.0,0,0.0,0,0,0,0.0,0.333333,0.75,0,0,0,0.0,0,0,0.416667,0.5,0.833333,0,0.0,0.0,0.866667,0,0,0,0,0,0,0,0,0,0,0,0,0.0,0,0.0,0.142857,0,0,0,0,0
19035031,0.888889,0.25,0.5,0.0,0.0,0.2,0.5,0,0.0,0.428571,0,0.0,0.0,0,0.5,0,0,0,0.0,0.333333,0.95,0,0,0,0.0,0,0,0.416667,0.1,0.666667,0,0.0,0.333333,0.866667,0,0,0,0,0,0,0,0,0,0,0,0,0.0,0,0.5,0.142857,0,0,0,0,0
18939731,0.861111,0.25,0.5,0.0,0.0,0.2,0.5,0,0.0,0.285714,0,0.0,0.0,0,0.5,0,0,0,0.0,0.0,0.95,0,0,0,0.0,0,0,0.333333,0.1,0.666667,0,0.0,0.0,0.733333,0,0,0,0,0,0,0,0,0,0,0,0,0.0,0,0.5,0.142857,0,0,0,0,0
18939826,0.888889,0.25,0.5,0.0,0.0,0.2,0.5,0,0.0,0.428571,0,0.0,0.0,0,0.5,0,0,0,0.0,0.333333,0.95,0,0,0,0.0,0,0,0.416667,0.1,0.666667,0,0.0,0.333333,0.866667,0,0,0,0,0,0,0,0,0,0,0,0,0.0,0,0.5,0.142857,0,0,0,0,0
18939661,0.861111,0.25,0.5,0.0,0.0,0.2,0.5,0,0.0,0.285714,0,0.0,0.0,0,0.5,0,0,0,0.0,0.0,0.95,0,0,0,0.0,0,0,0.333333,0.1,0.666667,0,0.0,0.0,0.733333,0,0,0,0,0,0,0,0,0,0,0,0,0.0,0,0.5,0.142857,0,0,0,0,0
75018650,0.888889,0.5,0.5,0.0,0.0,0.2,0.0,0,0.0,0.285714,0,0.0,0.0,0,0.5,0,0,0,0.0,0.0,0.95,0,0,0,0.5,0,0,0.333333,0.0,0.666667,0,0.0,0.333333,0.866667,0,0,0,0,0,0,0,0,0,0,0,0,0.0,0,0.5,0.285714,0,0,0,0,0
75018651,0.888889,0.5,0.5,0.0,0.0,0.2,0.0,0,0.0,0.285714,0,0.0,0.0,0,0.5,0,0,0,0.0,0.0,0.95,0,0,0,0.5,0,0,0.333333,0.0,0.666667,0,0.0,0.333333,0.866667,0,0,0,0,0,0,0,0,0,0,0,0,0.0,0,0.5,0.285714,0,0,0,0,0
18939823,0.888889,0.5,0.5,0.0,0.0,0.2,0.0,0,0.0,0.428571,0,0.0,0.0,0,0.25,0,0,0,0.0,0.333333,0.95,0,0,0,0.0,0,0,0.333333,0.0,0.666667,0,0.0,0.333333,0.8,0,0,0,0,0,0,0,0,0,0,0,0,0.0,0,0.5,0.285714,0,0,0,0,0
75018591,0.888889,0.5,0.5,0.0,0.0,0.2,0.0,0,0.0,0.285714,0,0.0,0.0,0,0.5,0,0,0,0.0,0.0,0.95,0,0,0,0.5,0,0,0.333333,0.0,0.833333,0,0.0,0.0,0.866667,0,0,0,0,0,0,0,0,0,0,0,0,0.0,0,0.5,0.285714,0,0,0,0,0
75018592,0.888889,0.5,0.5,0.0,0.0,0.2,0.0,0,0.0,0.285714,0,0.0,0.0,0,0.5,0,0,0,0.0,0.0,0.95,0,0,0,0.5,0,0,0.333333,0.0,0.833333,0,0.0,0.0,0.866667,0,0,0,0,0,0,0,0,0,0,0,0,0.0,0,0.5,0.285714,0,0,0,0,0
75018679,0.861111,0.5,0.5,0.0,0.0,0.2,0.0,0,0.0,0.428571,0,0.0,0.0,0,0.5,0,0,0,0.0,0.333333,0.9,0,0,0,0.0,0,0,0.333333,0.0,0.666667,0,0.0,0.333333,0.8,0,0,0,0,0,0,0,0,0,0,0,0,0.0,0,0.5,0.285714,0,0,0,0,0
14162457,0.694444,0.0,0.25,0.0,0.0,0.4,0.0,0,0.8,1.0,0,0.0,0.0,0,0.75,0,0,0,1.0,0.0,0.55,0,0,0,0.0,0,0,0.916667,0.0,0.333333,0,0.0,0.0,0.666667,0,0,0,0,0,0,0,0,0,0,0,0,0.0,0,0.0,0.0,1,0,0,0,0
75018762,0.861111,0.5,0.5,0.0,0.0,0.2,0.0,0,0.0,0.428571,0,0.0,0.0,0,0.5,0,0,0,0.0,0.333333,0.9,0,0,0,0.0,0,0,0.333333,0.0,0.666667,0,0.0,0.333333,0.8,0,0,0,0,0,0,0,0,0,0,0,0,0.0,0,0.5,0.285714,0,0,0,0,0
44342392,0.888889,0.0,0.75,0.0,0.0,0.6,0.0,0,0.2,0.428571,0,0.0,0.0,0,0.25,0,0,0,0.0,0.0,0.75,0,0,0,0.0,0,0,0.416667,0.5,1.0,0,0.0,0.333333,0.8,0,0,0,0,0,0,0,0,0,1,0,0,0.0,0,0.0,0.142857,0,0,0,0,0
75018561,0.833333,0.75,0.5,0.0,0.0,0.2,0.0,0,0.0,0.571429,0,0.0,0.0,0,0.25,0,0,0,0.0,0.0,0.85,0,0,0,0.0,0,0,0.5,0.0,0.666667,0,0.0,0.333333,0.733333,0,0,1,0,0,0,0,0,0,0,0,0,0.0,0,0.5,0.428571,0,0,0,0,0
75018534,0.833333,0.75,0.5,0.0,0.0,0.2,0.0,0,0.0,0.571429,0,0.0,0.0,0,0.25,0,0,0,0.0,0.0,0.85,0,0,0,0.0,0,0,0.5,0.0,0.666667,0,0.0,0.333333,0.733333,0,0,1,0,0,0,0,0,0,0,0,0,0.0,0,0.5,0.428571,0,0,0,0,0
18939798,0.833333,0.25,0.5,0.0,0.0,0.2,0.5,0,0.0,0.285714,0,0.0,0.0,0,0.25,0,0,0,0.0,0.0,0.9,0,0,0,0.0,0,0,0.333333,0.1,0.666667,0,0.0,0.0,0.733333,0,0,0,0,0,0,0,0,0,0,0,0,0.0,0,0.5,0.142857,0,0,0,0,0
18939461,0.833333,0.25,0.5,0.0,0.0,0.2,0.5,0,0.0,0.285714,0,0.0,0.0,0,0.25,0,0,0,0.0,0.0,0.9,0,0,0,0.0,0,0,0.333333,0.1,0.666667,0,0.0,0.0,0.733333,0,0,0,0,0,0,0,0,0,0,0,0,0.0,0,0.5,0.142857,0,0,0,0,0
18939852,0.833333,0.5,0.5,0.0,0.0,0.2,0.0,0,0.0,0.285714,0,0.333333,0.0,0,0.25,0,0,0,0.0,0.0,0.9,0,0,0,0.0,0,0,0.25,0.0,0.666667,0,0.0,0.0,0.666667,0,0,0,0,0,0,0,0,0,0,0,0,0.0,0,0.5,0.285714,0,0,0,0,0
18939857,0.833333,0.5,0.5,0.0,0.0,0.2,0.0,0,0.0,0.285714,0,0.333333,0.0,0,0.25,0,0,0,0.0,0.0,0.9,0,0,0,0.0,0,0,0.25,0.0,0.666667,0,0.0,0.0,0.666667,0,0,0,0,0,0,0,0,0,0,0,0,0.0,0,0.5,0.285714,0,0,0,0,0
75018575,0.888889,0.5,0.5,0.0,0.0,0.2,0.0,0,0.0,0.428571,0,0.0,0.0,0,0.25,0,0,0,0.0,0.0,0.95,0,0,0,0.0,0,0,0.416667,0.0,0.666667,0,0.0,0.333333,0.8,0,0,0,0,0,0,0,0,0,0,0,0,0.0,0,0.5,0.285714,0,0,0,0,0
75018668,0.888889,0.5,0.5,0.0,0.0,0.2,0.0,0,0.0,0.428571,0,0.0,0.0,0,0.25,0,0,0,0.0,0.0,0.95,0,0,0,0.0,0,0,0.416667,0.0,0.666667,0,0.0,0.333333,0.8,0,0,0,0,0,0,0,0,0,0,0,0,0.0,0,0.5,0.285714,0,0,0,0,0
75018617,0.888889,0.5,0.5,0.0,0.0,0.2,0.0,0,0.0,0.285714,0,0.0,0.0,0,0.5,0,0,0,0.0,0.0,0.95,0,0,0,0.5,0,0,0.333333,0.0,0.666667,0,0.0,0.333333,0.866667,0,0,0,0,0,0,0,0,0,0,0,0,0.0,0,0.5,0.285714,0,0,0,0,0
75018587,0.888889,0.5,0.5,0.0,0.0,0.2,0.0,0,0.0,0.285714,0,0.0,0.0,0,0.5,0,0,0,0.0,0.0,0.95,0,0,0,0.5,0,0,0.333333,0.0,0.666667,0,0.0,0.333333,0.866667,0,0,0,0,0,0,0,0,0,0,0,0,0.0,0,0.5,0.285714,0,0,0,0,0
75018563,0.888889,0.25,0.5,0.0,0.0,0.2,0.5,0,0.0,0.285714,0,0.0,0.0,0,0.5,0,0,0,0.0,0.0,0.95,0,0,0,0.5,0,0,0.416667,0.1,0.666667,0,0.0,0.333333,0.866667,0,0,0,0,0,0,0,0,0,0,0,0,0.0,0,0.5,0.142857,0,0,0,0,0
19035044,0.888889,0.25,0.5,0.0,0.0,0.2,0.5,0,0.0,0.285714,0,0.0,0.0,0,0.5,0,0,0,0.0,0.0,0.95,0,0,0,0.5,0,0,0.416667,0.1,0.666667,0,0.0,0.333333,0.866667,0,0,0,0,0,0,0,0,0,0,0,0,0.0,0,0.5,0.142857,0,0,0,0,0
75018508,0.888889,0.25,0.5,0.0,0.0,0.2,0.5,0,0.0,0.428571,0,0.0,0.0,0,0.25,0,0,0,0.0,0.333333,0.95,0,0,0,0.0,0,0,0.416667,0.1,0.666667,0,0.0,0.333333,0.8,0,0,0,0,0,0,0,0,0,0,0,0,0.0,0,0.5,0.142857,0,0,0,0,0
18939820,0.888889,0.25,0.5,0.0,0.0,0.2,0.5,0,0.0,0.428571,0,0.0,0.0,0,0.25,0,0,0,0.0,0.333333,0.95,0,0,0,0.0,0,0,0.416667,0.1,0.666667,0,0.0,0.333333,0.8,0,0,0,0,0,0,0,0,0,0,0,0,0.0,0,0.5,0.142857,0,0,0,0,0
75018613,0.888889,0.25,0.5,0.0,0.0,0.2,0.5,0,0.0,0.285714,0,0.0,0.0,0,0.5,0,0,0,0.0,0.0,0.95,0,0,0,0.5,0,0,0.416667,0.1,0.833333,0,0.0,0.0,0.866667,0,0,0,0,0,0,0,0,0,0,0,0,0.0,0,0.5,0.142857,0,0,0,0,0
44341841,0.888889,0.0,0.75,0.0,0.0,0.4,0.0,0,0.2,0.428571,0,0.666667,0.0,0,0.0,0,0,0,0.0,0.0,0.8,0,0,0,0.0,0,0,0.333333,0.5,0.666667,0,0.0,0.0,0.8,0,0,0,0,0,0,0,0,0,0,0,0,0.0,0,0.0,0.0,0,0,0,0,0
78198315,0.805556,0.25,0.5,0.0,0.0,0.2,0.5,0,0.0,0.285714,0,0.666667,0.0,0,0.5,0,0,0,0.0,0.0,0.75,0,0,0,0.0,0,0,0.333333,0.1,0.666667,0,0.0,0.333333,0.733333,0,0,1,0,0,0,0,0,0,0,0,0,0.0,0,0.0,0.142857,0,0,0,0,0
78198316,0.805556,0.25,0.5,0.0,0.0,0.2,0.5,0,0.0,0.285714,0,0.666667,0.0,0,0.5,0,0,0,0.0,0.0,0.75,0,0,0,0.0,0,0,0.333333,0.1,0.666667,0,0.0,0.333333,0.733333,0,0,1,0,0,0,0,0,0,0,0,0,0.0,0,0.0,0.142857,0,0,0,0,0
18759062,0.777778,0.5,0.5,0.0,0.0,0.2,0.5,0,0.0,0.571429,0,0.0,0.0,0,0.0,0,0,0,0.0,0.0,0.75,0,0,0,0.0,0,0,0.583333,0.1,0.666667,0,0.0,0.333333,0.666667,0,0,1,0,0,0,0,0,0,0,0,0,0.0,0,0.5,0.428571,0,0,0,0,0
18759137,0.777778,0.75,0.5,0.0,0.0,0.2,0.5,0,0.0,0.571429,0,0.0,0.0,0,0.25,0,0,0,0.0,0.0,0.75,0,0,0,0.0,0,0,0.583333,0.1,0.666667,0,0.0,0.333333,0.666667,0,0,1,0,0,0,0,0,0,0,0,0,0.0,0,0.5,0.428571,0,0,0,0,0
75018525,0.833333,0.5,0.5,0.0,0.0,0.2,0.5,0,0.0,0.571429,0,0.0,0.0,0,0.25,0,0,0,0.0,0.0,0.85,0,0,0,0.0,0,0,0.583333,0.1,0.666667,0,0.0,0.333333,0.733333,0,0,1,0,0,0,0,0,0,0,0,0,0.0,0,0.5,0.285714,0,0,0,0,0
75018526,0.833333,0.5,0.5,0.0,0.0,0.2,0.5,0,0.0,0.571429,0,0.0,0.0,0,0.25,0,0,0,0.0,0.0,0.85,0,0,0,0.0,0,0,0.583333,0.1,0.666667,0,0.0,0.333333,0.733333,0,0,1,0,0,0,0,0,0,0,0,0,0.0,0,0.5,0.285714,0,0,0,0,0
75018611,0.888889,0.5,0.5,0.0,0.0,0.2,0.0,0,0.0,0.571429,0,0.0,0.0,0,0.25,0,0,0,0.0,0.0,0.95,0,0,0,0.0,0,0,0.5,0.0,0.666667,0,0.0,0.333333,0.8,0,0,1,0,0,0,0,0,0,0,0,0,0.0,0,0.5,0.285714,0,0,0,0,0
75018713,0.833333,0.5,0.5,0.0,0.0,0.2,0.0,0,0.0,0.428571,0,0.333333,0.0,0,0.25,0,0,0,0.0,0.0,0.85,0,0,0,0.0,0,0,0.416667,0.0,0.666667,0,0.0,0.333333,0.733333,0,0,0,0,0,0,0,0,0,0,0,0,0.0,0,0.5,0.285714,0,0,0,0,0
75018497,0.833333,0.5,0.5,0.0,0.0,0.2,0.0,0,0.0,0.428571,0,0.333333,0.0,0,0.25,0,0,0,0.0,0.0,0.85,0,0,0,0.0,0,0,0.416667,0.0,0.666667,0,0.0,0.333333,0.733333,0,0,0,0,0,0,0,0,0,0,0,0,0.0,0,0.5,0.285714,0,0,0,0,0
75018621,0.888889,0.25,0.5,0.0,0.0,0.2,0.5,0,0.0,0.285714,0,0.0,0.0,0,0.5,0,0,0,0.0,0.0,0.95,0,0,0,0.5,0,0,0.416667,0.1,0.666667,0,0.0,0.333333,0.866667,0,0,0,0,0,0,0,0,0,0,0,0,0.0,0,0.5,0.142857,0,0,0,0,0
75018622,0.888889,0.25,0.5,0.0,0.0,0.2,0.5,0,0.0,0.285714,0,0.0,0.0,0,0.5,0,0,0,0.0,0.0,0.95,0,0,0,0.5,0,0,0.416667,0.1,0.666667,0,0.0,0.333333,0.866667,0,0,0,0,0,0,0,0,0,0,0,0,0.0,0,0.5,0.142857,0,0,0,0,0
18939693,0.833333,0.25,0.5,0.0,0.0,0.2,0.5,0,0.0,0.428571,0,0.333333,0.0,0,0.25,0,0,0,0.0,0.333333,0.85,0,0,0,0.0,0,0,0.416667,0.1,0.666667,0,0.0,0.333333,0.733333,0,0,0,0,0,0,0,0,0,0,0,0,0.0,0,0.5,0.142857,0,0,0,0,0
18939785,0.833333,0.25,0.5,0.0,0.0,0.2,0.5,0,0.0,0.428571,0,0.333333,0.0,0,0.25,0,0,0,0.0,0.333333,0.85,0,0,0,0.0,0,0,0.416667,0.1,0.666667,0,0.0,0.333333,0.733333,0,0,0,0,0,0,0,0,0,0,0,0,0.0,0,0.5,0.142857,0,0,0,0,0
3839,0.722222,0.25,0.5,0.0,0.0,0.2,0.0,0,0.4,0.428571,1,0.0,0.0,0,0.25,0,0,0,0.0,0.0,0.7,0,0,0,0.0,0,0,0.416667,0.1,0.333333,0,0.0,0.0,0.6,0,0,0,0,0,0,0,0,0,0,0,0,0.0,0,0.0,0.142857,0,0,0,0,0
75018520,0.861111,0.25,0.5,0.0,0.0,0.2,0.5,0,0.0,0.571429,0,0.0,0.0,0,0.5,0,0,0,0.0,0.666667,0.85,0,0,0,0.0,0,0,0.5,0.1,0.666667,0,0.0,0.666667,0.733333,0,0,0,0,0,0,0,0,0,0,0,0,0.0,0,0.5,0.142857,0,0,0,0,0
75018521,0.861111,0.25,0.5,0.0,0.0,0.2,0.5,0,0.0,0.571429,0,0.0,0.0,0,0.5,0,0,0,0.0,0.666667,0.85,0,0,0,0.0,0,0,0.5,0.1,0.666667,0,0.0,0.666667,0.733333,0,0,0,0,0,0,0,0,0,0,0,0,0.0,0,0.5,0.142857,0,0,0,0,0
75018730,0.833333,0.5,0.5,0.0,0.0,0.2,0.0,0,0.0,0.571429,0,0.333333,0.0,0,0.25,0,0,0,0.0,0.0,0.85,0,0,0,0.0,0,0,0.5,0.0,0.666667,0,0.0,0.333333,0.733333,0,0,1,0,0,0,0,0,0,0,0,0,0.0,0,0.5,0.285714,0,0,0,0,0
75018731,0.833333,0.5,0.5,0.0,0.0,0.2,0.0,0,0.0,0.571429,0,0.333333,0.0,0,0.25,0,0,0,0.0,0.0,0.85,0,0,0,0.0,0,0,0.5,0.0,0.666667,0,0.0,0.333333,0.733333,0,0,1,0,0,0,0,0,0,0,0,0,0.0,0,0.5,0.285714,0,0,0,0,0
75018702,0.833333,0.25,0.5,0.0,0.0,0.2,0.5,0,0.0,0.428571,0,0.333333,0.0,0,0.25,0,0,0,0.0,0.0,0.85,0,0,0,0.0,0,0,0.5,0.1,0.666667,0,0.0,0.333333,0.733333,0,0,0,0,0,0,0,0,0,0,0,0,0.0,0,0.5,0.142857,0,0,0,0,0
75018703,0.833333,0.25,0.5,0.0,0.0,0.2,0.5,0,0.0,0.428571,0,0.333333,0.0,0,0.25,0,0,0,0.0,0.0,0.85,0,0,0,0.0,0,0,0.5,0.1,0.666667,0,0.0,0.333333,0.733333,0,0,0,0,0,0,0,0,0,0,0,0,0.0,0,0.5,0.142857,0,0,0,0,0
75001302,0.861111,0.0,0.75,0.0,0.0,0.4,0.5,0,0.2,0.571429,0,0.0,0.0,0,0.25,0,1,0,0.0,0.333333,0.65,0,0,0,0.0,0,0,0.5,0.5,0.666667,0,0.0,0.666667,0.666667,0,0,0,0,0,0,0,0,0,0,0,0,0.0,0,0.0,0.0,0,0,0,0,0
75018636,0.833333,0.5,0.5,0.0,0.0,0.2,0.0,0,0.0,0.571429,0,0.666667,0.0,0,0.5,0,0,0,0.0,0.0,0.85,0,0,0,0.0,0,0,0.5,0.0,0.666667,0,0.0,0.333333,0.733333,0,0,1,0,0,0,0,0,0,0,0,0,0.0,0,0.5,0.285714,0,0,0,0,0
75018528,0.861111,0.5,0.625,0.0,0.0,0.2,0.0,0,0.2,0.285714,0,0.333333,0.0,0,0.25,0,0,0,0.0,0.0,0.85,0,0,0,0.0,0,0,0.333333,0.0,0.666667,0,0.0,0.333333,0.8,0,0,0,0,0,0,0,0,0,0,0,0,0.0,0,0.5,0.285714,0,0,0,0,0
78198318,0.888889,0.25,0.5,0.0,0.0,0.2,0.0,0,0.0,0.285714,0,0.666667,0.0,0,0.5,0,0,0,0.0,0.0,0.8,0,0,0,0.0,0,0,0.25,0.1,0.666667,0,0.0,0.333333,0.866667,0,0,1,0,0,0,0,0,0,0,0,0,0.0,0,0.0,0.142857,0,0,0,0,0
49823250,0.777778,0.25,0.5,0.333333,0.0,0.2,0.5,0,0.0,0.428571,0,0.666667,0.0,0,0.25,0,0,0,0.0,0.0,0.75,0,0,0,0.0,0,0,0.416667,0.1,0.666667,0,0.0,0.333333,0.666667,0,0,1,0,0,0,0,0,0,0,0,0,0.0,0,0.0,0.142857,0,0,0,0,0
13385534,0.777778,0.0,0.375,0.0,0.0,0.2,0.0,0,0.6,1.0,0,0.0,0.0,0,1.0,0,0,0,1.0,0.0,0.75,0,0,0,0.0,0,0,0.833333,0.0,0.5,0,0.0,0.0,0.733333,0,0,0,0,0,0,0,0,0,0,0,0,0.0,0,0.0,0.0,0,0,0,0,0
18759190,0.777778,0.25,0.5,0.0,0.0,0.2,0.5,0,0.0,0.571429,0,0.333333,0.0,0,0.0,0,0,0,0.0,0.0,0.75,0,0,0,0.0,0,0,0.583333,0.1,0.666667,0,0.0,0.333333,0.666667,0,0,1,0,0,0,0,0,0,0,0,0,0.0,0,0.5,0.285714,0,0,0,0,0
18759188,0.777778,0.5,0.5,0.0,0.0,0.2,0.5,0,0.0,0.571429,0,0.333333,0.0,0,0.25,0,0,0,0.0,0.0,0.75,0,0,0,0.0,0,0,0.583333,0.1,0.666667,0,0.0,0.333333,0.666667,0,0,1,0,0,0,0,0,0,0,0,0,0.0,0,0.5,0.285714,0,0,0,0,0
70328054,0.833333,0.25,0.5,0.0,0.0,0.2,0.5,0,0.0,0.571429,0,0.333333,0.0,0,0.25,0,0,0,0.0,0.0,0.85,0,0,0,0.0,0,0,0.583333,0.1,0.666667,0,0.0,0.333333,0.733333,0,0,1,0,0,0,0,0,0,0,0,0,0.0,0,0.5,0.142857,0,0,0,0,0
75018729,0.833333,0.25,0.5,0.0,0.0,0.2,0.5,0,0.0,0.571429,0,0.333333,0.0,0,0.25,0,0,0,0.0,0.0,0.85,0,0,0,0.0,0,0,0.583333,0.1,0.666667,0,0.0,0.333333,0.733333,0,0,1,0,0,0,0,0,0,0,0,0,0.0,0,0.5,0.142857,0,0,0,0,0
11828408,0.888889,0.0,1.0,0.0,0.0,0.0,0.5,0,0.2,0.0,0,0.0,0.0,0,0.5,0,0,0,0.0,0.0,0.75,0,0,0,0.0,0,1,0.25,0.7,1.0,0,0.0,0.333333,0.6,0,0,0,0,0,0,0,0,0,0,0,0,0.0,0,0.0,0.0,0,0,1,0,0
75018535,0.833333,0.25,0.5,0.0,0.0,0.2,0.5,0,0.0,0.714286,0,0.333333,0.0,0,0.25,0,0,0,0.0,0.0,0.85,0,0,0,0.0,0,0,0.666667,0.1,0.666667,0,0.0,0.333333,0.733333,0,0,0,0,0,0,0,0,0,0,0,0,0.0,0,0.5,0.142857,0,0,0,0,0
75018712,0.833333,0.25,0.5,0.0,0.0,0.2,0.5,0,0.0,0.714286,0,0.333333,0.0,0,0.25,0,0,0,0.0,0.0,0.85,0,0,0,0.0,0,0,0.666667,0.1,0.666667,0,0.0,0.333333,0.733333,0,0,0,0,0,0,0,0,0,0,0,0,0.0,0,0.5,0.142857,0,0,0,0,0
13385532,0.777778,0.0,0.375,0.0,0.0,0.2,0.0,0,0.6,1.0,0,0.0,0.0,0,0.75,0,0,0,1.0,0.0,0.75,0,0,0,0.0,0,0,0.833333,0.0,0.5,0,0.0,0.0,0.666667,0,0,0,0,0,0,0,0,0,0,0,0,0.0,0,0.0,0.0,0,0,0,0,0
18759019,0.777778,0.5,0.5,0.0,0.0,0.2,0.0,0,0.0,0.571429,0,0.666667,0.0,0,0.25,0,0,0,0.0,0.0,0.75,0,0,0,0.0,0,0,0.5,0.0,0.666667,0,0.0,0.333333,0.666667,0,0,1,0,0,0,0,0,0,0,0,0,0.0,0,0.5,0.285714,0,0,0,0,0
18758911,0.777778,0.5,0.5,0.0,0.0,0.2,0.0,0,0.0,0.571429,0,0.666667,0.0,0,0.25,0,0,0,0.0,0.0,0.75,0,0,0,0.0,0,0,0.5,0.0,0.666667,0,0.0,0.333333,0.666667,0,0,1,0,0,0,0,0,0,0,0,0,0.0,0,0.5,0.285714,0,0,0,0,0
14162445,0.777778,0.0,0.375,0.0,0.0,0.2,0.0,0,0.6,1.0,0,0.0,0.0,0,0.75,0,0,0,1.0,0.0,0.75,0,0,0,0.0,0,0,0.833333,0.1,0.5,0,0.0,0.0,0.733333,0,1,0,0,0,0,0,0,0,0,0,0,0.0,0,0.0,0.0,0,0,0,0,0
13770221,0.805556,0.0,0.375,0.0,0.0,0.2,0.0,0,0.6,1.0,0,0.0,0.0,0,0.75,0,0,0,1.0,0.0,0.75,0,0,0,0.0,0,0,0.916667,0.0,0.666667,0,0.0,0.0,0.8,0,0,0,0,1,0,0,0,0,0,0,0,0.0,0,0.0,0.0,0,0,0,0,0
75018687,0.944444,1.0,0.625,0.0,0.0,0.2,0.0,0,0.0,0.285714,0,0.333333,0.0,0,0.25,0,0,0,0.0,0.0,0.85,0,0,0,0.0,0,0,0.25,0.2,0.666667,0,0.0,0.333333,0.733333,0,0,0,0,0,0,0,0,0,0,0,0,0.0,0,0.5,0.428571,0,0,0,0,0
75018781,0.944444,1.0,0.625,0.0,0.0,0.2,0.0,0,0.0,0.285714,0,0.333333,0.0,0,0.25,0,0,0,0.0,0.0,0.85,0,0,0,0.0,0,0,0.25,0.2,0.666667,0,0.0,0.333333,0.733333,0,0,0,0,0,0,0,0,0,0,0,0,0.0,0,0.5,0.428571,0,0,0,0,0
18759016,0.861111,0.25,0.5,0.333333,0.0,0.2,0.0,0,0.0,0.428571,0,0.666667,0.0,0,0.25,0,0,0,0.0,0.0,0.8,0,0,0,0.0,0,0,0.333333,0.1,0.666667,0,0.0,0.333333,0.8,0,0,1,0,0,0,0,0,0,0,0,0,0.0,0,0.0,0.142857,0,0,0,0,0
75018566,0.861111,0.25,0.5,0.333333,0.0,0.2,0.0,0,0.0,0.428571,0,0.666667,0.0,0,0.25,0,0,0,0.0,0.0,0.8,0,0,0,0.0,0,0,0.333333,0.1,0.666667,0,0.0,0.333333,0.8,0,0,1,0,0,0,0,0,0,0,0,0,0.0,0,0.0,0.142857,0,0,0,0,0
5076,0.777778,0.25,0.5,0.0,0.0,0.2,0.5,0,0.0,0.571429,0,0.666667,0.0,0,0.25,0,0,0,0.0,0.0,0.75,0,0,0,0.0,0,0,0.583333,0.1,0.666667,0,0.0,0.333333,0.666667,0,0,1,0,0,0,0,0,0,0,0,0,0.0,0,0.5,0.142857,0,0,0,0,0
58990865,0.777778,0.25,0.5,0.0,0.0,0.2,0.5,0,0.0,0.571429,0,0.666667,0.0,0,0.25,0,0,0,0.0,0.0,0.75,0,0,0,0.0,0,0,0.583333,0.1,0.666667,0,0.0,0.333333,0.666667,0,0,1,0,0,0,0,0,0,0,0,0,0.0,0,0.5,0.142857,0,0,0,0,0
14162447,0.805556,0.0,0.375,0.0,0.0,0.2,0.0,0,0.6,1.0,0,0.0,0.0,0,0.75,0,0,0,1.0,0.0,0.75,0,0,1,0.0,0,0,0.833333,0.0,0.5,0,0.0,0.0,0.666667,0,0,0,0,0,0,0,0,0,0,0,0,0.0,0,0.0,0.0,0,0,0,0,0
18759039,0.777778,0.25,0.5,0.0,0.0,0.2,0.0,0,0.0,0.714286,0,0.666667,0.0,1,0.25,0,0,0,0.0,0.0,0.75,0,0,0,0.0,0,0,0.666667,0.1,0.666667,0,0.0,0.333333,0.666667,0,0,1,0,0,0,0,0,0,0,0,0,0.0,0,0.5,0.142857,0,0,0,0,0
75018648,0.777778,0.25,0.5,0.0,0.0,0.2,0.0,0,0.0,0.714286,0,0.666667,0.0,1,0.25,0,0,0,0.0,0.0,0.75,0,0,0,0.0,0,0,0.666667,0.1,0.666667,0,0.0,0.333333,0.666667,0,0,1,0,0,0,0,0,0,0,0,0,0.0,0,0.5,0.142857,0,0,0,0,0
18759065,0.777778,0.25,0.5,0.0,0.0,0.2,0.5,0,0.0,0.714286,0,1.0,0.0,0,0.25,0,0,0,0.0,0.333333,0.7,0,0,0,0.0,0,0,0.666667,0.1,0.666667,0,0.0,0.666667,0.666667,0,0,1,0,0,0,0,0,0,0,0,0,0.0,0,0.5,0.142857,0,0,0,0,0
18759116,0.777778,0.25,0.5,0.0,0.0,0.2,0.5,0,0.0,0.714286,0,1.0,0.0,0,0.25,0,0,0,0.0,0.333333,0.7,0,0,0,0.0,0,0,0.666667,0.1,0.666667,0,0.0,0.666667,0.666667,0,0,1,0,0,0,0,0,0,0,0,0,0.0,0,0.5,0.142857,0,0,0,0,0
18759090,0.888889,1.0,0.625,0.0,0.0,0.2,0.0,0,0.0,0.285714,0,0.666667,0.0,0,0.25,0,0,0,0.0,0.0,0.75,0,0,0,0.0,0,0,0.25,0.2,0.666667,0,0.0,0.333333,0.666667,0,0,0,0,0,0,0,0,0,0,0,0,0.0,0,0.5,0.428571,0,0,0,0,0
18759034,0.888889,1.0,0.625,0.0,0.0,0.2,0.0,0,0.0,0.285714,0,0.666667,0.0,0,0.25,0,0,0,0.0,0.0,0.75,0,0,0,0.0,0,0,0.25,0.2,0.666667,0,0.0,0.333333,0.666667,0,0,0,0,0,0,0,0,0,0,0,0,0.0,0,0.5,0.428571,0,0,0,0,0
14162467,0.972222,0.0,0.375,0.0,0.0,0.2,0.0,0,0.4,0.714286,0,0.0,0.0,0,0.75,0,0,0,0.5,0.0,0.8,0,0,0,0.0,0,0,0.666667,0.0,0.666667,0,0.0,0.0,1.0,0,0,0,0,1,0,0,0,0,0,0,0,0.0,0,0.0,0.0,0,0,0,0,0
18624599,0.861111,0.25,0.5,0.0,0.0,0.2,0.0,0,0.0,0.571429,0,0.666667,0.0,0,0.25,0,0,0,0.0,0.0,0.8,0,0,0,0.0,0,0,0.5,0.1,0.666667,0,0.0,0.333333,0.8,0,0,1,0,0,0,0,0,0,0,0,0,0.0,0,0.5,0.142857,0,0,0,0,0
11803531,0.361111,0.0,0.375,0.0,0.0,0.0,0.0,1,0.2,0.0,0,0.666667,0.5,0,0.0,0,0,0,0.0,0.0,0.2,0,0,0,0.0,0,0,0.0833333,0.0,0.333333,0,0.5,0.666667,0.133333,0,0,0,0,0,0,0,0,0,0,0,0,0.0,0,0.0,0.0,0,0,0,0,0
74973835,1.0,0.0,0.25,0.0,0.0,0.0,0.5,0,0.2,0.285714,0,0.0,0.0,0,0.0,0,0,0,0.0,0.0,0.8,0,0,0,0.0,0,0,0.333333,0.3,0.333333,0,0.0,0.0,0.6,0,0,0,0,0,0,0,0,0,0,0,0,0.0,0,0.0,0.0,0,0,0,0,0
23277696,0.805556,0.5,0.25,0.0,0.0,0.2,0.5,0,0.2,0.142857,0,0.0,0.0,1,0.5,0,0,0,0.0,0.0,0.55,0,0,0,0.5,0,0,0.416667,0.2,0.5,0,0.0,0.0,0.733333,0,0,0,0,0,0,0,0,0,0,0,0,0.0,0,0.0,0.285714,0,0,0,0,0
23277668,0.861111,0.5,0.25,0.0,0.0,0.2,0.5,0,0.0,0.142857,0,0.0,0.0,1,0.0,0,0,0,0.0,0.0,0.6,0,0,0,0.0,0,0,0.25,0.5,0.333333,0,0.0,0.0,0.8,0,0,0,0,0,0,0,0,0,0,0,0,0.0,0,0.0,0.285714,0,0,0,0,0
75018774,0.888889,0.5,0.5,0.0,0.0,0.2,0.0,0,0.0,0.285714,0,0.0,0.0,0,0.5,0,0,0,0.0,0.0,0.95,0,0,0,0.0,0,0,0.25,0.0,0.833333,0,0.0,0.0,0.866667,0,0,0,0,0,0,0,0,0,0,0,0,0.0,0,0.5,0.285714,0,0,0,0,0
75018818,0.888889,0.25,0.5,0.0,0.0,0.2,0.5,0,0.0,0.428571,0,0.0,0.0,0,0.25,0,0,0,0.0,0.0,0.95,0,0,0,0.0,0,0,0.5,0.1,0.666667,0,0.0,0.333333,0.8,0,0,0,0,0,0,0,0,0,0,0,0,0.0,0,0.5,0.142857,0,0,0,0,0
75018773,0.888889,0.5,0.5,0.0,0.0,0.2,0.0,0,0.0,0.285714,0,0.0,0.0,0,0.5,0,0,0,0.0,0.0,0.95,0,0,0,0.0,0,0,0.25,0.0,0.833333,0,0.0,0.0,0.866667,0,0,0,0,0,0,0,0,0,0,0,0,0.0,0,0.5,0.285714,0,0,0,0,0
23277659,0.861111,0.5,0.25,0.0,0.0,0.2,0.0,0,0.0,0.142857,0,0.0,0.0,1,0.0,0,0,0,0.0,0.0,0.6,0,0,0,0.0,0,0,0.166667,0.3,0.333333,0,0.0,0.0,0.8,0,0,0,0,0,0,0,0,0,0,0,0,0.0,0,0.0,0.285714,0,0,0,0,0
75018548,0.861111,0.5,0.5,0.0,0.0,0.2,0.0,0,0.0,0.571429,0,0.0,0.0,0,0.5,0,0,0,0.0,0.666667,0.85,0,0,0,0.0,0,0,0.416667,0.0,0.666667,0,0.0,0.666667,0.733333,0,0,0,0,0,0,0,0,0,0,0,0,0.0,0,0.5,0.285714,0,0,0,0,0
86190,0.888889,0.5,0.25,0.0,0.0,0.2,0.0,0,0.0,0.142857,0,0.333333,0.0,1,0.0,0,0,0,0.0,0.0,0.65,0,0,0,0.0,0,0,0.166667,0.3,0.333333,0,0.0,0.0,0.8,0,0,0,0,0,0,0,0,0,0,0,0,0.0,0,0.0,0.285714,0,0,0,0,0
3648,0.388889,0.0,0.5,0.0,0.0,0.2,0.5,0,0.0,0.0,0,0.0,0.0,0,0.0,0,0,0,0.0,0.0,0.25,0,0,0,0.0,0,0,0.0833333,0.1,0.0,0,0.0,0.0,0.4,0,0,0,0,0,0,0,0,0,0,0,0,0.0,0,0.0,0.142857,0,0,0,0,0
4470975,0.944444,0.0,0.5,0.0,0.0,0.4,1.0,0,0.0,0.571429,0,0.0,0.0,0,0.0,0,0,0,0.0,0.0,1.0,0,0,0,0.0,0,0,0.666667,0.2,0.666667,0,0.0,0.0,0.533333,0,0,0,0,0,0,0,0,0,0,0,0,0.0,0,1.0,0.0,0,0,0,0,0
4470975,0.944444,0.0,0.5,0.0,0.0,0.4,1.0,0,0.0,0.571429,0,0.0,0.0,0,0.0,0,0,0,0.0,0.0,1.0,0,0,0,0.0,0,0,0.666667,0.2,0.666667,0,0.0,0.0,0.533333,0,0,0,0,0,0,0,0,0,0,0,0,0.0,0,1.0,0.0,0,0,0,0,0
4470975,0.944444,0.0,0.5,0.0,0.0,0.4,1.0,0,0.0,0.571429,0,0.0,0.0,0,0.0,0,0,0,0.0,0.0,1.0,0,0,0,0.0,0,0,0.666667,0.2,0.666667,0,0.0,0.0,0.533333,0,0,0,0,0,0,0,0,0,0,0,0,0.0,0,1.0,0.0,0,0,0,0,0
4470975,0.944444,0.0,0.5,0.0,0.0,0.4,1.0,0,0.0,0.571429,0,0.0,0.0,0,0.0,0,0,0,0.0,0.0,1.0,0,0,0,0.0,0,0,0.666667,0.2,0.666667,0,0.0,0.0,0.533333,0,0,0,0,0,0,0,0,0,0,0,0,0.0,0,1.0,0.0,0,0,0,0,0
4470975,0.944444,0.0,0.5,0.0,0.0,0.4,1.0,0,0.0,0.571429,0,0.0,0.0,0,0.0,0,0,0,0.0,0.0,1.0,0,0,0,0.0,0,0,0.666667,0.2,0.666667,0,0.0,0.0,0.533333,0,0,0,0,0,0,0,0,0,0,0,0,0.0,0,1.0,0.0,0,0,0,0,0
4470975,0.944444,0.0,0.5,0.0,0.0,0.4,1.0,0,0.0,0.571429,0,0.0,0.0,0,0.0,0,0,0,0.0,0.0,1.0,0,0,0,0.0,0,0,0.666667,0.2,0.666667,0,0.0,0.0,0.533333,0,0,0,0,0,0,0,0,0,0,0,0,0.0,0,1.0,0.0,0,0,0,0,0
4470975,0.944444,0.0,0.5,0.0,0.0,0.4,1.0,0,0.0,0.571429,0,0.0,0.0,0,0.0,0,0,0,0.0,0.0,1.0,0,0,0,0.0,0,0,0.666667,0.2,0.666667,0,0.0,0.0,0.533333,0,0,0,0,0,0,0,0,0,0,0,0,0.0,0,1.0,0.0,0,0,0,0,0
4470975,0.944444,0.0,0.5,0.0,0.0,0.4,1.0,0,0.0,0.571429,0,0.0,0.0,0,0.0,0,0,0,0.0,0.0,1.0,0,0,0,0.0,0,0,0.666667,0.2,0.666667,0,0.0,0.0,0.533333,0,0,0,0,0,0,0,0,0,0,0,0,0.0,0,1.0,0.0,0,0,0,0,0
4470975,0.944444,0.0,0.5,0.0,0.0,0.4,1.0,0,0.0,0.571429,0,0.0,0.0,0,0.0,0,0,0,0.0,0.0,1.0,0,0,0,0.0,0,0,0.666667,0.2,0.666667,0,0.0,0.0,0.533333,0,0,0,0,0,0,0,0,0,0,0,0,0.0,0,1.0,0.0,0,0,0,0,0
78185458,0.861111,0.5,0.5,0.0,0.0,0.2,0.0,0,0.0,0.571429,0,0.0,0.0,0,0.0,0,0,0,0.0,0.0,1.0,0,0,0,0.0,0,0,0.5,0.0,0.666667,0,0.0,0.0,0.533333,0,0,0,0,0,0,0,0,0,0,0,0,0.0,0,1.0,0.285714,0,0,0,0,0
78185459,0.861111,0.5,0.5,0.0,0.0,0.2,0.0,0,0.0,0.571429,0,0.0,0.0,0,0.5,0,0,0,0.0,0.0,1.0,0,0,0,0.0,0,0,0.5,0.0,0.666667,0,0.0,0.0,0.666667,0,0,0,0,0,0,0,0,0,0,0,0,0.0,0,1.0,0.285714,0,0,0,0,0
78185460,0.861111,0.5,0.5,0.0,0.0,0.2,0.0,0,0.0,0.571429,0,0.0,0.0,0,0.5,0,0,0,0.0,0.0,1.0,0,0,0,0.0,0,0,0.5,0.0,0.666667,0,0.0,0.0,0.666667,0,0,0,0,0,0,0,0,0,0,0,0,0.0,0,1.0,0.285714,0,0,0,0,0
78185461,0.861111,0.0,0.5,0.0,0.0,0.2,1.0,0,0.0,0.571429,0,0.0,0.0,0,0.0,0,0,0,0.0,0.0,1.0,0,0,0,0.0,0,0,0.666667,0.2,0.666667,0,0.0,0.0,0.533333,0,0,0,0,0,0,0,0,0,0,0,0,0.0,0,1.0,0.0,0,0,0,0,0
22910068,0.944444,0.5,0.5,0.0,0.0,0.4,0.0,0,0.0,0.571429,0,0.0,0.0,0,0.0,0,0,0,0.0,0.0,1.0,0,0,0,0.0,0,0,0.5,0.0,0.666667,0,0.0,0.0,0.533333,0,0,0,0,0,0,0,0,0,0,0,0,0.0,0,1.0,0.285714,0,0,0,0,0
22910068,0.944444,0.5,0.5,0.0,0.0,0.4,0.0,0,0.0,0.571429,0,0.0,0.0,0,0.0,0,0,0,0.0,0.0,1.0,0,0,0,0.0,0,0,0.5,0.0,0.666667,0,0.0,0.0,0.533333,0,0,0,0,0,0,0,0,0,0,0,0,0.0,0,1.0,0.285714,0,0,0,0,0
22910068,0.944444,0.5,0.5,0.0,0.0,0.4,0.0,0,0.0,0.571429,0,0.0,0.0,0,0.0,0,0,0,0.0,0.0,1.0,0,0,0,0.0,0,0,0.5,0.0,0.666667,0,0.0,0.0,0.533333,0,0,0,0,0,0,0,0,0,0,0,0,0.0,0,1.0,0.285714,0,0,0,0,0
22910068,0.944444,0.5,0.5,0.0,0.0,0.4,0.0,0,0.0,0.571429,0,0.0,0.0,0,0.0,0,0,0,0.0,0.0,1.0,0,0,0,0.0,0,0,0.5,0.0,0.666667,0,0.0,0.0,0.533333,0,0,0,0,0,0,0,0,0,0,0,0,0.0,0,1.0,0.285714,0,0,0,0,0
22910068,0.944444,0.5,0.5,0.0,0.0,0.4,0.0,0,0.0,0.571429,0,0.0,0.0,0,0.0,0,0,0,0.0,0.0,1.0,0,0,0,0.0,0,0,0.5,0.0,0.666667,0,0.0,0.0,0.533333,0,0,0,0,0,0,0,0,0,0,0,0,0.0,0,1.0,0.285714,0,0,0,0,0
22910068,0.944444,0.5,0.5,0.0,0.0,0.4,0.0,0,0.0,0.571429,0,0.0,0.0,0,0.0,0,0,0,0.0,0.0,1.0,0,0,0,0.0,0,0,0.5,0.0,0.666667,0,0.0,0.0,0.533333,0,0,0,0,0,0,0,0,0,0,0,0,0.0,0,1.0,0.285714,0,0,0,0,0
22910068,0.944444,0.5,0.5,0.0,0.0,0.4,0.0,0,0.0,0.571429,0,0.0,0.0,0,0.0,0,0,0,0.0,0.0,1.0,0,0,0,0.0,0,0,0.5,0.0,0.666667,0,0.0,0.0,0.533333,0,0,0,0,0,0,0,0,0,0,0,0,0.0,0,1.0,0.285714,0,0,0,0,0
22910068,0.944444,0.5,0.5,0.0,0.0,0.4,0.0,0,0.0,0.571429,0,0.0,0.0,0,0.0,0,0,0,0.0,0.0,1.0,0,0,0,0.0,0,0,0.5,0.0,0.666667,0,0.0,0.0,0.533333,0,0,0,0,0,0,0,0,0,0,0,0,0.0,0,1.0,0.285714,0,0,0,0,0
22910068,0.944444,0.5,0.5,0.0,0.0,0.4,0.0,0,0.0,0.571429,0,0.0,0.0,0,0.0,0,0,0,0.0,0.0,1.0,0,0,0,0.0,0,0,0.5,0.0,0.666667,0,0.0,0.0,0.533333,0,0,0,0,0,0,0,0,0,0,0,0,0.0,0,1.0,0.285714,0,0,0,0,0
11114675,0.722222,0.0,0.75,0.0,0.0,0.0,1.0,0,0.2,0.0,0,0.0,0.0,0,0.5,0,0,0,0.0,0.0,0.45,0,0,0,0.0,0,1,0.333333,1.0,0.666667,0,0.0,0.333333,0.4,0,0,0,0,0,0,0,0,0,0,0,0,0.0,0,0.0,0.0,0,0,1,0,0
10962985,0.722222,0.0,0.75,0.0,0.0,0.0,0.5,0,0.2,0.0,0,0.0,0.0,0,0.5,0,1,0,0.0,0.0,0.4,0,0,0,0.0,0,1,0.25,0.7,0.666667,0,0.0,0.333333,0.4,0,0,0,0,0,0,0,0,0,0,0,0,0.0,0,0.0,0.0,0,0,1,0,0
10876117,0.805556,0.0,0.875,0.0,0.0,0.0,0.0,0,0.4,0.285714,0,0.0,0.0,0,0.5,0,0,0,0.0,0.0,0.5,0,0,0,0.0,0,1,0.5,0.6,0.833333,1,0.0,0.333333,0.6,0,0,0,0,0,0,0,0,0,0,0,0,0.0,0,0.0,0.0,0,0,1,0,0
22910111,0.944444,0.5,0.5,0.0,0.0,0.4,0.0,0,0.0,0.571429,0,0.0,0.0,0,0.5,0,0,0,0.0,0.0,1.0,0,0,0,0.0,0,0,0.5,0.0,0.666667,0,0.0,0.0,0.666667,0,0,0,0,0,0,0,0,0,0,0,0,0.0,0,1.0,0.285714,0,0,0,0,0
22910076,0.944444,0.5,0.5,0.0,0.0,0.4,0.0,0,0.0,0.571429,0,0.0,0.0,0,0.5,0,0,0,0.0,0.0,1.0,0,0,0,0.0,0,0,0.5,0.0,0.666667,0,0.0,0.0,0.666667,0,0,0,0,0,0,0,0,0,0,0,0,0.0,0,1.0,0.285714,0,0,0,0,0
20865,0.277778,0.0,0.25,0.0,0.0,0.0,0.0,0,0.0,0.0,0,0.0,0.0,0,0.0,0,0,0,0.0,0.0,0.45,0,0,0,0.0,0,0,0.0,0.0,0.5,0,0.5,0.0,0.2,0,0,0,0,0,0,0,0,0,0,0,0,0.0,0,0.0,0.0,0,0,0,0,0
788021,0.277778,0.0,0.25,0.0,0.0,0.0,0.0,0,0.0,0.0,0,0.0,0.0,0,0.0,0,0,0,0.0,0.0,0.4,0,0,0,0.0,0,0,0.0,0.0,0.666667,0,0.5,0.0,0.266667,0,0,0,0,0,0,0,0,0,0,0,0,0.0,0,0.0,0.0,0,0,0,0,0
16787408,0.277778,0.0,0.25,0.0,0.0,0.0,0.0,0,0.0,0.142857,0,0.0,0.0,0,0.0,0,0,0,0.0,0.0,0.4,0,0,0,0.0,0,0,0.166667,0.0,0.666667,0,0.5,0.0,0.266667,0,0,0,0,0,0,0,0,0,0,0,0,0.0,0,0.0,0.0,0,0,0,0,0
578975,0.277778,0.0,0.25,0.0,0.0,0.0,0.0,0,0.0,0.0,0,0.0,0.0,0,0.0,0,0,0,0.0,0.0,0.4,0,0,0,0.5,0,0,0.0833333,0.0,0.666667,0,0.5,0.0,0.266667,0,0,0,0,0,0,0,0,0,0,0,0,0.0,0,0.0,0.0,0,0,0,0,0
231837,0.277778,0.0,0.25,0.0,0.0,0.0,0.0,0,0.0,0.0,0,0.0,0.0,0,0.0,0,0,0,0.0,0.0,0.45,0,0,0,0.0,0,0,0.0,0.0,0.5,0,0.5,0.0,0.2,0,0,0,0,0,0,0,0,0,0,0,0,0.0,0,0.0,0.0,0,0,0,0,0
311763,0.277778,0.0,0.25,0.0,0.0,0.0,0.0,0,0.0,0.0,0,0.0,0.0,0,0.0,0,0,0,0.0,0.0,0.4,0,0,0,0.0,0,0,0.0,0.0,0.666667,0,0.5,0.0,0.266667,0,0,0,0,0,0,0,0,0,0,0,0,0.0,0,0.0,0.0,0,0,0,0,0
16781984,0.277778,0.0,0.25,0.0,0.0,0.0,0.0,0,0.0,0.0,0,0.0,0.0,0,0.0,0,0,0,0.0,0.0,0.4,0,0,0,0.0,0,0,0.0833333,0.0,0.666667,0,0.5,0.0,0.266667,0,0,0,0,0,0,0,0,0,0,0,0,0.0,0,0.0,0.0,0,0,0,0,0
9047,0.222222,0.0,0.25,0.0,0.0,0.0,0.0,0,0.0,0.0,0,0.0,0.0,0,0.5,0,0,0,0.0,0.0,0.3,0,0,0,0.5,0,0,0.0833333,0.0,0.333333,0,0.5,0.666667,0.133333,0,0,0,0,0,0,0,0,0,0,0,0,0.0,0,0.0,0.0,0,0,0,0,0
61466288,0.277778,0.0,0.25,0.0,0.0,0.0,0.0,0,0.0,0.0,0,0.0,0.0,0,0.0,0,0,0,0.0,0.0,0.35,0,0,0,0.0,0,0,0.0,0.0,0.5,0,0.5,0.0,0.333333,0,0,0,0,0,0,0,0,0,0,0,0,0.0,0,0.0,0.0,0,0,0,0,0
95067,0.111111,0.0,0.125,0.0,0.0,0.0,0.0,0,0.2,0.285714,0,0.0,0.0,0,0.0,0,0,0,0.0,0.0,0.2,0,0,0,0.0,0,0,0.333333,0.0,0.333333,1,0.5,0.0,0.133333,1,0,0,0,0,0,0,0,0,0,0,0,0.0,0,0.0,0.0,0,0,0,0,0
74369,0.111111,0.0,0.125,0.0,0.0,0.0,0.0,0,0.2,0.0,0,0.0,0.0,0,0.0,1,0,0,0.0,0.0,0.2,0,0,0,0.0,0,0,0.166667,0.0,0.333333,0,0.5,0.0,0.133333,0,0,0,0,0,0,0,0,0,0,0,0,0.0,0,0.0,0.0,0,0,0,0,0
743889,0.25,0.0,0.25,0.0,0.0,0.0,0.0,0,0.0,0.142857,0,0.0,0.0,0,0.25,0,0,0,0.0,0.333333,0.35,0,0,0,0.0,0,0,0.0833333,0.0,0.5,0,0.5,0.333333,0.266667,0,0,0,0,0,0,0,0,0,0,0,0,0.0,0,0.0,0.0,0,0,0,0,0
5344,0.194444,0.0,0.25,0.0,0.0,0.0,0.0,0,0.0,0.285714,0,0.0,0.0,0,0.0,0,0,0,0.0,0.666667,0.2,0,0,0,0.0,0,0,0.166667,0.0,0.333333,0,0.5,0.333333,0.133333,0,0,0,0,0,0,0,0,0,0,0,0,0.0,0,0.0,0.142857,0,0,0,0,0
28967489,0.277778,0.0,0.25,0.0,0.0,0.0,0.0,0,0.0,0.142857,0,0.0,0.0,0,0.0,0,0,0,0.0,0.333333,0.35,0,0,0,0.0,0,0,0.0833333,0.0,0.5,0,0.5,0.0,0.333333,0,0,0,0,0,0,0,0,0,0,0,0,0.0,0,0.0,0.0,0,0,0,0,0
102099720,0.277778,0.0,0.25,0.0,0.0,0.0,0.0,0,0.0,0.0,0,0.0,0.0,0,0.0,0,0,0,0.0,0.0,0.35,0,0,0,0.0,0,0,0.0,0.0,0.5,0,0.5,0.0,0.333333,0,0,0,0,0,0,0,0,0,0,0,0,0.0,0,0.0,0.0,0,0,0,0,0
4999,0.388889,0.0,0.5,0.0,0.0,0.0,0.0,0,0.2,0.0,1,0.0,0.0,0,0.25,0,0,0,0.0,0.0,0.35,0,0,0,0.0,0,0,0.0833333,0.1,0.5,0,0.0,0.333333,0.266667,0,0,0,0,0,0,0,0,0,0,0,0,0.0,0,0.0,0.0,0,0,0,0,0
54897,0.416667,0.0,0.5,0.0,0.0,0.0,0.0,0,0.4,0.285714,0,0.0,0.0,0,0.0,0,0,0,0.0,0.0,0.35,0,0,0,0.0,0,0,0.333333,0.3,0.5,0,0.0,0.333333,0.4,0,0,0,0,0,0,0,0,0,0,0,0,0.0,0,0.0,0.0,0,0,0,0,0
60795,0.583333,0.25,0.5,0.0,0.0,0.0,0.0,0,0.0,0.0,0,0.0,0.0,0,0.0,0,0,0,0.0,0.0,0.3,0,0,0,0.0,0,0,0.0,0.5,0.333333,0,0.0,0.0,0.4,0,0,0,0,0,0,0,0,0,0,0,0,0.0,0,0.0,0.142857,0,0,0,0,0
60854,0.527778,0.0,0.75,0.0,0.0,0.0,0.0,0,0.0,0.0,0,0.333333,0.0,0,0.0,0,0,0,0.0,0.0,0.3,0,0,0,0.0,0,0,0.0,0.5,0.666667,0,0.0,0.333333,0.333333,0,0,0,0,0,0,0,0,0,0,0,0,0.0,0,0.0,0.0,0,0,0,0,0
4745,0.388889,0.0,0.5,0.0,0.0,0.0,0.0,0,0.4,0.142857,1,0.0,0.0,0,0.25,0,0,0,0.0,0.0,0.35,0,0,0,0.0,0,0,0.25,0.2,0.333333,0,0.0,0.0,0.466667,0,0,0,0,0,0,0,0,0,0,0,0,0.0,0,0.0,0.0,0,0,0,0,0
71272,0.388889,0.0,0.5,0.0,0.0,0.0,0.5,0,0.2,0.0,0,0.0,0.0,0,0.25,0,0,0,0.0,0.0,0.4,0,0,0,0.0,0,0,0.166667,0.0,0.5,0,0.0,0.333333,0.333333,0,0,0,0,0,0,0,0,0,0,0,0,0.0,0,0.0,0.0,0,0,0,0,0
4449,0.583333,0.25,0.25,0.0,0.0,0.0,0.0,0,0.0,0.142857,0,0.0,0.0,0,0.0,0,1,0,0.0,0.0,0.45,0,0,0,0.0,0,0,0.166667,0.7,0.5,0,0.0,0.333333,0.2,0,0,0,0,0,0,0,0,0,0,0,0,0.0,0,0.0,0.142857,0,0,0,0,0
2118,0.388889,0.0,0.625,0.0,0.0,0.0,0.0,1,0.0,0.142857,0,0.0,0.0,0,0.25,0,0,0,0.0,0.333333,0.4,0,0,0,0.0,0,0,0.0833333,0.0,0.333333,0,0.0,1.0,0.333333,0,0,0,0,0,0,0,0,0,0,0,0,0.0,0,0.0,0.0,0,0,0,0,0
2196,0.25,0.0,0.125,0.0,0.0,0.0,0.0,0,0.0,0.0,0,0.0,0.0,0,0.0,0,0,0,0.0,0.0,0.2,0,0,0,0.5,0,0,0.0833333,0.1,0.333333,0,0.0,0.0,0.2,0,0,0,0,0,0,0,0,0,0,0,0,0.0,0,0.0,0.0,0,0,0,0,0
2441,0.333333,0.0,0.5,0.0,0.0,0.0,0.0,0,0.0,0.0,0,0.0,0.0,0,0.25,0,0,0,0.0,0.0,0.35,0,0,0,0.0,0,0,0.0,0.0,0.333333,0,0.0,0.333333,0.266667,0,0,0,0,0,0,0,0,0,0,0,0,0.0,0,0.0,0.0,0,0,0,0,0
2474,0.333333,0.0,0.125,0.0,0.0,0.0,0.0,0,0.2,0.428571,0,0.0,0.0,0,0.0,0,0,0,0.0,0.666667,0.2,0,0,0,0.0,0,0,0.333333,0.2,0.166667,0,0.0,0.0,0.133333,0,0,0,0,0,0,0,0,0,0,0,0,0.0,0,0.0,0.0,0,0,0,0,0
444,0.166667,0.0,0.125,0.333333,0.0,0.0,0.0,0,0.2,0.571429,0,0.0,0.0,0,0.0,0,0,0,0.0,0.0,0.2,0,0,0,0.0,0,0,0.416667,0.0,0.333333,0,0.0,0.0,0.133333,0,0,0,0,0,0,0,0,0,0,0,0,0.0,0,0.0,0.0,0,0,0,0,0
2801,0.416667,0.0,0.5,0.0,0.0,0.0,0.0,0,0.2,0.0,0,0.0,0.0,0,0.0,0,0,0,0.0,0.0,0.35,0,0,0,0.0,0,0,0.166667,0.1,0.5,0,0.0,0.0,0.333333,0,0,0,0,0,0,0,0,0,0,0,0,0.0,0,0.0,0.0,0,0,0,0,0
2802,0.361111,0.0,0.5,0.0,0.0,0.0,0.0,0,0.0,0.0,0,0.0,0.0,0,0.25,0,0,0,0.0,0.0,0.35,0,0,0,0.0,0,0,0.0,0.0,0.5,0,0.0,0.333333,0.266667,0,0,0,0,0,0,0,0,0,0,0,0,0.0,0,0.0,0.0,0,0,0,0,0
3337,0.166667,0.0,0.125,0.333333,0.0,0.0,0.0,0,0.2,0.285714,0,0.0,0.0,0,0.0,0,0,0,0.0,0.0,0.2,0,0,0,0.0,0,0,0.333333,0.0,0.333333,0,0.0,0.0,0.266667,0,0,0,0,0,0,0,0,0,0,0,0,0.0,0,0.0,0.0,0,0,0,0,0
3148,0.472222,0.0,0.375,0.0,0.0,0.0,0.0,0,0.0,0.0,0,0.0,0.0,0,0.25,0,0,0,0.0,0.0,0.45,0,0,0,0.0,0,0,0.0,0.1,0.5,0,0.0,0.0,0.6,0,0,0,0,0,0,0,0,0,0,0,0,0.0,0,0.0,0.142857,0,0,0,0,0
3380,0.361111,0.0,0.5,0.0,0.0,0.0,0.5,0,0.0,0.0,0,0.0,0.0,0,0.25,0,0,0,0.0,0.0,0.35,0,0,0,0.0,0,0,0.0833333,0.0,0.5,0,0.0,0.333333,0.266667,0,0,0,0,0,0,0,0,0,0,0,0,0.0,0,0.0,0.0,0,0,0,0,0
3686,0.361111,0.0,0.125,0.0,0.0,0.2,0.0,0,0.2,0.142857,0,0.0,0.0,0,0.0,0,0,0,0.0,0.333333,0.0,0,0,0,1.0,0,0,0.333333,0.0,0.0,0,0.0,0.0,0.0666667,0,0,0,0,0,0,0,0,0,0,0,0,0.0,0,0.0,0.0,0,0,0,0,0
3878,0.194444,0.0,0.25,0.0,0.0,0.0,0.0,0,0.0,0.0,0,0.0,0.0,0,0.0,0,0,0,0.0,0.0,0.15,0,0,0,0.0,0,0,0.0,0.0,0.166667,0,0.0,0.333333,0.0666667,0,0,0,0,0,0,0,0,0,0,1,0,0.0,0,0.0,0.0,0,0,0,0,0
3958,0.361111,0.0,0.5,0.0,0.0,0.2,0.0,0,0.0,0.0,0,0.0,0.0,0,0.0,0,0,0,0.0,0.0,0.35,0,0,0,0.0,0,0,0.0,0.0,0.5,0,0.0,0.333333,0.2,0,0,0,0,0,0,0,0,0,0,0,0,0.0,0,0.0,0.0,0,0,0,0,0
4158,0.305556,0.0,0.125,0.0,0.0,0.0,0.0,0,0.2,0.0,0,0.0,0.0,0,0.25,0,0,0,0.0,0.0,0.35,0,0,0,0.0,0,0,0.0833333,0.0,0.166667,0,0.0,0.0,0.133333,0,0,0,0,0,0,0,0,1,0,0,0,0.0,0,0.0,0.0,0,0,0,0,0
10359044,0.388889,0.0,0.625,0.0,0.0,0.0,0.0,1,0.0,0.142857,0,0.0,0.0,0,0.25,0,0,0,0.0,0.333333,0.35,0,0,0,0.0,0,0,0.0833333,0.0,0.5,0,0.0,1.0,0.266667,0,0,0,0,0,0,0,0,0,0,0,0,0.0,0,0.0,0.0,0,0,0,0,0
44115,0.388889,0.0,0.375,0.0,0.0,0.2,0.0,0,0.2,0.0,0,0.0,0.0,0,0.25,0,0,0,0.0,0.0,0.35,0,0,0,0.0,0,0,0.0833333,0.0,0.5,0,0.0,0.333333,0.333333,0,0,0,0,0,0,0,0,0,0,0,0,0.0,0,0.0,0.0,0,0,0,0,0
5002,0.5,0.5,0.625,0.0,0.0,0.2,0.0,0,0.2,0.0,0,0.666667,0.0,0,0.0,0,0,0,0.0,0.0,0.4,0,0,0,0.0,0,0,0.0833333,0.5,0.666667,0,0.0,0.333333,0.0,0,0,0,0,0,0,0,0,0,0,0,0,0.0,0,0.0,0.142857,0,0,0,0,0
5203,0.388889,0.0,0.375,0.0,0.0,0.0,0.0,0,0.0,0.0,0,0.0,0.0,0,0.0,0,0,0,0.0,0.0,0.4,0,0,0,0.0,0,0,0.0833333,0.0,0.5,0,0.0,0.0,0.333333,0,0,0,0,0,0,0,0,0,0,0,0,0.0,0,0.0,0.0,0,0,0,0,0
5210,0.277778,0.0,0.25,0.0,0.0,0.0,0.0,0,0.2,0.285714,0,0.0,0.0,0,0.0,0,0,0,0.5,0.0,0.2,0,0,0,0.0,0,0,0.416667,0.0,0.333333,0,0.0,0.0,0.2,0,0,0,0,0,0,0,0,0,0,0,0,0.0,0,0.0,0.0,0,1,0,0,0
5374,0.166667,0.0,0.25,0.0,0.0,0.0,0.0,0,0.2,0.0,0,0.666667,0.0,0,0.0,0,0,0,0.0,0.0,0.0,0,0,0,0.0,0,0,0.166667,0.3,0.0,0,0.0,0.333333,0.133333,0,0,0,0,0,0,0,0,0,0,0,0,0.0,0,0.0,0.0,0,0,0,0,0
68870,0.472222,0.0,0.5,0.0,0.0,0.2,0.5,0,0.2,0.0,0,0.0,0.0,0,0.25,0,0,0,0.0,0.0,0.4,0,1,0,0.0,0,0,0.166667,0.0,0.5,0,0.5,0.0,0.2,1,0,0,0,0,0,0,0,0,0,0,0,0.0,0,0.0,0.0,0,0,0,0,0
5556,0.388889,0.0,0.625,0.0,0.0,0.0,0.0,1,0.0,0.142857,0,0.0,0.0,0,0.25,0,0,0,0.0,0.333333,0.35,0,0,0,0.0,0,0,0.0833333,0.0,0.5,0,0.0,1.0,0.266667,0,0,0,0,0,0,0,0,0,0,0,0,0.0,0,0.0,0.0,0,0,0,0,0
5732,0.361111,0.0,0.5,0.0,0.0,0.0,0.0,0,0.2,0.285714,0,0.0,0.0,0,0.0,0,0,0,0.0,0.666667,0.35,0,0,0,0.0,0,0,0.333333,0.1,0.5,0,0.0,0.333333,0.4,0,0,0,0,0,0,0,0,0,0,0,0,0.0,0,0.0,0.0,0,0,0,0,0
5735,0.388889,0.0,0.375,0.0,0.0,0.0,0.5,0,0.0,0.0,0,0.0,0.0,0,0.75,0,0,0,0.0,0.0,0.3,0,0,0,0.0,0,0,0.0833333,0.4,0.166667,0,0.0,1.0,0.133333,0,0,0,0,0,0,0,0,0,0,0,0,0.0,0,0.0,0.142857,0,0,0,0,0
74769,0.416667,0.0,0.625,0.0,1.0,0.2,0.0,0,0.2,0.142857,0,0.0,0.0,0,0.0,0,0,0,0.0,0.0,0.3,0,0,0,0.0,0,0,0.166667,0.0,0.666667,0,0.0,0.0,0.2,0,0,0,0,0,0,0,0,0,0,0,0,0.0,0,0.0,0.142857,0,0,0,0,0
11410975,0.472222,0.25,0.75,0.0,1.0,0.0,0.0,0,0.4,0.142857,0,0.0,0.0,0,0.0,0,0,0,0.0,0.0,0.3,0,0,0,0.0,0,0,0.333333,0.0,0.666667,0,0.0,0.0,0.2,0,0,0,0,0,0,0,0,0,0,0,0,0.0,0,0.0,0.285714,0,0,0,0,0
16736849,0.472222,0.25,0.75,0.0,1.0,0.0,0.0,0,0.4,0.714286,0,0.0,0.0,0,0.0,0,0,0,0.0,0.0,0.3,0,0,0,0.0,0,0,0.666667,0.1,0.666667,0,0.0,0.0,0.2,0,0,0,0,0,0,0,0,0,0,0,1,0.0,0,0.0,0.285714,0,0,0,0,0
192125,0.5,0.25,0.75,0.0,1.0,0.0,0.0,0,0.4,0.142857,0,0.0,0.0,0,0.0,0,0,0,0.0,0.0,0.3,0,0,0,0.0,0,0,0.333333,0.0,0.666667,0,0.0,0.0,0.2,0,0,0,0,0,0,0,0,0,0,0,0,0.0,0,0.0,0.285714,0,0,0,0,0
12543,0.111111,0.0,0.125,0.0,0.0,0.0,0.0,0,0.2,0.142857,0,0.0,0.0,0,0.0,0,0,0,0.0,0.333333,0.2,0,0,0,0.0,0,0,0.166667,0.0,0.333333,0,0.5,0.0,0.133333,0,0,0,0,0,0,0,0,0,0,0,0,0.0,0,0.0,0.0,0,0,0,0,0
2756,0.138889,0.0,0.125,0.0,0.0,0.0,0.0,0,0.2,0.142857,0,0.0,0.0,0,0.5,0,0,0,0.0,0.333333,0.05,0,0,0,0.0,0,0,0.25,0.0,0.0,0,0.0,0.0,0.0666667,0,0,0,0,0,0,0,0,0,0,0,0,0.0,0,0.0,0.0,0,0,0,0,0
3687,0.166667,0.0,0.0,0.0,0.5,0.4,0.0,0,0.0,0.0,0,0.0,0.0,0,0.0,0,0,0,0.0,0.0,0.1,0,0,0,0.0,0,0,0.0833333,0.1,0.166667,0,0.0,0.0,0.133333,0,0,0,0,0,0,0,0,0,0,0,0,0.0,0,0.0,0.142857,0,0,0,0,0
13763145,0.138889,0.0,0.25,0.0,0.0,0.0,0.0,0,0.0,0.0,0,1.0,0.5,0,0.0,0,0,0,0.0,0.0,0.05,0,0,0,0.0,0,0,0.0,0.0,0.166667,0,0.0,0.0,0.133333,0,0,0,0,0,0,0,0,0,0,0,0,0.0,0,0.0,0.0,0,0,0,0,0
3371,0.277778,0.0,0.25,0.0,0.0,0.2,0.0,0,0.0,0.0,0,0.0,0.0,0,0.0,0,0,1,0.0,0.0,0.4,0,0,0,0.0,0,0,0.166667,0.0,0.666667,0,0.0,0.0,0.133333,0,0,0,0,0,0,0,0,0,0,0,0,0.0,0,0.0,0.0,0,0,0,0,0
4488,0.25,0.0,0.25,0.0,0.0,0.2,0.0,0,0.0,0.0,0,0.0,0.0,0,0.0,0,0,1,0.0,0.0,0.35,0,0,0,0.0,0,0,0.166667,0.0,0.333333,0,0.0,0.0,0.2,0,0,0,0,0,0,0,0,0,0,0,0,0.0,0,0.0,0.0,0,0,0,0,0
74020864,0.0,0.0,0.125,0.0,0.0,0.0,0.5,0,0.2,0.0,0,0.666667,0.5,0,0.0,0,1,0,0.0,0.0,0.0,0,0,0,0.0,0,0,0.166667,0.0,0.0,0,0.0,0.666667,0.0,0,0,0,0,0,0,0,0,0,0,0,0,0.0,0,0.0,0.0,0,0,0,0,0
138395483,0.361111,0.5,0.375,0.333333,0.0,0.0,0.0,0,0.2,0.285714,0,0.0,0.0,0,0.0,0,0,0,0.0,0.0,0.3,0,0,0,0.5,0,0,0.333333,0.0,0.333333,0,0.0,0.0,0.4,0,0,0,0,0,0,0,0,0,0,0,0,0.0,0,0.0,0.142857,0,0,0,0,0
13412424,0.333333,0.5,0.375,0.333333,0.0,0.0,0.0,0,0.2,0.571429,0,0.0,0.0,0,0.0,0,0,0,0.0,0.0,0.3,0,0,0,0.5,0,0,0.5,0.0,0.333333,0,0.0,0.0,0.4,0,0,0,0,0,0,0,0,0,0,0,0,0.0,0,0.0,0.285714,0,0,0,0,0
15330,0.416667,0.0,0.375,0.333333,0.0,0.0,0.0,0,0.4,0.285714,0,0.0,0.0,0,0.0,0,0,0,0.0,0.0,0.5,0,0,0,0.0,0,0,0.416667,0.0,0.333333,0,0.0,0.0,0.266667,0,0,0,1,0,0,0,0,0,0,0,0,0.5,0,0.0,0.142857,0,0,0,0,0
74001015,0.0,0.0,0.125,0.0,0.0,0.0,0.5,0,0.2,0.0,0,0.666667,0.5,0,0.0,1,1,0,0.0,0.0,0.0,0,0,0,0.0,0,0,0.25,0.0,0.0,0,0.0,0.666667,0.0,0,0,0,0,0,0,0,0,0,0,0,0,0.0,0,0.0,0.0,0,0,0,0,0
3638938,0.0,0.0,0.125,0.0,0.0,0.0,0.5,0,0.2,0.0,0,0.666667,0.5,0,0.0,0,1,0,0.0,0.0,0.0,0,0,0,0.0,0,0,0.166667,0.0,0.0,0,0.0,0.666667,0.0,0,0,0,0,0,0,0,0,0,0,0,0,0.0,1,0.0,0.0,0,0,0,0,0
3964,0.416667,0.0,0.625,0.0,0.0,0.0,0.5,0,0.0,0.0,0,0.0,0.0,0,0.0,0,0,0,0.0,0.0,0.35,0,0,0,0.0,0,0,0.0833333,0.4,0.5,0,0.0,0.333333,0.2,0,0,0,0,0,0,0,0,0,0,0,0,0.0,0,0.0,0.142857,0,0,0,0,0
23276885,0.388889,0.25,0.375,0.333333,0.0,0.4,0.0,0,0.4,0.142857,0,0.0,0.0,0,0.0,0,0,0,0.0,0.0,0.3,0,0,0,0.5,0,0,0.333333,0.2,0.333333,0,0.0,0.0,0.466667,0,0,0,0,0,0,0,0,0,0,0,0,0.0,0,0.0,0.142857,0,0,0,0,0
4641,0.416667,0.0,0.25,0.0,0.0,0.2,0.0,0,0.2,0.142857,0,0.0,0.0,0,0.0,0,0,0,0.0,0.0,0.5,0,0,0,0.0,0,0,0.166667,0.0,0.5,0,0.0,0.0,0.266667,0,0,0,0,0,0,0,0,0,0,0,0,0.0,0,0.0,0.0,0,0,0,0,0
10832648,0.166667,0.0,0.25,0.0,0.0,0.0,0.0,1,0.0,0.0,0,0.666667,0.5,0,0.0,0,0,0,0.0,0.0,0.2,0,0,0,0.0,0,0,0.0,0.0,0.333333,0,0.5,0.666667,0.133333,0,0,0,0,0,0,0,0,0,0,0,0,0.0,0,0.0,0.0,0,0,0,0,0
395815,0.166667,0.0,0.375,0.0,0.0,0.0,0.0,1,0.2,0.142857,0,0.666667,0.5,0,0.0,0,0,0,0.0,0.0,0.2,0,0,0,0.0,0,0,0.166667,0.0,0.333333,0,0.5,0.666667,0.133333,0,0,0,0,0,0,0,0,0,0,0,0,0.0,0,0.0,0.0,0,0,0,0,0
2662,0.361111,0.0,0.375,0.0,0.0,0.0,0.0,0,0.0,0.142857,0,0.0,0.5,0,0.0,0,1,0,0.0,0.333333,0.45,0,0,0,0.0,0,0,0.166667,0.0,0.833333,0,0.0,0.333333,0.333333,0,0,0,0,0,0,0,0,0,0,0,0,0.0,0,0.0,0.0,0,0,0,0,0
54325826,0.833333,0.0,0.5,0.0,0.0,0.4,0.0,0,0.2,0.428571,1,0.0,0.0,0,0.0,0,0,0,0.0,0.0,0.75,0,0,0,0.0,0,0,0.416667,0.5,0.5,0,0.0,0.0,0.733333,0,0,0,0,0,0,0,0,0,0,0,0,0.0,0,0.0,0.0,0,0,0,0,0
75001354,0.944444,0.0,0.75,0.0,0.0,0.4,0.0,0,0.2,0.428571,0,0.0,0.0,0,0.0,0,0,0,0.0,0.0,0.9,0,0,0,0.0,0,0,0.333333,0.5,1.0,0,0.0,0.0,0.8,0,0,0,0,0,0,0,0,0,0,0,0,0.0,0,0.0,0.0,0,0,0,0,0
75018664,0.861111,1.0,0.5,0.0,0.0,0.2,0.0,0,0.0,0.428571,0,0.0,0.0,0,0.0,0,0,0,0.0,0.333333,0.9,0,0,0,0.0,0,0,0.333333,0.0,0.666667,0,0.0,0.333333,0.8,0,0,0,0,0,0,0,0,0,0,0,0,0.0,0,0.5,0.428571,0,0,0,0,0
75018735,0.861111,0.5,0.5,0.0,0.0,0.2,0.0,0,0.0,0.285714,0,0.0,0.0,0,0.75,0,0,0,0.0,0.0,0.95,0,0,0,0.0,0,0,0.25,0.0,0.5,0,0.0,0.333333,0.8,0,0,0,0,0,0,0,0,0,0,0,0,0.0,0,0.5,0.285714,0,0,0,0,0
75018645,0.888889,0.25,0.5,0.0,0.0,0.2,0.5,0,0.0,0.428571,0,0.0,0.0,0,0.5,0,0,0,0.0,0.333333,0.95,0,0,0,0.0,0,0,0.416667,0.1,0.833333,0,0.0,0.0,0.866667,0,0,0,0,0,0,0,0,0,0,0,0,0.0,0,0.5,0.142857,0,0,0,0,0
75018615,0.888889,0.5,0.5,0.0,0.0,0.2,0.0,0,0.0,0.428571,0,0.0,0.0,0,0.25,0,0,0,0.0,0.333333,0.95,0,0,0,0.0,0,0,0.333333,0.0,0.666667,0,0.0,0.333333,0.8,0,0,0,0,0,0,0,0,0,0,0,0,0.0,0,0.5,0.285714,0,0,0,0,0
75018680,0.861111,0.5,0.5,0.0,0.0,0.2,0.0,0,0.0,0.428571,0,0.0,0.0,0,0.5,0,0,0,0.0,0.333333,0.9,0,0,0,0.0,0,0,0.333333,0.0,0.666667,0,0.0,0.333333,0.8,0,0,0,0,0,0,0,0,0,0,0,0,0.0,0,0.5,0.285714,0,0,0,0,0
75018763,0.861111,0.5,0.5,0.0,0.0,0.2,0.0,0,0.0,0.428571,0,0.0,0.0,0,0.5,0,0,0,0.0,0.333333,0.9,0,0,0,0.0,0,0,0.333333,0.0,0.666667,0,0.0,0.333333,0.8,0,0,0,0,0,0,0,0,0,0,0,0,0.0,0,0.5,0.285714,0,0,0,0,0
75018657,0.888889,0.25,0.5,0.0,0.0,0.2,0.5,0,0.0,0.285714,0,0.0,0.0,0,0.5,0,0,0,0.0,0.0,0.95,0,0,0,0.5,0,0,0.416667,0.1,0.833333,0,0.0,0.0,0.866667,0,0,0,0,0,0,0,0,0,0,0,0,0.0,0,0.5,0.142857,0,0,0,0,0
75018826,0.888889,0.5,0.5,0.0,0.0,0.2,0.0,0,0.0,0.571429,0,0.0,0.0,0,0.25,0,0,0,0.0,0.0,0.95,0,0,0,0.0,0,0,0.5,0.0,0.666667,0,0.0,0.333333,0.8,0,0,1,0,0,0,0,0,0,0,0,0,0.0,0,0.5,0.285714,0,0,0,0,0
18759122,0.777778,0.5,0.5,0.0,0.0,0.2,0.5,0,0.0,0.571429,0,0.333333,0.0,0,0.25,0,0,0,0.0,0.0,0.75,0,0,0,0.0,0,0,0.583333,0.1,0.666667,0,0.0,0.333333,0.666667,0,0,1,0,0,0,0,0,0,0,0,0,0.0,0,0.5,0.285714,0,0,0,0,0
75018701,0.861111,0.25,0.625,0.0,0.0,0.2,0.5,0,0.2,0.285714,0,0.333333,0.0,0,0.25,0,0,0,0.0,0.0,0.85,0,0,0,0.0,0,0,0.416667,0.1,0.666667,0,0.0,0.333333,0.8,0,0,0,0,0,0,0,0,0,0,0,0,0.0,0,0.5,0.142857,0,0,0,0,0
14162459,0.805556,0.0,0.375,0.0,0.0,0.4,0.0,0,0.6,1.0,0,0.0,0.0,0,0.5,0,0,0,1.0,0.0,0.8,0,0,0,0.0,0,0,0.916667,0.0,0.5,0,0.0,0.0,0.666667,0,0,0,0,0,0,1,0,0,0,0,0,0.0,0,0.0,0.0,0,0,0,0,0
14162455,0.833333,0.0,0.375,0.0,0.0,0.4,0.0,0,0.6,1.0,0,0.0,0.0,0,0.5,0,0,0,1.0,0.0,0.75,0,0,0,0.0,0,0,1.0,0.0,0.666667,0,0.0,0.0,0.866667,0,0,0,0,1,0,1,0,0,0,0,0,0.0,0,0.0,0.0,0,0,0,0,0
138395746,0.861111,0.5,0.25,0.0,0.0,0.2,0.0,1,0.0,0.142857,0,0.0,0.0,1,0.0,0,0,0,0.0,0.0,0.6,0,0,0,0.0,0,0,0.166667,0.3,0.333333,0,0.0,0.0,0.8,0,0,0,0,0,0,0,0,0,0,0,0,0.0,0,0.0,0.285714,0,0,0,0,0
135528987,0.583333,0.0,0.75,0.0,0.0,0.0,0.0,0,0.2,0.142857,0,0.0,0.0,0,0.5,0,0,0,0.0,0.333333,0.5,0,0,0,0.0,0,1,0.25,0.2,0.833333,0,0.0,0.333333,0.466667,0,0,0,0,0,0,0,0,0,0,0,0,0.0,0,0.0,0.0,0,0,1,0,0
3066,0.805556,0.0,0.625,0.0,0.0,0.2,0.5,0,0.0,0.142857,0,0.0,0.0,0,0.25,0,0,0,0.0,0.333333,0.7,0,0,0,0.0,0,0,0.166667,0.2,0.5,0,0.0,0.0,0.666667,0,0,0,0,0,0,0,0,0,0,0,0,1.0,0,0.0,0.142857,0,0,0,0,0
3152,0.555556,0.0,0.375,0.0,0.0,0.0,0.0,0,0.0,0.0,0,0.0,0.0,0,0.0,0,0,0,0.0,0.0,0.45,0,0,0,1.0,0,0,0.166667,0.3,0.5,0,0.0,0.0,0.666667,0,0,0,0,0,0,0,0,0,0,0,0,0.0,0,0.0,0.0,0,0,0,0,0
19375695,0.638889,0.0,0.5,0.0,0.0,0.0,0.0,0,0.0,0.0,0,0.0,0.0,0,0.0,0,0,0,0.0,0.0,0.45,0,0,0,0.0,0,0,0.0,0.6,0.666667,0,0.0,0.0,0.533333,0,0,0,0,0,0,0,0,0,0,0,0,0.0,0,0.0,0.0,0,0,0,0,0
