CID,n,rank,n_in,ms,dg_1,dg_2,dg_3,dg_4,dg_in_1,dg_in_2,dg_in_3,dg_in_4,bd_in_2,bd_in_3,na_in_C4,na_in_N3,na_in_O2,na_in_S2,na_ex_Br1,na_ex_C4,na_ex_Cl1,na_ex_F1,na_ex_N3,na_ex_O2,na_ex_S2,na_ex_S4,na_ex_S6,C4_2_C4_2_1,C4_2_C4_2_2,C4_2_C4_3_1,C4_2_C4_3_2,C4_2_C4_4_1,C4_2_N3_2_1,C4_2_N3_2_2,C4_2_N3_3_1,C4_2_O2_2_1,C4_2_S2_2_1,C4_3_C4_3_1,C4_3_C4_3_2,C4_3_C4_4_1,C4_3_N3_2_1,C4_3_N3_2_2,C4_3_N3_3_1,C4_3_O2_2_1,C4_3_S2_2_1,C4_4_C4_4_1,C4_4_N3_2_1,C4_4_O2_2_1,N3_2_N3_2_1,N3_2_N3_3_1,FC_1_C4_0_H1_1_/_1_/_0_0,FC_2_C4_0_/_/_0,FC_3_C4_0_H1_1_H1_1_/_1_1_/_0_0_0,FC_4_C4_0_O2_1_/_2_/_0_0,FC_5_N3_0_/_/_0,FC_6_C4_0_C4_1_H1_2_H1_2_H1_2_/_1_1_1_1_/_0_0_0_0_0,FC_7_C4_0_Cl1_1_/_1_/_0_0,FC_8_N3_0_H1_1_/_1_/_0_0,FC_9_O2_0_/_/_0,FC_10_C4_0_O2_1_H1_2_/_1_1_/_0_0_0,FC_11_C4_0_H1_1_O2_1_H1_2_/_1_1_1_/_0_0_0_0,FC_12_N3_0_C4_1_H1_2_H1_2_H1_2_/_1_1_1_1_/_0_0_0_0_0,FC_13_C4_0_N3_1_H1_2_H1_2_/_1_1_1_/_0_0_0_0,FC_14_C4_0_H1_1_H1_1_C4_1_O2_2_O2_2_H1_3_/_1_1_1_2_1_1_/_0_0_0_0_0_0_0,FC_15_S2_0_/_/_0,FC_16_C4_0_H1_1_Cl1_1_/_1_1_/_0_0_0,FC_17_C4_0_N3_1_O2_2_O2_2_/_1_1_2_/_0_1_-1_0,FC_18_C4_0_F1_1_/_1_/_0_0,FC_19_C4_0_H1_1_H1_1_C4_1_H1_2_H1_2_H1_2_/_1_1_1_1_1_1_/_0_0_0_0_0_0_0,FC_20_C4_0_O2_1_C4_2_H1_3_H1_3_H1_3_/_1_1_1_1_1_/_0_0_0_0_0_0,FC_21_C4_0_O2_1_O2_1_C4_2_H1_3_H1_3_H1_3_/_2_1_1_1_1_1_/_0_0_0_0_0_0_0,FC_22_O2_0_C4_1_H1_2_H1_2_C4_2_H1_3_H1_3_H1_3_/_1_1_1_1_1_1_1_/_0_0_0_0_0_0_0_0,FC_23_C4_0_H1_1_C4_1_H1_2_H1_2_H1_2_C4_1_O2_2_O2_2_H1_3_/_1_1_1_1_1_1_2_1_1_/_0_0_0_0_0_0_0_0_0_0,FC_24_C4_0_C4_1_O2_2_O2_2_H1_3_/_1_2_1_1_/_0_0_0_0_0,FC_25_C4_0_H1_1_H1_1_N3_1_C4_2_H1_3_H1_3_H1_3_C4_2_H1_3_H1_3_H1_3_/_1_1_1_1_1_1_1_1_1_1_1_/_0_0_0_0_0_0_0_0_0_0_0_0,FC_26_N3_0_H1_1_C4_1_O2_2_C4_2_H1_3_H1_3_H1_3_/_1_1_2_1_1_1_1_/_0_0_0_0_0_0_0_0,FC_27_C4_0_H1_1_H1_1_C4_1_H1_2_H1_2_C4_2_H1_3_H1_3_H1_3_/_1_1_1_1_1_1_1_1_1_/_0_0_0_0_0_0_0_0_0_0,FC_28_C4_0_O2_1_C4_1_H1_2_H1_2_O2_2_H1_3_/_2_1_1_1_1_1_/_0_0_0_0_0_0_0,FC_29_C4_0_H1_1_H1_1_Cl1_1_/_1_1_1_/_0_0_0_0,FC_30_C4_0_O2_1_C4_1_H1_2_H1_2_H1_2_/_2_1_1_1_1_/_0_0_0_0_0_0,FC_31_C4_0_C4_1_F1_2_F1_2_F1_2_/_1_1_1_1_/_0_0_0_0_0,FC_32_C4_0_H1_1_C4_1_H1_2_H1_2_H1_2_/_1_1_1_1_1_/_0_0_0_0_0_0,FC_33_C4_0_C4_1_H1_2_H1_2_C4_2_H1_3_H1_3_H1_3_/_1_1_1_1_1_1_1_/_0_0_0_0_0_0_0_0,FC_34_C4_0_H1_1_C4_1_C4_2_H1_3_H1_3_C4_2_H1_3_H1_3_H1_3_/_1_1_2_1_1_1_1_1_1_/_0_0_0_0_0_0_0_0_0_0,FC_35_C4_0_Br1_1_/_1_/_0_0,FC_36_C4_0_H1_1_C4_1_H1_2_H1_2_O2_2_H1_3_/_1_1_1_1_1_1_/_0_0_0_0_0_0_0,FC_37_C4_0_H1_1_O2_1_H1_2_C4_1_H1_2_H1_2_O2_2_H1_3_/_1_1_1_1_1_1_1_1_/_0_0_0_0_0_0_0_0_0,FC_38_N3_0_C4_1_H1_2_H1_2_C4_2_H1_3_H1_3_H1_3_C4_1_H1_2_H1_2_C4_2_H1_3_H1_3_H1_3_/_1_1_1_1_1_1_1_1_1_1_1_1_1_1_/_0_0_0_0_0_0_0_0_0_0_0_0_0_0_0,FC_39_C4_0_O2_1_N3_1_H1_2_H1_2_C4_1_H1_2_H1_2_H1_2_/_2_1_1_1_1_1_1_1_/_0_0_0_0_0_0_0_0_0,FC_40_C4_0_H1_1_N3_1_H1_2_H1_2_C4_1_H1_2_H1_2_H1_2_/_1_1_1_1_1_1_1_1_/_0_0_0_0_0_0_0_0_0,FC_41_C4_0_H1_1_H1_1_O2_1_C4_2_H1_3_H1_3_H1_3_O2_1_C4_2_H1_3_H1_3_H1_3_/_1_1_1_1_1_1_1_1_1_1_1_1_/_0_0_0_0_0_0_0_0_0_0_0_0_0,FC_42_C4_0_H1_1_C4_1_H1_2_C4_2_H1_3_H1_3_H1_3_C4_2_H1_3_H1_3_H1_3_/_1_1_1_1_1_1_1_1_1_1_1_/_0_0_0_0_0_0_0_0_0_0_0_0,FC_43_O2_0_H1_1_/_1_/_0_0,FC_44_C4_0_N3_1_/_3_/_0_0,FC_45_C4_0_H1_1_H1_1_C4_1_H1_2_H1_2_O2_2_H1_3_/_1_1_1_1_1_1_1_/_0_0_0_0_0_0_0_0,FC_46_C4_0_H1_1_H1_1_C4_1_H1_2_H1_2_C4_2_H1_3_H1_3_H1_3_C4_1_C4_2_H1_3_/_1_1_1_1_1_1_1_1_1_1_3_1_/_0_0_0_0_0_0_0_0_0_0_0_0_0,FC_47_C4_0_Cl1_1_Cl1_1_Cl1_1_C4_1_H1_2_H1_2_H1_2_/_1_1_1_1_1_1_1_/_0_0_0_0_0_0_0_0,FC_48_C4_0_S4_1_O2_2_C4_2_H1_3_H1_3_H1_3_/_1_2_1_1_1_1_/_0_0_0_0_0_0_0,FC_49_C4_0_H1_1_H1_1_O2_1_H1_2_/_1_1_1_1_/_0_0_0_0_0,FC_50_N3_0_C4_1_H1_2_H1_2_H1_2_C4_1_H1_2_H1_2_H1_2_/_1_1_1_1_1_1_1_1_/_0_0_0_0_0_0_0_0_0,FC_51_C4_0_C4_1_C4_2_H1_3_H1_3_H1_3_C4_2_H1_3_H1_3_H1_3_C4_2_H1_3_H1_3_H1_3_/_1_1_1_1_1_1_1_1_1_1_1_1_1_/_0_0_0_0_0_0_0_0_0_0_0_0_0_0,FC_52_C4_0_C4_1_O2_2_N3_2_H1_3_H1_3_/_1_2_1_1_1_/_0_0_0_0_0_0,FC_53_S2_0_C4_1_H1_2_H1_2_H1_2_C4_1_H1_2_H1_2_H1_2_/_1_1_1_1_1_1_1_1_/_0_0_0_0_0_0_0_0_0,FC_54_C4_0_O2_1_C4_1_H1_2_Cl1_2_Cl1_2_/_2_1_1_1_1_/_0_0_0_0_0_0,FC_55_C4_0_H1_1_C4_1_O2_2_C4_2_H1_3_H1_3_H1_3_/_1_1_2_1_1_1_1_/_0_0_0_0_0_0_0_0,FC_56_C4_0_C4_1_H1_2_H1_2_H1_2_C4_1_H1_2_H1_2_H1_2_/_1_1_1_1_1_1_1_1_/_0_0_0_0_0_0_0_0_0,FC_57_C4_0_H1_1_H1_1_C4_1_O2_2_C4_2_H1_3_H1_3_H1_3_/_1_1_1_2_1_1_1_1_/_0_0_0_0_0_0_0_0_0,FC_58_C4_0_H1_1_C4_1_Cl1_2_Cl1_2_Cl1_2_/_1_1_1_1_1_/_0_0_0_0_0_0,FC_59_C4_0_H1_1_O2_1_H1_2_C4_1_H1_2_H1_2_H1_2_C4_1_H1_2_H1_2_H1_2_/_1_1_1_1_1_1_1_1_1_1_1_/_0_0_0_0_0_0_0_0_0_0_0_0,FC_60_O2_0_C4_1_H1_2_H1_2_C4_2_H1_3_H1_3_H1_3_C4_1_O2_2_C4_2_H1_3_H1_3_H1_3_/_1_1_1_1_1_1_1_1_2_1_1_1_1_/_0_0_0_0_0_0_0_0_0_0_0_0_0_0,FC_61_C4_0_O2_1_O2_1_H1_2_/_2_1_1_/_0_0_0_0,FC_62_N3_0_O2_1_O2_1_C4_1_H1_2_H1_2_H1_2_/_1_2_1_1_1_1_/_1_-1_0_0_0_0_0,FC_63_C4_0_H1_1_H1_1_N3_1_H1_2_H1_2_C4_1_H1_2_H1_2_H1_2_/_1_1_1_1_1_1_1_1_1_/_0_0_0_0_0_0_0_0_0_0,FC_64_N3_0_C4_1_H1_2_H1_2_H1_2_C4_1_H1_2_H1_2_H1_2_C4_1_H1_2_H1_2_H1_2_/_1_1_1_1_1_1_1_1_1_1_1_1_/_0_0_0_0_0_0_0_0_0_0_0_0_0,FC_65_C4_0_H1_1_N3_1_O2_2_H1_3_/_1_2_1_1_/_0_0_0_0_0,FC_66_C4_0_O2_1_N3_1_C4_2_H1_3_H1_3_H1_3_C4_2_H1_3_H1_3_H1_3_/_2_1_1_1_1_1_1_1_1_1_/_0_0_0_0_0_0_0_0_0_0_0,FC_67_C4_0_C4_1_H1_2_O2_2_/_1_1_2_/_0_0_0_0,FC_68_O2_0_C4_1_H1_2_H1_2_H1_2_/_1_1_1_1_/_0_0_0_0_0,FC_69_C4_0_H1_1_N3_1_H1_2_C4_2_H1_3_H1_3_H1_3_C4_1_H1_2_H1_2_H1_2_/_1_1_1_1_1_1_1_1_1_1_1_/_0_0_0_0_0_0_0_0_0_0_0_0,FC_70_C4_0_C4_1_O2_2_C4_2_H1_3_H1_3_H1_3_/_1_2_1_1_1_1_/_0_0_0_0_0_0_0,FC_71_C4_0_H1_1_O2_1_/_1_2_/_0_0_0,FC_72_C4_0_H1_1_H1_1_O2_1_H1_2_C4_1_H1_2_H1_2_H1_2_/_1_1_1_1_1_1_1_1_/_0_0_0_0_0_0_0_0_0,FC_73_O2_0_C4_1_O2_2_C4_2_H1_3_H1_3_H1_3_/_1_2_1_1_1_1_/_0_0_0_0_0_0_0,FC_74_C4_0_Cl1_1_Cl1_1_/_1_1_/_0_0_0,FC_75_C4_0_S6_1_O2_2_O2_2_N3_2_H1_3_H1_3_/_1_2_2_1_1_1_/_0_0_0_0_0_0_0,FC_76_C4_0_S2_1_C4_2_H1_3_H1_3_H1_3_/_1_1_1_1_1_/_0_0_0_0_0_0,FC_77_C4_0_H1_1_H1_1_C4_1_H1_2_H1_2_C4_2_H1_3_H1_3_H1_3_C4_1_H1_2_H1_2_C4_2_H1_3_H1_3_H1_3_/_1_1_1_1_1_1_1_1_1_1_1_1_1_1_1_1_/_0_0_0_0_0_0_0_0_0_0_0_0_0_0_0_0_0,FC_78_C4_0_H1_1_H1_1_N3_1_H1_2_C4_2_H1_3_H1_3_H1_3_/_1_1_1_1_1_1_1_1_/_0_0_0_0_0_0_0_0_0,FC_79_N3_0_H1_1_C4_1_H1_2_H1_2_C4_2_H1_3_H1_3_H1_3_/_1_1_1_1_1_1_1_1_/_0_0_0_0_0_0_0_0_0,FC_80_N3_0_O2_1_O2_1_/_1_2_/_1_-1_0,FC_81_C4_0_O2_1_H1_2_C4_1_H1_2_H1_2_H1_2_C4_1_H1_2_H1_2_H1_2_C4_1_H1_2_H1_2_H1_2_/_1_1_1_1_1_1_1_1_1_1_1_1_1_1_/_0_0_0_0_0_0_0_0_0_0_0_0_0_0_0,FC_82_N3_0_H1_1_C4_1_H1_2_C4_2_H1_3_H1_3_H1_3_C4_2_H1_3_H1_3_H1_3_/_1_1_1_1_1_1_1_1_1_1_1_/_0_0_0_0_0_0_0_0_0_0_0_0,FC_83_O2_0_C4_1_H1_2_H1_2_C4_2_H1_3_H1_3_H1_3_C4_1_H1_2_H1_2_C4_2_H1_3_H1_3_H1_3_/_1_1_1_1_1_1_1_1_1_1_1_1_1_1_/_0_0_0_0_0_0_0_0_0_0_0_0_0_0_0,FC_84_C4_0_H1_1_H1_1_C4_1_H1_2_C4_2_H1_3_H1_3_H1_3_C4_2_H1_3_H1_3_H1_3_/_1_1_1_1_1_1_1_1_1_1_1_1_/_0_0_0_0_0_0_0_0_0_0_0_0_0,FC_85_C4_0_C4_1_H1_2_H1_2_C4_2_H1_3_H1_3_H1_3_C4_1_H1_2_H1_2_C4_2_H1_3_H1_3_H1_3_/_1_1_1_1_1_1_1_1_1_1_1_1_1_1_/_0_0_0_0_0_0_0_0_0_0_0_0_0_0_0,FC_86_C4_0_H1_1_H1_1_H1_1_/_1_1_1_/_0_0_0_0,FC_87_C4_0_C4_1_N3_2_/_1_3_/_0_0_0,FC_88_C4_0_H1_1_O2_1_C4_2_H1_3_H1_3_H1_3_/_1_1_1_1_1_1_/_0_0_0_0_0_0_0,LeafAC_Br1_C4_1,LeafAC_C4_C4_1,LeafAC_C4_C4_2,LeafAC_C4_C4_3,LeafAC_C4_N3_1,LeafAC_C4_O2_1,LeafAC_C4_S2_1,LeafAC_C4_S4_1,LeafAC_Cl1_C4_1,LeafAC_F1_C4_1,LeafAC_N3_C4_1,LeafAC_N3_C4_3,LeafAC_N3_S6_1,LeafAC_O2_C4_1,LeafAC_O2_C4_2,LeafAC_O2_N3_1,LeafAC_O2_N3_2,LeafAC_O2_S4_2,LeafAC_O2_S6_2
298,0.692308,0.2,0.416667,0.318036,0,0.277778,0.416667,0,0.5,0.444444,0.142857,0,0.272727,0,0.409091,0.166667,0,0,0,0.333333,0.2,0,0.5,0.833333,0,0,0,0.142857,0.166667,0.25,0.5,0,0,0,0,0,0,0.285714,0,0,0.4,0,0,0,0,0,0,0,0,0,0.222222,0.166667,0,0,0,0,0,0.5,0,0,0.5,0,0,0,0,0,1,0,0,0,0,0,0,0,0,0,0,0,0,0,0,0,0,0,0,1,0,0,0,0,0,0,0,0,0,0,0,0,0,0,0,0,0,1,0,0,0,0,0,0,0,0,0,0,0,0,0,0,0,0,0,0,0,0,0,0,0,0,0,0,0,0,0,0,0,0,0,0,0,0,0,0,0,0,0,0,0.2,0,0,0,0,0.333333,0.333333,0.5,1,0,0
3958,0.730769,0.6,0.708333,0.332214,0,0.5,0.666667,0,0,0.722222,0.571429,0,0.636364,0,0.681818,0.333333,0,0,0,0,0.2,0,0,0.333333,0,0,0,0.285714,0.333333,0.375,0.75,0,0,0,0,0,0,0.571429,0.166667,0,0.6,0.333333,0,0,0,0,0,0,0,0,0.388889,0.666667,0,0.333333,0.166667,0,0.2,0.5,0,0,0.5,0,0,0,0,0,0,0,0,0,0,0,0,0,0,0,0,0,0,0,0,0,0,0,0,0,0,0,0,0,0,0,0,0,0,0,0,0,0,0,0,0,0,0,0,0,0,0,0,0,0,0,0,0,0,0,0,0,0,0,0,0,0,0,0,0,0,0,0,0,0,0,0,0,0,0,0,0,0,0,0,0,0,0,0,0,0.2,0,0,0,0,0.166667,0.333333,0,0,0,0
4616,0.692308,0.6,0.708333,0.271909,0,0.555556,0.583333,0,0,0.722222,0.571429,0,0.636364,0,0.681818,0.333333,0,0,0,0,0.1,0,0,0.333333,0,0,0,0.285714,0.5,0.5,0.5,0,0,0,0,0,0,0.428571,0.166667,0,0.6,0.333333,0,0,0,0,0,0,0,0,0.444444,0.666667,0,0.333333,0.166667,0,0.1,0.5,0,0,0.5,0,0,0,0,0,0,0,0,0,0,0,0,0,0,0,0,0,0,0,0,0,0,0,0,0,0,0,0,0,0,0,0,0,0,0,0,0,0,0,0,0,0,0,0,0,0,0,0,0,0,0,0,0,0,0,0,0,0,0,0,0,0,0,0,0,0,0,0,0,0,0,0,0,0,0,0,0,0,0,0,0,0,0,0,0,0.1,0,0,0,0,0.166667,0.333333,0,0,0,0
6251,0.384615,0,0.166667,0.150247,0,0,0.333333,0,1,0.111111,0,0,0,0,0.181818,0,0,0,0,0.333333,0,0,0,1,0,0,0,0,0,0,0,0,0,0,0,0,0,0.428571,0,0,0,0,0,0,0,0,0,0,0,0,0,0,0,0,0,0,0,0,0,0,1,0,0,0,0,0,0,0,0,0,0,0,0,0,0,0,0,0,0,0,0,0,0,0,0,0,1,0,0,0,0,0,0,0,0,0,0,0,0,0,0,0,0,0,0,0,0,0,0,0,0,0,0,0,0,0,0,0,0,0,0,0,0,0,0,0,0,0,0,0,0,0,0,0,0,0,0,0,0,0,0,0,0,0,0,0,0,0,0,0,0,1,0,0,0,0,0
3365,0.769231,0.6,0.791667,0.258936,0,0.722222,0.416667,0.25,0,0.833333,0.571429,0,0.636364,0,0.590909,1,0,0,0,0,0,0.666667,0,0.166667,0,0,0,0,0.166667,0.375,0.25,0.666667,1,1,0.571429,0,0,0,0.166667,0.166667,0,0,0,0,0,0,0,0,0,1,0.388889,0.166667,0.25,0,1,0,0,0,0,0.5,0,0,0,0,0,0,0,1,0,0,0,0,0,0,0,0,0,0,0,0,0,0,0,0,0,0,0,0,0,0,0,0,0,0,0,0,0,0,0,0,0,0,0,0,0,0,0,0,0,0,0,0,0,0,0,0,0,0,0,0,0,0,0,0,0,0,0,0,0,0,0,0,0,0,0,0,0,0,0,0,0,0,0,0,0,0,0,0.666667,0,0,0,0.166667,0,0,0,0,0
3335,0.653846,0.4,0.625,0.188124,0,0.611111,0.333333,0,0.5,0.611111,0.428571,0,0.545455,0,0.681818,0,0,0,0,0.166667,0,0,0,0.5,0,0,0,0.571429,0.5,0.5,0.75,0,0,0,0,0,0,0.285714,0,0,0,0,0,0,0,0,0,0,0,0,0.5,0.5,0.125,0.333333,0,0,0,0,0,0,0,0,0,0.5,0,0,0,0,0,0,0,0,0,0,0,0,0,0,0,0,0,0,0,0,0,0,0,0,0,0,0,0,0,0,0,0,0,0,0,0,0,0,0,0,0,0,0,0,0,0,0,0,0,0,0,0,0,0,0,0,0,0,0,0,0,0,0,0,0,0,0,0,0,0,0,0,0,0,0,0,0,0,0,0,0,0,0,0,0,0,0,0.166667,0.666667,0,0,0,0
568,0.423077,0.6,0.541667,0.204592,0,0.5,0.333333,0,0,0.5,0.571429,0,0.545455,0,0.545455,0,0.333333,0,0,0,0,0,0,0,0,0,0,0.571429,0.333333,0,1,0,0,0,0,0,0,0.428571,0,0,0,0,0,0.5,0,0,0,0,0,0,0.444444,0.666667,0,0,0,0,0,0,0.5,0,0,0,0,0,0,0,0,0,0,0,0,0,0,0,0,0,0,0,0,0,0,0,0,0,0,0,0,0,0,0,0,0,0,0,0,0,0,0,0,0,0,0,0,0,0,0,0,0,0,0,0,0,0,0,0,0,0,0,0,0,0,0,0,0,0,0,0,0,0,0,0,0,0,0,0,0,0,0,0,0,0,0,0,0,0,0,0,0,0,0,0,0,0,0,0,0,0
240,0.230769,0.2,0.25,0.181301,0,0.277778,0.0833333,0,0,0.333333,0,0,0.272727,0,0.272727,0,0,0,0,0.166667,0,0,0,0.166667,0,0,0,0.285714,0.333333,0.125,0.25,0,0,0,0,0,0,0,0,0,0,0,0,0,0,0,0,0,0,0,0.277778,0,0,0,0,0,0,0,0,0,0,0,0,0,0,0,0,0,0,0,0,0,0,0,0,0,0,0,0,0,0,0,0,0,0,0,0,0,0,0,0,0,0,0,0,0,0,0,0,0,0,0,0,0,0,0,0,0,0,0,0,0,0,0,0,0,1,0,0,0,0,0,0,0,0,0,0,0,0,0,0,0,0,0,0,0,0,0,0,0,0,0,0,0,0,0,0,0,0,0,0,0,0.333333,0,0,0,0
135401907,0.307692,0.4,0.375,0.297754,0,0.333333,0.25,0,0,0.388889,0.285714,0,0.272727,0,0.227273,0.666667,0,0,0,0,0,0,0,0.166667,0,0,0,0,0,0.125,0,0,0.5,0.5,0,0,0,0.142857,0.166667,0,0.6,0,0,0,0,0,0,0,1,0,0.111111,0.333333,0,0.333333,0.333333,0,0,1,0,0,0,0,0,0,0,0,0,0,0,0,0,0,0,0,0,0,0,0,0,0,0,0,0,0,0,0,0,0,0,0,0,0,0,0,0,0,0,0,0,0,0,0,0,0,0,0,0,0,0,0,0,0,0,0,0,0,0,0,0,0,0,0,0,0,0,0,0,0,0,0,0,0,0,0,0,0,0,0,0,0,0,0,0,0,0,0,0,0,0,0,0,0,0.333333,0,0,0,0
5373493,0.346154,0.2,0.25,0.335019,0,0.222222,0.166667,0,0.5,0.222222,0.142857,0,0.181818,0,0.227273,0,0.333333,0,0,0,0,0,1,0.5,0,0,0,0.142857,0,0.125,0.5,0,0,0,0,0,0,0,0,0,0,0,0,0.5,0,0,0,0,0,0,0.111111,0.166667,0,0,0,0,0,0,0.5,0,0,0,0,0,0,0,1,0,0,0,0,0,0,0,0,0,0,0,0,0,0,0,0,0,0,0,0,0,0,0,0,0,0,0,0,0,0,0,0,0,0,0,0,0,0,0,0,0,0,0,0,0,0,0,1,0,0,0,0,0,0,0,0,0,0,0,0,0,0,0,0,0,0,0,0,0,0,0,0,0,0,0,0,0,0,0,0,0,0,0,0,0,0,1,1,0,0
6115,0.192308,0.2,0.25,0.130838,0,0.277778,0.0833333,0,0,0.333333,0,0,0.272727,0,0.272727,0,0,0,0,0,0,0,0.5,0,0,0,0,0.285714,0.333333,0.125,0.25,0,0,0,0,0,0,0,0,0,0,0,0,0,0,0,0,0,0,0,0.277778,0,0,0,0,0,0,0,0,0,0,0,0.5,0,0,0,0,0,0,0,0,0,0,0,0,0,0,0,0,0,0,0,0,0,0,0,0,0,0,0,0,0,0,0,0,0,0,0,0,0,0,0,0,0,0,0,0,0,0,0,0,0,0,0,0,0,0,0,0,0,0,0,0,0,0,0,0,0,0,0,0,0,0,0,0,0,0,0,0,0,0,0,0,0,0,0,0,0,0.5,0,0,0,0,0,0,0,0
7111,0.461538,0.4,0.5,0.154427,0,0.444444,0.333333,0,0,0.555556,0.285714,0,0.545455,0,0.545455,0,0,0,0,0,0,0,1,0,0,0,0,0.285714,0.333333,0.5,1,0,0,0,0,0,0,0.142857,0,0,0,0,0,0,0,0,0,0,0,0,0.444444,0.333333,0,0,0,0,0,0,0,0,0,0,1,0,0,0,0,0,0,0,0,0,0,0,0,0,0,0,0,0,0,0,0,0,0,0,0,0,0,0,0,0,0,0,0,0,0,0,0,0,0,0,0,0,0,0,0,0,0,0,0,0,0,0,0,0,0,0,0,0,0,0,0,0,0,0,0,0,0,0,0,0,0,0,0,0,0,0,0,0,0,0,0,0,0,0,0,0,1,0,0,0,0,0,0,0,0
135398634,0.346154,0.4,0.375,0.282712,0,0.277778,0.333333,0,0,0.388889,0.285714,0,0.272727,0,0.227273,0.666667,0,0,0,0,0,0,0.5,0.166667,0,0,0,0,0,0,0,0,0.5,0.25,0,0,0,0.142857,0.166667,0,1,0.333333,0,0,0,0,0,0,0,0,0.0555556,0.333333,0,0.333333,0.333333,0,0,1,0,0,0,0,0.5,0,0,0,0,0,0,0,0,0,0,0,0,0,0,0,0,0,0,0,0,0,0,0,0,0,0,0,0,0,0,0,0,0,0,0,0,0,0,0,0,0,0,0,0,0,0,0,0,0,0,0,0,0,0,0,0,0,0,0,0,0,0,0,0,0,0,0,0,0,0,0,0,0,0,0,0,0,0,0,0,0,0,0,0,0,0.5,0,0,0,0.333333,0,0,0,0
597,0.230769,0.2,0.25,0.233854,0,0.222222,0.166667,0,0,0.333333,0,0,0.181818,0,0.181818,0.333333,0,0,0,0,0,0,0.5,0.166667,0,0,0,0.142857,0,0,0.25,0,0,0.25,0,0,0,0,0,0,0.6,0,0,0,0,0,0,0,0,0,0.111111,0,0,0.333333,0.166667,0,0,0.5,0,0,0,0,0.5,0,0,0,0,0,0,0,0,0,0,0,0,0,0,0,0,0,0,0,0,0,0,0,0,0,0,0,0,0,0,0,0,0,0,0,0,0,0,0,0,0,0,0,0,0,0,0,0,0,0,0,0,0,0,0,0,0,0,0,0,0,0,0,0,0,0,0,0,0,0,0,0,0,0,0,0,0,0,0,0,0,0,0,0,0,0.5,0,0,0,0.333333,0,0,0,0
10008,0.192308,0.2,0.25,0.204592,0,0.277778,0.0833333,0,0,0.333333,0,0,0.272727,0,0.272727,0,0,0,0,0,0,0.333333,0,0,0,0,0,0.285714,0.333333,0.125,0.25,0,0,0,0,0,0,0,0,0,0,0,0,0,0,0,0,0,0,0,0.277778,0,0,0,0,0,0,0,0,0,0,0,0,0,0,0,0,0.5,0,0,0,0,0,0,0,0,0,0,0,0,0,0,0,0,0,0,0,0,0,0,0,0,0,0,0,0,0,0,0,0,0,0,0,0,0,0,0,0,0,0,0,0,0,0,0,0,0,0,0,0,0,0,0,0,0,0,0,0,0,0,0,0,0,0,0,0,0,0,0,0,0,0,0,0,0,0,0,0.333333,0,0,0,0,0,0,0,0,0
7368,0.307692,0.2,0.25,0.298789,0,0.277778,0.0833333,0,0,0.333333,0,0,0.272727,0,0.272727,0,0,0,0,0.166667,0,1,0,0,0,0,0,0.285714,0.333333,0.125,0.25,0,0,0,0,0,0,0,0,0,0,0,0,0,0,0,0,0,0,0,0.277778,0,0,0,0,0,0,0,0,0,0,0,0,0,0,0,0,0,0,0,0,0,0,0,0,0,0,0,0,0,1,0,0,0,0,0,0,0,0,0,0,0,0,0,0,0,0,0,0,0,0,0,0,0,0,0,0,0,0,0,0,0,0,0,0,0,0,0,0,0,0,0,0,0,0,0,0,0,0,0,0,0,0,0,0,0,0,0,0,0,0,0,0,0,0,0,0,1,0,0,0,0,0,0,0,0,0
7519,0.230769,0.2,0.25,0.136661,0,0.277778,0.0833333,0,0,0.333333,0,0,0.272727,0,0.272727,0,0,0,0,0.166667,0,0,0,0.166667,0,0,0,0.285714,0.333333,0.125,0.25,0,0,0,0,0,0,0,0,0,0,0,0,0,0,0,0,0,0,0,0.277778,0,0,0,0,0,0,0,0,0,0,0,0,0,0,0,0,0,0,0.5,0,0,0,0,0,0,0,0,0,0,0,0,0,0,0,0,0,0,0,0,0,0,0,0,0,0,0,0,0,0,0,0,0,0,0,0,0,0,0,0,0,0,0,0,0,0,0,0,0,0,0,0,0,0,0,0,0,0,0,0,0,0,0,0,0,0,0,0,0,0,0,0,0,0.333333,0,0,0,0,0,0,0,0,0,0,0,0,0
1302,0.576923,0.4,0.458333,0.173037,0,0.333333,0.416667,0,0.5,0.388889,0.428571,0,0.454545,0,0.5,0,0,0,0,0.5,0,0,0,0.5,0,0,0,0,0.333333,0.75,0.5,0,0,0,0,0,0,0.142857,0.166667,0,0,0,0,0,0,0,0,0,0,0,0.333333,0.5,0,0,0,0,0,0,0,0,0,0,0,0,0,0,0,0,0,0.5,0,0,1,0,0,0,0,0,0,0,0,0,0,0,0,0,0,0,0,0,0,0,0,0,0,0,0,0,0,0,0,0,0,0,0,0,0,0,0,0,0,0,0,0,0,0,0,0,0,0,0,0,0,0,0,0,0,0,0,0,0,0,0,0,0,0,0,0,0,0.166667,0,0,0,0.333333,0,0,0,0,0,0,0,0.166667,0.333333,0,0,0,0
6713927,0.846154,0.6,0.583333,0.217736,0,0.222222,0.75,0.25,0,0.611111,0.285714,1,0.272727,0,0.590909,0,0.333333,0,0,0.666667,0.1,0,0,0.833333,0,0,0,0,0,0.625,0.25,0,0,0,0,0,0,0.428571,0.333333,0.5,0,0,0,0.25,0,0,0,1,0,0,0.0555556,0.5,0.25,0.666667,0,0,0.1,0,0.5,0,0,0,0,0,0,0,0,0,0,1,0,0,0,0,0,0,0,0,0,0,0,1,0,0,0,0,0,0,0,0,0,0,0,0,0,0,0,0,0,0,0,0,0,0,0,0,0,0,0,0,0,0,0,0,0,0,0,0,0,0,0,0,0,0,0,0,0,0,0,0,0,0,0,0,0,0,0,1,0,0.166667,0,0,0,1,0,0,0.1,0,0,0,0,0,0.666667,0,0,0,0
7150,0.307692,0.2,0.291667,0.180439,0,0.277778,0.166667,0,0.5,0.277778,0.142857,0,0.272727,0,0.318182,0,0,0,0,0.166667,0,0,0,0.333333,0,0,0,0.285714,0.333333,0.125,0.25,0,0,0,0,0,0,0.142857,0,0,0,0,0,0,0,0,0,0,0,0,0.277778,0.166667,0,0,0,0,0,0,0,0,0,0,0,0,0,0,0,0,0,0,0.5,0,0,0,0,0,0,0,0,0,0,0,0,0,0,0,0,0,0,0,0,0,0,0,0,0,0,0,0,0,0,0,0,0,0,0,0,0,0,0,0,0,0,0,0,0,0,0,0,0,0,0,0,0,0,0,0,0,0,0,0,0,0,0,0,0,0,0,0,0,0,0,0,0.333333,0,0,0,0,0,0,0,0,0.333333,0,0,0,0
4485,0.884615,0.4,0.583333,0.207119,0,0.277778,0.75,0,1,0.444444,0.571429,0,0.454545,0,0.590909,0.166667,0,0,0,0.666667,0,0,0.5,1,0,0,0,0.285714,0.166667,0,0.5,0,0,0,0,0,0,0.857143,0.333333,0,0.4,0,0,0,0,0,0,0,0,0,0.277778,0.5,0,0,0,0.333333,0,0.5,0,0,0,0,0,0,0,0,1,0,0,0,1,0,0,0,0,0,0,0,0,0,0,0,0,0,0,0,0,0,0,0,0,0,0,0,0,0,0,0,0,0,0,0,0,0,0,0,0,0,0,0,0,0,0,0,0,0,0,0,0,0,0,0,0,0,0,0,0,0,0,0,0,0,0,0,0,0,0,0,0,0.333333,0,0,0,0.666667,0,0,0,0,0,0,0,0,0.666667,0.5,1,0,0
5288826,0.730769,1,0.75,0.15704,0,0.444444,0.75,0.25,0,0.611111,0.857143,1,0.363636,0,0.727273,0.166667,0.333333,0,0,0.166667,0,0,0,0.333333,0,0,0,0.142857,0.333333,0.75,0,0.333333,0,0,0.142857,0,0,0.428571,0.333333,0.5,0,0,0.2,0.5,0,0,0,0,0,0,0.388889,0.666667,0.375,0,0,0,0,0,0.5,0.5,0.5,0.333333,0,0,0,0,0,0,0,0,0,0,0,0,0,0,0,0,0,0,0,0,0,0,0,0,0,0,0,0,0,0,0,0,0,0,0,0,0,0,0,0,0,0,0,0,0,0,0,0,0,0,0,0,0,0,0,0,0,0,0,0,0,0,0,0,0,0,0,0,0,0,0,0,0,0,0,0,0,0,0,0,0.333333,0,0,0,0,0,0,0,0,0.333333,0,0,0,0,0
3016,0.692308,0.6,0.708333,0.238187,0,0.555556,0.583333,0,0,0.722222,0.571429,0,0.636364,0,0.681818,0.333333,0,0,0,0.166667,0.1,0,0,0.166667,0,0,0,0.285714,0.5,0.625,0.5,0,0.5,0,0,0,0,0.285714,0.166667,0,0,0.333333,0.4,0,0,0,0,0,0,0,0.444444,0.666667,0.125,0.333333,0.166667,0,0.1,0,0,0,0,0.333333,0,0,0,0,0,0,0,0,0,0,0,0,0,0,0,0,0,0,0,0,0,0,0,0,0,0,0,0,0,0,0,0,0,0,0,0,0,0,0,0,0,0,0,0,0,0,0,0,0,0,0,0,0,0,0,0,0,0,0,0,0,0,0,0,0,0,0,0,0,0,0,0,0,0,0,0,0,0,0,0,0.333333,0,0,0,0.1,0,0,0,0,0,0.333333,0,0,0,0
69860,0.346154,0.2,0.25,0.216033,0,0.0555556,0.416667,0,0,0.333333,0,0,0,0,0.181818,0.333333,0,0,0,0.333333,0,0,0,0.5,0,0,0,0,0,0.25,0,0,0,0,0,0,0,0,0,0,0,0,0.8,0,0,0,0,0,0,0,0,0,0.125,1,0,0,0,0,0,0,0,0.666667,0,0,0,0,0,0,0,0,0,0,0,0,0,0,0,0,0,0,0,0,0,0,0,0,0,0,0,0,0,0,0,0,0,0,0,0,0,0,0,0,0,0,0,0,0,0,0,0,0,0,0,0,0,0,0,0,0,0,0,0,0,0,0,0,0,0,0,0,0,0,0,0,0,0,0,0,0,0,0,0,0.666667,0,0,0,0,0,0,0,0,0,1,0,0,0,0
4926,0.692308,0.6,0.708333,0.155681,0,0.666667,0.416667,0,0.5,0.611111,0.714286,0,0.545455,0,0.681818,0.166667,0,1,0,0.333333,0,0,0.5,0,0,0,0,0.857143,0.333333,0,1,0,0,0,0.142857,0,0,0.285714,0,0,0,0,0.4,0,1,0,0,0,0,0,0.444444,0.666667,0.25,0,0.166667,0,0,0,0,0,0,0,0,0,1,0,0,0,0,0,0,0,0,0,1,0,0,0,0,0,0,0,0,0,0,0,0,0,0,0,0,0,0,0,0,0,0,0,0,0,0,0,0,0,0,0,0,0,0,0,0,0,0,0,0,0,0,0,0,0,0,0,0,0,0,0,0,0,0,0,0,0,0,0,0,0,0,0,0,0,0,0,0.666667,0,0,0,0,0,0,0,0,0,0,0,0,0,0
5568,0.846154,0.6,0.708333,0.214702,0,0.611111,0.5,0,0.5,0.611111,0.714286,0,0.545455,0,0.681818,0.166667,0,1,0,0.5,0,1,0.5,0,0,0,0,0.571429,0.333333,0.375,0.75,0,0,0,0.142857,0,0,0.142857,0.166667,0,0,0,0.4,0,1,0,0,0,0,0,0.388889,0.666667,0.25,0,0.166667,0,0,0,0,0,0,0,0,0,1,0,0,0,0,0,0,0,0,0,1,0,0,0,0,0,1,0,0,0,0,0,0,0,0,0,0,0,0,0,0,0,0,0,0,0,0,0,0,0,0,0,0,0,0,0,0,0,0,0,0,0,0,0,0,0,0,0,0,0,0,0,0,0,0,0,0,0,0,0,0,0,0,0,0,0,0,0,0.666667,0,0,0,0,1,0,0,0,0,0,0,0,0,0
3696,0.730769,0.6,0.75,0.107979,0,0.722222,0.416667,0,0.5,0.666667,0.714286,0,0.545455,0,0.772727,0.166667,0,0,0,0.333333,0,0,0.5,0,0,0,0,1,0.333333,0.25,1,0,0,0,0.142857,0,0,0.285714,0,0,0,0,0.4,0,0,0,0,0,0,0,0.444444,0.666667,0.5,0,0.166667,0,0,0,0,0,0,0,0,0,0,0,0,0,0,0,0,0,0,0,1,0,0,0,0,0,0,0,0,0,0,0,0,0,0,0,0,0,0,0,0,0,0,0,0,0,0,0,0,0,0,0,0,0,0,0,0,0,0,0,0,0,0,0,0,0,0,0,0,0,0,0,0,0,0,0,0,0,0,0,0,0,0,0,0,0,0,0,0.666667,0,0,0,0,0,0,0,0,0,0,0,0,0,0
31374,0.153846,0,0,0.0850334,0,0,0,0,0,0,0,0,0,0,0,0,0,0,0,0.666667,0,0,0.5,0.166667,0,0,0,0,0,0,0,0,0,0,0,0,0,0,0,0,0,0,0,0,0,0,0,0,0,0,0,0,0,0,0,0,0,0,0,0,0,0,0,0,0,0,0,0,0,0,0,0,0,0,0,0,0,0,0,1,0,0,0,0,0,0,0,0,0,0,0,0,0,0,0,0,0,0,0,1,0,0,0,0,0,0,0,0,0,0,0,0,0,0,0,0,0,0,0,0,0,0,0,0,0,0,0,0,0,0,0,0,0,0,0,0,0,0,0,0.166667,0,0,0.666667,0,0,0,0,0,0,0,0,0,0.333333,0,0,0,0
11,0.0769231,0,0,0.440991,0,0,0,0,0,0,0,0,0,0,0,0,0,0,0,0.333333,0.2,0,0,0,0,0,0,0,0,0,0,0,0,0,0,0,0,0,0,0,0,0,0,0,0,0,0,0,0,0,0,0,0,0,0,0,0,0,0,0,0,0,0,0,0,0,0,0,0,0,0,0,0,0,0,0,0,0,1,0,0,0,0,0,0,0,0,0,0,0,0,0,0,0,0,0,0,0,0,0,0,0,0,0,0,0,0,0,0,0,0,0,0,0,0,0,0,0,0,0,0,0,0,0,0,0,0,0,0,0,0,0,0,0,0,0,0,0,0,0,0,0,0,0,0,0,0.2,0,0,0,0,0,0,0,0,0,0
7964,0.192308,0.2,0.25,0.278863,0,0.277778,0.0833333,0,0,0.333333,0,0,0.272727,0,0.272727,0,0,0,0,0,0.1,0,0,0,0,0,0,0.285714,0.333333,0.125,0.25,0,0,0,0,0,0,0,0,0,0,0,0,0,0,0,0,0,0,0,0.277778,0,0,0,0,0,0.1,0,0,0,0,0,0,0,0,0,0,0,0,0,0,0,0,0,0,0,0,0,0,0,0,0,0,0,0,0,0,0,0,0,0,0,0,0,0,0,0,0,0,0,0,0,0,0,0,0,0,0,0,0,0,0,0,0,0,0,0,0,0,0,0,0,0,0,0,0,0,0,0,0,0,0,0,0,0,0,0,0,0,0,0,0,0,0,0,0,0.1,0,0,0,0,0,0,0,0,0,0
727,0.384615,0.2,0.25,0.646595,0,0,0.5,0,0,0.333333,0,0,0,0,0.272727,0,0,0,0,0,0.6,0,0,0,0,0,0,0,0,0,0,0,0,0,0,0,0,0.857143,0,0,0,0,0,0,0,0,0,0,0,0,0,0,0,0,0,0,0,0,0,0,0,0,0,0,0,1,0,0,0,0,0,0,0,0,0,0,0,0,0,0,0,0,0,0,0,0,0,0,0,0,0,0,0,0,0,0,0,0,0,0,0,0,0,0,0,0,0,0,0,0,0,0,0,0,0,0,0,0,0,0,0,0,0,0,0,0,0,0,0,0,0,0,0,0,0,0,0,0,0,0,0,0,0,0,0,0,0.6,0,0,0,0,0,0,0,0,0,0
17348,0.576923,0.4,0.5,0.575124,0,0.277778,0.583333,0,0,0.555556,0.285714,0,0.545455,0,0.545455,0,0,0,0,0,0.5,0,0,0,0,0,0,0.285714,0.333333,0.125,0.25,0,0,0,0,0,0,0.571429,0.5,0,0,0,0,0,0,0,0,0,0,0,0.277778,0.333333,0,0,0,0,0.5,0,0,0,0,0,0,0,0,0,0,0,0,0,0,0,0,0,0,0,0,0,0,0,0,0,0,0,0,0,0,0,0,0,0,0,0,0,0,0,0,0,0,0,0,0,0,0,0,0,0,0,0,0,0,0,0,0,0,0,0,0,0,0,0,0,0,0,0,0,0,0,0,0,0,0,0,0,0,0,0,0,0,0,0,0,0,0,0,0,0.5,0,0,0,0,0,0,0,0,0,0
16318,0.769231,0.4,0.5,1,0,0,1,0,0,0.555556,0.285714,0,0.545455,0,0.545455,0,0,0,0,0,1,0,0,0,0,0,0,0,0,0,0,0,0,0,0,0,0,1,1,0,0,0,0,0,0,0,0,0,0,0,0,0.333333,0,0,0,0,1,0,0,0,0,0,0,0,0,0,0,0,0,0,0,0,0,0,0,0,0,0,0,0,0,0,0,0,0,0,0,0,0,0,0,0,0,0,0,0,0,0,0,0,0,0,0,0,0,0,0,0,0,0,0,0,0,0,0,0,0,0,0,0,0,0,0,0,0,0,0,0,0,0,0,0,0,0,0,0,0,0,0,0,0,0,0,0,0,0,1,0,0,0,0,0,0,0,0,0,0
4754,0.423077,0.2,0.333333,0.143976,0,0.333333,0.166667,0,1,0.222222,0.285714,0,0.272727,0,0.272727,0.166667,0.333333,0,0,0.666667,0,0,0,0.166667,0,0,0,0.142857,0.166667,0.25,0.5,0,0,0,0,0,0,0,0,0,0.2,0,0,0.25,0,0,0,0,0,0,0.222222,0.333333,0,0,0,0,0,0,0,0,0,0,0,0,0,0,0,0,0,0,0,1,0,0,0,1,0,0,0,0,0,0,0,0,0,0,0,0,0,0,0,0,0,0,0,0,0,0,0,0,0,0,0,0,0,0,0,0,0,0,0,0,0,0,0,0,0,0,0,0,0,0,0,0,0,0,0,0,0,0,0,0,0,0,0,0,0,0,0,0.333333,0,0,0,0,0,0,0,0,0,0,0,0,0.333333,0,0,0,0
51605,0.769231,0.4,0.791667,0.168804,0,0.833333,0.333333,0,0.5,0.833333,0.428571,0,0.545455,0,0.681818,0.166667,1,0,0,0.333333,0,0,0,0.166667,0,0,0,0.571429,0.5,0.375,0.75,0,0.5,0,0,0.5,0,0,0,0,0.2,0,0,1,0,0,0,0,0,0,0.5,0.5,0.25,0.333333,0,0,0,0.5,1,0,0,0,0,0,0,0,0,0,0,0,0,1,0,0,0,0,0,0,0,0,0,0,0,0,0,0,0,0,0,0,0,0,0,0,0,0,0,0,0,0,0,0,0,0,0,0,0,0,0,0,0,0,0,0,0,0,0,0,0,0,0,0,0,0,0,0,0,0,0,0,0,0,0,0,0,0,0,0,0,0.166667,0,0,0,0,0,0,0,0,0,0,0,0,0.333333,0,0,0,0
24743,0.769231,0.4,0.75,0.198871,0,0.722222,0.416667,0,0.5,0.777778,0.428571,0,0.545455,0,0.636364,0.333333,0.666667,0,0,0.333333,0,0,0,0.333333,0,0,0,0.428571,0.5,0.375,0.75,0,0,0,0,0,0,0,0,0,0.8,0,0,0.75,0,0,0,0,0,0,0.5,0.5,0,0.666667,0,0,0,1,0.5,0,0,0,0,0,0,0,0,0,0,0,0,1,0,0,0,0,0,0,0,0,0,0,0,0,0,0,0,0,0,0,0,0,0,0,0,0,0,0,0,0,0,0,0,0,0,0,0,0,0,0,0,0,0,0,0,0,0,0,0,0,0,0,0,0,0,0,0,0,0,0,0,0,0,0,0,0,0,0,0,0.166667,0,0,0,0,0,0,0,0,0,0,0,0,0.666667,0,0,0,0
2337,0.384615,0.2,0.333333,0.159698,0,0.277778,0.25,0,0.5,0.333333,0.142857,0,0.272727,0,0.318182,0,0.333333,0,0,0.333333,0,0,0.5,0.166667,0,0,0,0.142857,0.166667,0.25,0.5,0,0,0,0,0,0,0.142857,0,0,0,0,0,0.25,0,0,0,0,0,0,0.222222,0.166667,0,0.333333,0,0,0,0,0,0,0,0,0.5,0,0,0,0,0,0,0,0,1,0,0,0,0,0,0,0,0,0,0,0,0,0,0,0,0,0,0,0,0,0,0,0,0,0,0,0,0,0,0,0,0,0,0,0,0,0,0,0,0,0,0,0,0,0,0,0,0,0,0,0,0,0,0,0,0,0,0,0,0,0,0,0,0,0,0,0,0.166667,0,0,0,0,0,0,0,0,0.5,0,0,0,0.333333,0,0,0,0
8058,0.153846,0,0.0833333,0.00351642,0,0.111111,0,0,1,0,0,0,0,0,0.0909091,0,0,0,0,0.666667,0,0,0,0,0,0,0,0.142857,0,0,0,0,0,0,0,0,0,0,0,0,0,0,0,0,0,0,0,0,0,0,0,0,0,0,0,0,0,0,0,0,0,0,0,0,0,0,0,0,0,0,0,0,0,0,0,0,1,0,0,0,0,0,0,0,0,0,0,0,0,0,0,0,0,0,0,0,0,0,0,0,0,0,0,0,0,0,0,0,0,0,0,0,0,0,0,0,0,0,0,0,0,0,0,0,0,0,0,0,0,0,0,0,0,0,0,0,0,0,0,0.333333,0,0,0,0,0,0,0,0,0,0,0,0,0,0,0,0,0
8003,0.115385,0,0.0416667,0,0,0.0555556,0,0,0,0,0,0,0,0,0.0454545,0,0,0,0,0.666667,0,0,0,0,0,0,0,0,0,0,0,0,0,0,0,0,0,0,0,0,0,0,0,0,0,0,0,0,0,0,0,0,0,0,0,0,0,0,0,0,0,0,0,0,0,0,0,0,0,0,0,0,0,0,0,0,0,0,0,0,0,0,0,0,0,0,0,0,0,0,0,0,0,0,0,0,0,0,0,0,0,0,0,0,0,0,0,0,0,0,0,0,0,0,0,0,0,0,0,0,0,0,0,0,0,0,1,0,0,0,0,0,0,0,0,0,0,0,0,0.333333,0,0,0,0,0,0,0,0,0,0,0,0,0,0,0,0,0
12180,0.192308,0,0.0833333,0.0959024,0,0.0555556,0.0833333,0,1,0,0,0,0,0,0.0909091,0,0,0,0,0.5,0,0,0,0.333333,0,0,0,0,0,0.125,0,0,0,0,0,0,0,0,0,0,0,0,0,0,0,0,0,0,0,0,0,0,0,0,0,0,0,0,0,0,0,0,0,0,0,0,0,0,0,0,0.5,0,0,0,0,0,0.5,0,0,0,0,0,0,0,0,0,0,0,0,0,0,0,0,0,0,0,0,0,0,0,0,0,0,0,0,0,0,0,0,0,0,0,0,0,0,0,0,0,0,0,0,0,0,0,0,0,0,0,0,0,0,0,0,0,0,0,0,0,0,0.166667,0,0,0,0.333333,0,0,0,0,0,0,0,0,0.333333,0,0,0,0
12309,0.115385,0,0.0416667,0.0540988,0,0.0555556,0,0,0,0,0,0,0,0,0.0454545,0,0,0,0,0.666667,0,0,0,0,0,0,0,0,0,0,0,0,0,0,0,0,0,0,0,0,0,0,0,0,0,0,0,0,0,0,0,0,0,0,0,0,0,0,0,0,0,0,0,0,0,0,0,0,0,0,0,0,0,0,0,0,0,0,0,0,0,0,0,0,0,0,0,0,0,0,0,0,0,0,0,1,0,0,0,0,0,0,0,0,0,0,0,0,0,0,0,0,0,0,0,0,0,0,0,0,0,0,0,0,0,0,0,0,0,0,0,0,0,0,0,0,0,0,0,0.166667,0,1,0,0,0,0,0,0,0,0,0,0,0,0,0,0,0
7854,0.0769231,0,0,0.101941,0,0,0,0,0,0,0,0,0,0,0,0,0,0,0,0.5,0,0,0.5,0,0,0,0,0,0,0,0,0,0,0,0,0,0,0,0,0,0,0,0,0,0,0,0,0,0,0,0,0,0,0,0,0,0,0,0,0,0,0,0,0,0,0,0,0,1,0,0,0,0,0,0,0,0,0,0,0,0,0,0,0,0,0,0,0,0,0,0,0,0,1,0,0,0,0,0,0,0,0,0,0,0,0,0,0,0,0,0,0,0,0,0,0,0,0,0,0,0,0,0,0,0,0,0,0,0,0,0,0,0,0,0,0,0,0,0,0.166667,0,0,0,0,0,0,0,0,0,1,0,0,0,0,0,0,0
589615,0.346154,0.4,0.416667,0.236559,0,0.388889,0.25,0,0,0.444444,0.285714,0,0.454545,0,0.272727,0.666667,0,0,0,0.166667,0,0,0,0,0,0,0,0,0,0.125,0.25,0,1,0.5,0,0,0,0.142857,0,0,0.4,0.666667,0,0,0,0,0,0,0,0,0.166667,0.333333,0,0,0.666667,0.166667,0,0,0,0,0,0,0,0,0,0,0,0,0,0,0,0,0,0,0,0,0,0,0,0,0,0,0,0,0,0,0,0,0,0,0,0,0,0,0,0,0,0,0,0,0,0,0,0,0,0,0,0,0,0,0,0,0,0,0,0,0,0,0,0,0,0,0,0,0,0,0,0,0,0,0,0,0,0,0,0,0,0,0,0.166667,0,0,0,0,0,0,0,0,0,0,0,0,0,0,0,0,0
6269,0.346154,0.2,0.25,0.234481,0,0.222222,0.166667,0,0,0.333333,0,0,0.272727,0,0.272727,0,0,0,0,0.166667,0,0,0.5,0.333333,0,0,1,0.142857,0.166667,0.25,0.5,0,0,0,0,0,0,0,0,0,0,0,0,0,0,0,0,0,0,0,0.222222,0,0,0,0,0.166667,0,0,0,0,0,0,0,0,0,0,0,0,0,0,0,0,0,0,0,0,0,0,0,0,0,0,0,0,0,0,0,0,0,0,0,0,0,0,0,0,0,0,0,0,0,0,0,0,0,0,0,0,0,0,0,0,0,0,0,0,0,0,0,0,0,0,0,0,1,0,0,0,0,0,0,0,0,0,0,0,0,0,0,0.166667,0,0,0,0,0,0,0,0,0,0,1,0,0,0,0,0,1
1548887,0.884615,0.6,0.708333,0.23047,0,0.5,0.666667,0,0.5,0.611111,0.714286,0,0.727273,0,0.772727,0,0,0,0,0.5,0,0.333333,0,0.5,0,1,0,0.142857,0.333333,0.875,1,0,0,0,0,0,0,0.428571,0.333333,0,0,0,0,0,0,0,0,0,0,0,0.444444,0.833333,0,0,0,0.166667,0,0,0,0,0,0,0,0.5,0,0,0,0.5,0,0,0,0,0,0,0,0,0,0,0,0,0,0,0,0,0,0,0,0,0,0,0,0,0,0,0,0,0,1,0,0,0,0,0,0,0,0,0,0,0,0,0,0,0,0,0,0,0,0,0,0,0,0,0,0,0,0,0,0,0,0,0,0,0,0,0,0,0,0,0,0.166667,0,0,0,0,0,1,0,0.333333,0,0,0,0.166667,0.333333,0,0,1,0
6587,0.115385,0,0,0.177419,0,0,0,0,0,0,0,0,0,0,0,0,0,0,0,0.333333,0,0,0.5,0.333333,0,0,0,0,0,0,0,0,0,0,0,0,0,0,0,0,0,0,0,0,0,0,0,0,0,0,0,0,0,0,0,0,0,0,0,0,0,0,0,0,0,0,0,0,1,0,0,0,0,0,0,0,0,0,0,0,0,0,0,0,0,0,0,0,0,0,0,0,0,0,0,0,0,0,0,0,0,0,0,0,0,0,0,0,0,0,0,0,0,0,0,0,0,0,0,0,0,0,0,0,0,0,0,0,0,1,0,0,0,0,0,0,0,0,0,0.166667,0,0,0,0,0,0,0,0,0,0,0,0,0,0.5,1,0,0
6278,0.115385,0,0,0.674673,0,0,0,0,0,0,0,0,0,0,0,0,0,0,0,0.333333,0.3,0,0,0,0,0,0,0,0,0,0,0,0,0,0,0,0,0,0,0,0,0,0,0,0,0,0,0,0,0,0,0,0,0,0,0,0,0,0,0,0,0,0,0,0,0,0,0,0,0,0,0,0,0,0,0,0,0,0,0,0,0,0,0,0,0,0,0,0,0,0,0,0,0,0,0,1,0,0,0,0,0,0,0,0,0,0,0,0,0,0,0,0,0,0,0,0,0,0,0,0,0,0,0,0,0,0,0,0,0,0,0,0,0,0,0,0,0,0,0.166667,0,0,0,0,0,0,0.3,0,0,0,0,0,0,0,0,0,0
3776,0.0769231,0,0,0.0415577,0,0,0,0,0,0,0,0,0,0,0,0,0,0,0,0.5,0,0,0,0.166667,0,0,0,0,0,0,0,0,0,0,0,0,0,0,0,0,0,0,0,0,0,0,0,0,0,0,0,0,0,0,0,0,0,0,0,0,0,0,0,0,0,0,0,0,0,0,0,0,0,0,0,0,0,0,0,0,0,0,0,0,0,0,0,0,0,0,0,0,0,0,0,0,0,0,0,0,0,0,0,0,0,0,0,0,1,0,0,0,0,0,0,0,0,0,0,0,0,0,0,0,0,0,0,0,0,0,0,0,0,0,0,0,0,0,0,0.333333,0,0,0,0,0,0,0,0,0,0,0,0.166667,0,0,0,0,0
3672,0.5,0.2,0.333333,0.109077,0,0.277778,0.25,0,1,0.222222,0.285714,0,0.272727,0,0.363636,0,0,0,0,0.833333,0,0,0,0.333333,0,0,0,0.142857,0.166667,0.375,0.5,0,0,0,0,0,0,0.142857,0,0,0,0,0,0,0,0,0,0,0,0,0.222222,0.333333,0,0,0,0,0,0,0,0,0,0,0,0,0,0,0,0,0,0,0,0,1,0,0,0,0,0,0,0,0,0,0,0,0,0,0,0,0,0,0,0,0,0,0,0,0,0,0,0,0,0,0,0,0,0,0,0,0,0,0,0,0,0,0,0,0,0,0,0,0,0,0,0,0,0,0,0,0,0,0,0,0,1,0,0,0,0,0,0.5,0,0,0,0,0,0,0,0,0,0,0,0.166667,0.333333,0,0,0,0
6986,0.346154,0.2,0.25,0.0584233,0,0.166667,0.25,0,0,0.333333,0,0,0,0,0.272727,0,0,0,0,0.666667,0,0,0,0.166667,0,0,0,0.142857,0,0.5,0,0,0,0,0,0,0,0.142857,0,0,0,0,0,0,0,0,0,0,0,0,0,0,0.375,0.333333,0,0,0,0,0,0,0,0,0,0,0,0,0,0,0,0,0,0,0,0,0,0,0,0,0,0,0,1,0,0,0,0,0,0,0,0,0,1,0,0,0,0,0,0,0,0,0,0,0,0,0,0,0,0,0,0,0,0,0,0,0,0,0,0,0,0,0,0,0,0,0,0,0,0,0,0,0,0,0,0,0,0,0,0,0,0.5,0,0,0,0,0,0,0,0,0,0,0,0,0.333333,0,0,0,0
3718,0.730769,0.6,0.666667,0.194025,0,0.5,0.583333,0,0.5,0.555556,0.714286,0,0.545455,0,0.681818,0.166667,0,0,0,0.333333,0,0,0,0.5,0,0,0,0.428571,0.333333,0.375,1,0,0,0,0.142857,0,0,0.428571,0,0,0,0,0.4,0,0,0,0,0,0,0,0.444444,0.666667,0.125,0.333333,0.166667,0,0,0,0,0,0,0,0,0,0,0,0,0,0,0,0,0,1,0,0,0,0,0,0,0,0,0,0,0,0,0,0,0,0,0,0,0,0,0,0,0,0,0,0,0,0,0,0,0,0,0,0,0,0,0,0,0,0,0,0,0,0,0,0,0,0,0,0,0,0,0,0,0,0,0,0,0,0,0,0,0,0,0,0,0.166667,0,0,0,0,0,0,0,0,0,0,0,0.166667,0.666667,0,0,0,0
54678486,0.807692,0.6,0.75,0.199018,0,0.611111,0.583333,0,0.5,0.666667,0.714286,0,0.636364,0,0.772727,0,0.333333,0,0,0.333333,0,0,0,0.5,0,0,0,0.571429,0.5,0.25,0.75,0,0,0,0,0,0,0.714286,0.166667,0,0,0,0,0.5,0,0,0,0,0,0,0.555556,0.666667,0,0.333333,0,0,0,0,0.5,0.5,0,0,0,0,0,0,0,0,0,0,0,0,0,0,0,0,0,0,0,0,0,0,0,0,0,0,0,0,0,0,0,0,0,0,0,0,0,0,0,0,0,0,0,0,0,0,1,0,0,0,0,0,0,0,0,0,0,0,0,0,0,0,0,0,0,0,0,0,0,0,0,0,0,0,0,0,0,0,0,0.166667,0,0,0,0,0,0,0,0,0,0,0,0.166667,0.666667,0,0,0,0
7410,0.269231,0.2,0.25,0.153444,0,0.277778,0.0833333,0,0,0.333333,0,0,0.272727,0,0.272727,0,0,0,0,0.333333,0,0,0,0.166667,0,0,0,0.285714,0.333333,0.125,0.25,0,0,0,0,0,0,0,0,0,0,0,0,0,0,0,0,0,0,0,0.277778,0,0,0,0,0,0,0,0,0,0,0,0,0,0,0,0,0,0,0,0,0,0,0,0,0,0,0,0,0,0,0,0,0,0,0,0,0,0,0,0,0,0,0,0,0,0,0,0,0,0,0,0,0,0,0,0,0,0,0,0,0,0,0,0,0,0,0,0,1,0,0,0,0,0,0,0,0,0,0,0,0,0,0,0,0,0,0,0,0.166667,0,0,0,0,0,0,0,0,0,0,0,0,0.333333,0,0,0,0
5994,0.807692,0.8,0.708333,0.0918009,0,0.5,0.5,0.5,0,0.611111,0.857143,0,0.0909091,0,0.772727,0,0,0,0,0.666667,0,0,0,0.333333,0,0,0,0.571429,0,0.875,0.25,0.666667,0,0,0,0,0,0.285714,0,0.666667,0,0,0,0,0,0,0,0,0,0,0.222222,0.166667,1,0.333333,0,0.333333,0,0,0,0,0,0,0,0,0,0,0,0,0,0,0,0,0,0,0,0,0,0,0,0,0,0,0,0,0,0,0,0,0,0,0,0,0,0,0,0,0,0,0,0,0,0,0,0,1,0,0,0,0,0,0,0,0,0,0,0,0,0,0,0,0,0,0,0,0,0,0,0,0,0,0,0,0,0,0,0,0,0,0,0.5,0,0,0,0,0,0,0,0,0,0,0,0,0.666667,0,0,0,0
16724,0.346154,0.2,0.25,0.0959024,0,0.166667,0.25,0,0,0.333333,0,0,0.0909091,0,0.272727,0,0,0,0,0.666667,0,0,0,0.166667,0,0,0,0.142857,0,0.375,0.25,0,0,0,0,0,0,0.142857,0,0,0,0,0,0,0,0,0,0,0,0,0.0555556,0,0.25,0.333333,0,0.166667,0,0,0,0,0,0,0,0,0,0,0,0,0,0,0,0,0,0,0,0,0,0,0,0,0,0,0,1,0,0,0,0,0,0,0,0,0,0,0,0,0,0,0,0,0,0,0,0,0,0,0,0,0,0,0,0,0,0,0,0,0,0,0,0,0,0,0,0,0,0,0,0,0,0,0,0,0,0,0,0,0,0,0,0.333333,1,0,0,0,0,0,0,0,0,0,0,0,0.333333,0,0,0,0
241,0.153846,0.2,0.25,0.123075,0,0.333333,0,0,0,0.333333,0,0,0.272727,0,0.272727,0,0,0,0,0,0,0,0,0,0,0,0,0.428571,0.5,0,0,0,0,0,0,0,0,0,0,0,0,0,0,0,0,0,0,0,0,0,0.333333,0,0,0,0,0,0,0,0,0,0,0,0,0,0,0,0,0,0,0,0,0,0,0,0,0,0,0,0,0,0,0,0,0,0,0,0,0,0,0,0,0,0,0,0,0,0,0,0,0,0,0,0,0,0,0,0,0,0,0,0,0,0,0,0,0,0,0,0,0,0,0,0,0,0,0,0,0,0,0,0,0,0,0,0,0,0,0,0,0,0,0,0,0,0,0,0,0,0,0,0,0,0,0,0,0,0
8078,0.153846,0.2,0.25,0.0234428,0,0.333333,0,0,0,0.333333,0,0,0,0,0.272727,0,0,0,0,0,0,0,0,0,0,0,0,0.857143,0,0,0,0,0,0,0,0,0,0,0,0,0,0,0,0,0,0,0,0,0,0,0,0,0.75,0,0,0,0,0,0,0,0,0,0,0,0,0,0,0,0,0,0,0,0,0,0,0,0,0,0,0,0,0,0,0,0,0,0,0,0,0,0,0,0,0,0,0,0,0,0,0,0,0,0,0,0,0,0,0,0,0,0,0,0,0,0,0,0,0,0,0,0,0,0,0,0,0,0,0,0,0,0,0,0,0,0,0,0,0,0,0,0,0,0,0,0,0,0,0,0,0,0,0,0,0,0,0,0
931,0.307692,0.4,0.416667,0.156285,0,0.444444,0.166667,0,0,0.444444,0.285714,0,0.454545,0,0.454545,0,0,0,0,0,0,0,0,0,0,0,0,0.428571,0.5,0.25,0.5,0,0,0,0,0,0,0.142857,0,0,0,0,0,0,0,0,0,0,0,0,0.444444,0.333333,0,0,0,0,0,0,0,0,0,0,0,0,0,0,0,0,0,0,0,0,0,0,0,0,0,0,0,0,0,0,0,0,0,0,0,0,0,0,0,0,0,0,0,0,0,0,0,0,0,0,0,0,0,0,0,0,0,0,0,0,0,0,0,0,0,0,0,0,0,0,0,0,0,0,0,0,0,0,0,0,0,0,0,0,0,0,0,0,0,0,0,0,0,0,0,0,0,0,0,0,0,0,0,0,0
8079,0.153846,0.2,0.25,0.0483508,0,0.333333,0,0,0,0.333333,0,0,0.0909091,0,0.272727,0,0,0,0,0,0,0,0,0,0,0,0,0.714286,0.166667,0,0,0,0,0,0,0,0,0,0,0,0,0,0,0,0,0,0,0,0,0,0.111111,0,0.5,0,0,0,0,0,0,0,0,0,0,0,0,0,0,0,0,0,0,0,0,0,0,0,0,0,0,0,0,0,0,0,0,0,0,0,0,0,0,0,0,0,0,0,0,0,0,0,0,0,0,0,0,0,0,0,0,0,0,0,0,0,0,0,0,0,0,0,0,0,0,0,0,0,0,0,0,0,0,0,0,0,0,0,0,0,0,0,0,0,0,0,0,0,0,0,0,0,0,0,0,0,0,0,0
7095,0.384615,0.4,0.5,0.150247,0,0.555556,0.166667,0,0,0.555556,0.285714,0,0.545455,0,0.545455,0,0,0,0,0,0,0,0,0,0,0,0,0.571429,0.666667,0.25,0.5,0,0,0,0,0,0,0.142857,0,0,0,0,0,0,0,0,0,0,0,0,0.555556,0.333333,0,0,0,0,0,0,0,0,0,0,0,0,0,0,0,0,0,0,0,0,0,0,0,0,0,0,0,0,0,0,0,0,0,0,0,0,0,0,0,0,0,0,0,0,0,0,0,0,0,0,0,0,0,0,0,0,0,0,0,0,0,0,0,0,0,0,0,0,0,0,0,0,0,0,0,0,0,0,0,0,0,0,0,0,0,0,0,0,0,0,0,0,0,0,0,0,0,0,0,0,0,0,0,0,0
2378,0.846154,0.8,1,0.17095,0,1,0.5,0,0,1,0.857143,0,1,0,1,0.333333,0,0,0,0,0,0,0,0,0,0,0,0.714286,1,0.5,1,0,0.5,0.25,0.285714,0,0,0.428571,0,0,0,0,0.2,0,0,0,0,0,0,0,1,0.666667,0,0,0.333333,0,0,0,0,0,0,0,0,0,0,0,0,0,0,0,0,0,0,0,0,0,0,0,0,0,0,0,0,0,0,0,0,0,0,0,0,0,0,0,0,0,0,0,0,0,0,0,0,0,0,0,0,0,0,0,0,0,0,0,0,0,0,0,0,0,0,0,0,0,0,0,0,0,0,0,0,0,0,0,0,0,0,0,0,0,0,0,0,0,0,0,0,0,0,0,0,0,0,0,0,0,0
31423,0.538462,0.8,0.666667,0.192051,0,0.555556,0.5,0,0,0.555556,0.857143,0,0.727273,0,0.727273,0,0,0,0,0,0,0,0,0,0,0,0,0.285714,0.666667,0.75,0.5,0,0,0,0,0,0,0.428571,0.333333,0,0,0,0,0,0,0,0,0,0,0,0.555556,1,0,0,0,0,0,0,0,0,0,0,0,0,0,0,0,0,0,0,0,0,0,0,0,0,0,0,0,0,0,0,0,0,0,0,0,0,0,0,0,0,0,0,0,0,0,0,0,0,0,0,0,0,0,0,0,0,0,0,0,0,0,0,0,0,0,0,0,0,0,0,0,0,0,0,0,0,0,0,0,0,0,0,0,0,0,0,0,0,0,0,0,0,0,0,0,0,0,0,0,0,0,0,0,0,0
6853,0.423077,0.6,0.541667,0.162061,0,0.5,0.333333,0,0,0.5,0.571429,0,0.545455,0,0.590909,0,0,0,0,0,0,0,0,0,0,0,0,0.571429,0.333333,0.25,1,0,0,0,0,0,0,0.428571,0,0,0,0,0,0,0,0,0,0,0,0,0.444444,0.666667,0.125,0,0,0,0,0,0,0,0,0,0,0,0,0,0,0,0,0,0,0,0,0,0,0,0,0,0,0,0,0,0,0,0,0,0,0,0,0,0,0,0,0,0,0,0,0,0,0,0,0,0,0,0,0,0,0,0,0,0,0,0,0,0,0,0,0,0,0,0,0,0,0,0,0,0,0,0,0,0,0,0,0,0,0,0,0,0,0,0,0,0,0,0,0,0,0,0,0,0,0,0,0,0,0,0
6375,0.0769231,0,0,0.243409,0,0,0,0,0,0,0,0,0,0,0,0,0,0,0,0.166667,0,0,0.5,0.333333,0,0,0,0,0,0,0,0,0,0,0,0,0,0,0,0,0,0,0,0,0,0,0,0,0,0,0,0,0,0,0,0,0,0,0,0,0,0,0,0,0,0,0,0,0,0,0,0,0,0,0,0,0,0,0,0,0,0,0,0,0,0,0,0,0,0,0,0,0,0,0,0,0,0,0,0,0,0,0,0,0,0,0,0,0,0,0,1,0,0,0,0,0,0,0,0,0,0,0,0,0,0,0,0,0,0,0,0,0,0,0,0,0,0,0,0,0,0,0.333333,0,0,0,0,0,0,0,0,0,0,0.5,1,0,0
5950,0.153846,0,0,0.141886,0,0,0,0,0,0,0,0,0,0,0,0,0,0,0,0.5,0,0,0.5,0.333333,0,0,0,0,0,0,0,0,0,0,0,0,0,0,0,0,0,0,0,0,0,0,0,0,0,0,0,0,0,0,0,0,0,0,0,0,0,0,0,0,0,0,0,0,0,0,0,0,0,0,0,0,0,0,0,0,0,0,0,0,0,0,0,0,0,1,0,0,0,0,0,0,0,0,0,0,0,0,0,0,0,0,0,0,0,0,1,0,0,0,0,0,0,0,0,0,0,0,0,0,0,0,0,0,0,0,0,0,0,0,0,0,0,0,0,0.166667,0,0,0,0,0,0,0,0,0.5,0,0,0.166667,0.333333,0,0,0,0
5754,0.923077,0.8,0.75,0.121134,0,0.444444,0.583333,0.75,0.5,0.555556,1,0,0.0909091,0,0.818182,0,0,0,0,0.5,0,0,0,0.833333,0,0,0,0.428571,0,0.75,0.25,1,0,0,0,0,0,0.428571,0,0.666667,0,0,0,0,0,0.5,0,0,0,0,0.222222,0.166667,0.875,0.333333,0,0.333333,0,0,0,0.5,0.5,0,0,0,0,0,0,0,0,0,0,0,0,0,0,0,0,1,0,0,0,0,0,0,0,0,0,0,0,0,0,0,0,0,0,0,0,0,0,0,0,0,0,0,0,0,0,0,0,0,0,0,0,0,0,0,0,0,0,0,0,0,0,0,0,0,0,0,0,0,0,0,0,0,0,0,0,0,0,0.333333,0,0,0,0,0,0,0,0,0,0,0,0.5,0.666667,0,0,0,0
5757,0.692308,0.8,0.708333,0.105783,0,0.5,0.583333,0.25,0,0.611111,0.857143,0,0.272727,0,0.772727,0,0,0,0,0.166667,0,0,0,0.333333,0,0,0,0.428571,0.166667,1,0.25,0.333333,0,0,0,0,0,0.428571,0.166667,0.333333,0,0,0,0,0,0,0,0,0,0,0.333333,0.333333,0.75,0,0,0.166667,0,0,0,0.5,0.5,0,0,0,0,0,0,0,0,0,0,0,0,0,0,0,0,0,0,0,0,0,0,0,0,0,0,0,0,0,0,0,0,0,0,0,0,0,0,0,0,0,0,0,0,0,0,0,0,0,0,0,0,0,0,0,0,0,0,0,0,0,0,0,0,0,0,0,0,0,0,0,0,0,0,0,0,0,0,0.166667,0,0,0,0,0,0,0,0,0,0,0,0.333333,0,0,0,0,0
5865,0.923077,0.8,0.75,0.143976,0,0.444444,0.583333,0.75,0.5,0.555556,1,0,0.181818,0,0.818182,0,0,0,0,0.5,0,0,0,0.833333,0,0,0,0.285714,0.166667,0.75,0.25,1,0,0,0,0,0,0.428571,0,0.666667,0,0,0,0,0,0.5,0,0,0,0,0.333333,0.166667,0.625,0.666667,0,0.333333,0,0,0,0.5,0,0,0,0,0,0,0,0,0,0,0,0,0,0,0,0,0,1,0,0,0,0,0,0,0,0,0,0,0,0,0,0,0,0,0,0,0,0,0,0,0,0,0,0,0,0,0,0,0,0,0,0,0,0,0,0,0,0,0,0,0,0,0,0,0,0,0,0,0,0,0,0,0,0,0,0,0,0,0,0.333333,0,0,0,0,0,0,0,0,0,0,0,0.333333,1,0,0,0,0
5753,0.884615,0.8,0.75,0.111712,0,0.444444,0.666667,0.5,0.5,0.555556,1,0,0.0909091,0,0.818182,0,0,0,0,0.5,0,0,0,0.666667,0,0,0,0.428571,0,0.875,0.25,0.666667,0,0,0,0,0,0.571429,0,0.666667,0,0,0,0,0,0,0,0,0,0,0.277778,0.166667,0.875,0.333333,0,0.333333,0,0,0,0,0.5,0,0,0,0,0,0,0,0,0,0,0,0,0,0,0,0,1,0,0,0,0,0,0,0,0,0,0,0,0,0,0,0,0,0,0,0,0,0,0,0,0,0,0,0,0,0,0,0,0,0,0,0,0,0,0,0,0,0,0,0,0,0,0,0,0,0,0,0,0,0,0,0,0,0,0,0,0,0,0.333333,0,0,0,0,0,0,0,0,0,0,0,0.333333,0.666667,0,0,0,0
7961,0.192308,0.2,0.25,0.480391,0,0.277778,0.0833333,0,0,0.333333,0,0,0.272727,0,0.272727,0,0,0,1,0,0,0,0,0,0,0,0,0.285714,0.333333,0.125,0.25,0,0,0,0,0,0,0,0,0,0,0,0,0,0,0,0,0,0,0,0.277778,0,0,0,0,0,0,0,0,0,0,0,0,0,0,0,0,0,0,0,0,0,0,0,0,0,0,0,0,0,0,0,0,0,1,0,0,0,0,0,0,0,0,0,0,0,0,0,0,0,0,0,0,0,0,0,0,0,0,0,0,0,0,0,0,0,0,0,0,0,0,0,0,0,0,0,0,0,0,0,0,0,0,0,0,0,0,0,1,0,0,0,0,0,0,0,0,0,0,0,0,0,0,0,0,0,0
2441,0.653846,0.6,0.708333,0.361816,0,0.611111,0.5,0,0,0.722222,0.571429,0,0.636364,0,0.636364,0.5,0,0,1,0,0,0,0,0.166667,0,0,0,0.285714,0.333333,0.5,0.5,0,0.5,0.25,0,0,0,0.285714,0.166667,0,0.6,0.333333,0,0,0,0,0,0,0,0,0.388889,0.666667,0.125,0.333333,0.333333,0,0,0.5,0,0,0,0,0,0,0,0,0,0,0,0,0,0,0,0,0,0,0,0,0,0,0,0,0,0,1,0,0,0,0,0,0,0,0,0,0,0,0,0,0,0,0,0,0,0,0,0,0,0,0,0,0,0,0,0,0,0,0,0,0,0,0,0,0,0,0,0,0,0,0,0,0,0,0,0,0,0,0,0,1,0,0,0,0,0,0,0,0,0,0,0,0,0,0.333333,0,0,0,0
5353830,0.576923,0.4,0.5,0.332184,0,0.388889,0.416667,0,0,0.555556,0.285714,0,0.272727,0,0.363636,0.5,0.333333,0,0,0,0,0,0.5,0.666667,0,0,0,0.142857,0,0.25,0.5,0,0,0.25,0.142857,0,0,0,0,0,0.4,0,0.2,0.5,0,0,0,0,0,0.5,0.166667,0.166667,0.125,0.666667,0.333333,0,0,0.5,0.5,0,0,0,0,0,0,0,1,0,0,0,0,0,0,0,0,0,0,0,0,0,0,0,0,0,0,0,0,0,0,0,0,0,0,0,0,0,0,0,0,0,0,0,0,0,0,0,0,0,0,0,0,0,0,0,0,0,0,0,0,0,0,0,0,0,0,0,0,0,0,0,0,0,0,0,0,0,0,0,0,0,0,0,0,0,0,0,0,0,0,0,0,0,0.666667,0.5,1,0,0
7416,0.269231,0.2,0.25,0.247291,0,0.277778,0.0833333,0,0,0.333333,0,0,0.272727,0,0.272727,0,0,0,0,0,0,0,0.5,0.333333,0,0,0,0.285714,0.333333,0.125,0.25,0,0,0,0,0,0,0,0,0,0,0,0,0,0,0,0,0,0,0,0.277778,0,0,0,0,0,0,0,0,0,0,0,0,0,0,0,1,0,0,0,0,0,0,0,0,0,0,0,0,0,0,0,0,0,0,0,0,0,0,0,0,0,0,0,0,0,0,0,0,0,0,0,0,0,0,0,0,0,0,0,0,0,0,0,0,0,0,0,0,0,0,0,0,0,0,0,0,0,0,0,0,0,0,0,0,0,0,0,0,0,0,0,0,0,0,0,0,0,0,0,0,0,0,0.5,1,0,0
448537,0.692308,0.4,0.583333,0.133944,0,0.444444,0.5,0,0,0.666667,0.285714,0,0.636364,0,0.636364,0,0,0,0,0.666667,0,0,0,0.333333,0,0,0,0.285714,0.333333,0.5,1,0,0,0,0,0,0,0.285714,0.166667,0,0,0,0,0,0,0,0,0,0,0,0.444444,0.333333,0,0,0,0,0,0,0,1,0,0,0,0,0,0,0,0,0,0,0,0,0,0,0,0,0,0,0,0,0,0,1,0,0,0,0,0,0,0,0,0,0,0,0,0,0,0,0,0,0,0,0,0,0,0,0,0,0,0,0,0,0,0,0,0,0,0,0,0,0,0,0,0,0,0,0,0,0,0,0,0,0,0,0,0,0,0,0,0.333333,0,0,0,0,0,0,0,0,0,0,0,0.333333,0,0,0,0,0
65394,0.653846,0.4,0.583333,0.326024,0,0.5,0.416667,0,0.5,0.555556,0.428571,0,0.545455,0,0.590909,0,0.333333,0,0,0.166667,0.2,0,0,0.333333,0,0,0,0.285714,0.333333,0.5,0.75,0,0,0,0,0,0,0.142857,0.166667,0,0,0,0,0.5,0,0,0,0,0,0,0.388889,0.5,0,0,0,0,0.2,0,0.5,0,0,0,0,0.5,0,0,0,0,0,0,0,0,0,0,0,0,0,0,0,0,0,0,0,0,0,0,0,0,0,0,0,0,0,0,0,0,0,0,0,0,0,0,0,0,0,0,0,0,0,0,0,0,0,0,0,0,0,0,0,0,0,0,0,0,0,0,0,0,0,0,0,0,0,0,0,0,0,0,0,0,0,0,0,0,0,0,0.2,0,0,0,0,0.166667,0.333333,0,0,0,0
2537,0.346154,0.4,0.291667,0.0757747,0,0.166667,0.166667,0.5,0,0.277778,0.285714,0,0,0,0.318182,0,0,0,0,0.5,0,0,0,0.166667,0,0,0,0.142857,0,0.375,0,0.333333,0,0,0,0,0,0,0,0.333333,0,0,0,0,0,0.5,0,0,0,0,0.0555556,0,0.375,0.333333,0,0.166667,0,0,0,0,0,0,0,0,0,0,0,0,0,0,0,0,0,0,0,0,0,0,0,0,0,0,0,0,0,0,0,0,0,0,0,0,0,0,0,0,0,0,0,0,0,0,0,0,0,1,0,0,0,0,0,0,0,0,0,0,0,0,0,0,0,0,0,0,0,0,0,0,0,0,0,0,0,0,0,0,0,0,0,0.5,0,0,0,0,0,0,0,0,0,0,0,0,0.333333,0,0,0,0
6341,0.0384615,0,0,0.0143854,0,0,0,0,0,0,0,0,0,0,0,0,0,0,0,0.333333,0,0,0.5,0,0,0,0,0,0,0,0,0,0,0,0,0,0,0,0,0,0,0,0,0,0,0,0,0,0,0,0,0,0,0,0,0,0,0,0,0,0,0,0,0,0,0,0,0,0,0,0,0,0,0,0,0,0,0,0,0,0,0,0,0,0,0,0,0,0,0,0,0,0,0,0,0,0,0,0,0,0,0,0,0,0,0,0,0,0,0,0,0,1,0,0,0,0,0,0,0,0,0,0,0,0,0,0,0,0,0,0,0,0,0,0,0,0,0,0,0.166667,0,0,0,0,0,0,0,0,0.5,0,0,0,0,0,0,0,0
11334,0.269231,0.2,0.25,0.450397,0,0.166667,0.25,0,0,0.333333,0,0,0.272727,0,0.272727,0,0,0,0,0,0.2,0,0,0.166667,0,0,0,0.142857,0.166667,0.125,0.25,0,0,0,0,0,0,0.142857,0.166667,0,0,0,0,0,0,0,0,0,0,0,0.166667,0,0,0,0,0,0.2,0,0,0.5,0,0,0,0,0,0,0,0,0,0,0,0,0,0,0,0,0,0,0,0,0,0,0,0,0,0,0,0,0,0,0,0,0,0,0,0,0,0,0,0,0,0,0,0,0,0,0,0,0,0,0,0,0,0,0,0,0,0,0,0,0,0,0,0,0,0,0,0,0,0,0,0,0,0,0,0,0,0,0,0,0,0,0,0,0,0,0.2,0,0,0,0,0.166667,0,0,0,0,0
338,0.307692,0.2,0.25,0.238557,0,0.222222,0.166667,0,0,0.333333,0,0,0.272727,0,0.272727,0,0,0,0,0.166667,0,0,0,0.5,0,0,0,0.285714,0.166667,0,0.5,0,0,0,0,0,0,0.142857,0,0,0,0,0,0,0,0,0,0,0,0,0.222222,0,0,0,0,0,0,0,0,0.5,0,0,0,0,0,0,0,0,0,0,0,0,0,1,0,0,0,0,0,0,0,0,0,0,0,0,0,0,0,0,0,0,0,0,0,0,0,0,0,0,0,0,0,0,0,0,0,0,0,0,0,0,0,0,0,0,0,0,0,0,0,0,0,0,0,0,0,0,0,0,0,0,0,0,0,0,0,0,0,0,0,0,0,0,0,0,0,0,0,0,0,0.333333,0.333333,0,0,0,0
7393,0.346154,0.2,0.25,0.0959024,0,0.222222,0.166667,0,0,0.333333,0,0,0.272727,0,0.272727,0,0,0,0,0.666667,0,0,0,0.166667,0,0,0,0.142857,0.166667,0.25,0.5,0,0,0,0,0,0,0,0,0,0,0,0,0,0,0,0,0,0,0,0.222222,0,0,0,0,0,0,0,0,0.5,0,0,0,0,0,0,0,0,0,0,0,0,0,0,0,0,0,0,0,0,0,0,0,0,0,0,0,0,0,0,0,0,0,0,0,0,0,0,0,0,1,0,0,0,0,0,0,0,0,0,0,0,0,0,0,0,0,0,0,0,0,0,0,0,0,0,0,0,0,0,0,0,0,0,0,0,0,0,0,0.5,0,0,0,0,0,0,0,0,0,0,0,0.166667,0,0,0,0,0
996,0.192308,0.2,0.25,0.162788,0,0.277778,0.0833333,0,0,0.333333,0,0,0.272727,0,0.272727,0,0,0,0,0,0,0,0,0.166667,0,0,0,0.285714,0.333333,0.125,0.25,0,0,0,0,0,0,0,0,0,0,0,0,0,0,0,0,0,0,0,0.277778,0,0,0,0,0,0,0,0,0.5,0,0,0,0,0,0,0,0,0,0,0,0,0,0,0,0,0,0,0,0,0,0,0,0,0,0,0,0,0,0,0,0,0,0,0,0,0,0,0,0,0,0,0,0,0,0,0,0,0,0,0,0,0,0,0,0,0,0,0,0,0,0,0,0,0,0,0,0,0,0,0,0,0,0,0,0,0,0,0,0,0,0,0,0,0,0,0,0,0,0,0,0.166667,0,0,0,0,0
1146,0.0769231,0,0,0.0164755,0,0,0,0,0,0,0,0,0,0,0,0,0,0,0,0.5,0,0,0.5,0,0,0,0,0,0,0,0,0,0,0,0,0,0,0,0,0,0,0,0,0,0,0,0,0,0,0,0,0,0,0,0,0,0,0,0,0,0,0,0,0,0,0,0,0,0,0,0,0,0,0,0,0,0,0,0,0,0,0,0,0,0,0,0,0,0,0,0,0,0,0,0,0,0,0,0,0,0,0,0,0,0,0,0,0,0,0,0,0,0,1,0,0,0,0,0,0,0,0,0,0,0,0,0,0,0,0,0,0,0,0,0,0,0,0,0,0,0,0,1,0,0,0,0,0,0,0,0,0,0,0,0,0,0
1049,0.153846,0.2,0.25,0.160128,0,0.333333,0,0,0,0.333333,0,0,0.272727,0,0.227273,0.166667,0,0,0,0,0,0,0,0,0,0,0,0.285714,0.333333,0,0,0,0.5,0.25,0,0,0,0,0,0,0,0,0,0,0,0,0,0,0,0,0.277778,0,0,0,0.166667,0,0,0,0,0,0,0,0,0,0,0,0,0,0,0,0,0,0,0,0,0,0,0,0,0,0,0,0,0,0,0,0,0,0,0,0,0,0,0,0,0,0,0,0,0,0,0,0,0,0,0,0,0,0,0,0,0,0,0,0,0,0,0,0,0,0,0,0,0,0,0,0,0,0,0,0,0,0,0,0,0,0,0,0,0,0,0,0,0,0,0,0,0,0,0,0,0,0,0,0,0,0
8663,0.346154,0.4,0.416667,0.18171,0,0.388889,0.25,0,0,0.444444,0.285714,0,0.454545,0,0.454545,0,0,0,0,0,0,0,0,0.166667,0,0,0,0.285714,0.333333,0.375,0.75,0,0,0,0,0,0,0.142857,0,0,0,0,0,0,0,0,0,0,0,0,0.388889,0.333333,0,0,0,0,0,0,0,0.5,0,0,0,0,0,0,0,0,0,0,0,0,0,0,0,0,0,0,0,0,0,0,0,0,0,0,0,0,0,0,0,0,0,0,0,0,0,0,0,0,0,0,0,0,0,0,0,0,0,0,0,0,0,0,0,0,0,0,0,0,0,0,0,0,0,0,0,0,0,0,0,0,0,0,0,0,0,0,0,0,0,0,0,0,0,0,0,0,0,0,0,0.166667,0,0,0,0,0
8497,0.384615,0.2,0.25,0.303691,0,0.222222,0.166667,0,0,0.333333,0,0,0.272727,0,0.272727,0,0,0,0,0.166667,0,0,0.5,0.666667,0,0,0,0.142857,0.166667,0.25,0.5,0,0,0,0,0,0,0,0,0,0,0,0,0,0,0,0,0,0,0,0.222222,0,0,0,0,0,0,0,0,0,0,0,0,0,0,0,1,0,0,0,0,0,0,1,0,0,0,0,0,0,0,0,0,0,0,0,0,0,0,0,0,0,0,0,0,0,0,0,0,0,0,0,0,0,0,0,0,0,0,0,0,0,0,0,0,0,0,0,0,0,0,0,0,0,0,0,0,0,0,0,0,0,0,0,0,0,0,0,0,0,0,0,0,0,0,0,0,0,0,0,0,0.166667,0.333333,0.5,1,0,0
243,0.269231,0.2,0.25,0.211838,0,0.277778,0.0833333,0,0,0.333333,0,0,0.272727,0,0.272727,0,0,0,0,0.166667,0,0,0,0.333333,0,0,0,0.285714,0.333333,0.125,0.25,0,0,0,0,0,0,0,0,0,0,0,0,0,0,0,0,0,0,0,0.277778,0,0,0,0,0,0,0,0,0,0,0,0,0,0,0,0,0,0,0,0,0,0,1,0,0,0,0,0,0,0,0,0,0,0,0,0,0,0,0,0,0,0,0,0,0,0,0,0,0,0,0,0,0,0,0,0,0,0,0,0,0,0,0,0,0,0,0,0,0,0,0,0,0,0,0,0,0,0,0,0,0,0,0,0,0,0,0,0,0,0,0,0,0,0,0,0,0,0,0,0,0.166667,0.333333,0,0,0,0
2879,0.230769,0.2,0.25,0.136661,0,0.222222,0.166667,0,0,0.333333,0,0,0.272727,0,0.272727,0,0,0,0,0.166667,0,0,0,0.166667,0,0,0,0.142857,0.166667,0.25,0.5,0,0,0,0,0,0,0,0,0,0,0,0,0,0,0,0,0,0,0,0.222222,0,0,0,0,0.166667,0,0,0,0.5,0,0,0,0,0,0,0,0,0,0,0,0,0,0,0,0,0,0,0,0,0,0,0,0,0,0,0,0,0,0,0,0,0,0,0,0,0,0,0,0,0,0,0,0,0,0,0,0,0,0,0,0,0,0,0,0,0,0,0,0,0,0,0,0,0,0,0,0,0,0,0,0,0,0,0,0,0,0,0,0.166667,0,0,0,0,0,0,0,0,0,0,0,0.166667,0,0,0,0,0
3394,0.615385,0.4,0.541667,0.197579,0,0.444444,0.416667,0,0.5,0.5,0.428571,0,0.545455,0,0.590909,0,0,0,0,0.333333,0,0.333333,0,0.333333,0,0,0,0.285714,0.5,0.5,0.5,0,0,0,0,0,0,0.285714,0.166667,0,0,0,0,0,0,0,0,0,0,0,0.444444,0.5,0,0,0,0,0,0,0,0,0,0,0,0,0,0,0,0.5,0,0,0,0,1,0,0,0,0,0,0,0,0,0,0,0,0,0,0,0,0,0,0,0,0,0,0,0,0,0,0,0,0,0,0,0,0,0,0,0,0,0,0,0,0,0,0,0,0,0,0,0,0,0,0,0,0,0,0,0,0,0,0,0,0,0,0,0,0,0,0,0.166667,0,0,0,0,0,0,0,0.333333,0,0,0,0.166667,0.333333,0,0,0,0
2995,0.692308,0.6,0.75,0.114017,0,0.722222,0.416667,0,0.5,0.666667,0.714286,0,0.545455,0,0.772727,0.166667,0,0,0,0.166667,0,0,0.5,0,0,0,0,1,0.333333,0.25,1,0,0,0,0.142857,0,0,0.285714,0,0,0,0,0.4,0,0,0,0,0,0,0,0.444444,0.666667,0.5,0,0.166667,0,0,0,0,0,0,0,0,0,0,0,0,0,0,0,0,0,0,0,0,0,0,0,0,0,0,0,0,0,0,0,0,0,0,0,0,0,0,0,0,0,0,0,0,0,0,0,0,0,0,0,0,0,0,0,0,0,0,0,0,0,0,0,0,0,0,0,0,0,0,0,0,1,0,0,0,0,0,0,0,0,0,0,0,0,0,0,0.333333,0,0,0,0,0,0,0,0,0,0,0,0,0,0
798,0.269231,0.4,0.375,0.16723,0,0.388889,0.166667,0,0,0.388889,0.285714,0,0.363636,0,0.363636,0.166667,0,0,0,0,0,0,0,0,0,0,0,0.285714,0.333333,0.125,0.5,0,0.5,0,0,0,0,0.142857,0,0,0.2,0,0,0,0,0,0,0,0,0,0.333333,0.333333,0,0,0,0,0,0.5,0,0,0,0,0,0,0,0,0,0,0,0,0,0,0,0,0,0,0,0,0,0,0,0,0,0,0,0,0,0,0,0,0,0,0,0,0,0,0,0,0,0,0,0,0,0,0,0,0,0,0,0,0,0,0,0,0,0,0,0,0,0,0,0,0,0,0,0,0,0,0,0,0,0,0,0,0,0,0,0,0,0,0,0,0,0,0,0,0,0,0,0,0,0,0,0,0,0,0
2519,0.461538,0.4,0.375,0.20912,0,0.111111,0.583333,0,0,0.388889,0.285714,0,0.181818,0,0.227273,0.666667,0,0,0,0.5,0,0,0,0.333333,0,0,0,0,0,0,0,0,0,0.25,0.142857,0,0,0.142857,0.166667,0,0.2,0,1,0,0,0,0,0,0,0,0.0555556,0.333333,0,0.666667,0.166667,0,0,0,0,0,0,1,0,0,0,0,0,0,0,0,0,0,0,0,0,0,0,0,0,0,0,0,0,0,0,0,0,0,0,0,0,0,0,0,0,0,0,0,0,0,0,0,0,0,0,0,0,0,0,0,0,0,0,0,0,0,0,0,0,0,0,0,0,0,0,0,0,0,0,0,0,0,0,0,0,0,0,0,0,0,0,0,1,0,0,0,0,0,0,0,0,0,0.666667,0,0,0,0
527,0.0769231,0,0,0.0850334,0,0,0,0,0,0,0,0,0,0,0,0,0,0,0,0.5,0,0,0,0.166667,0,0,0,0,0,0,0,0,0,0,0,0,0,0,0,0,0,0,0,0,0,0,0,0,0,0,0,0,0,0,0,0,0,0,0,0,0,0,0,0,0,0,0,0,1,0,0,0,0,0,0,0,0,0,0,0,0,0,0,0,0,0,0,0,0,0,0,0,0,0,0,0,0,0,0,0,0,0,0,0,0,0,0,0,0,0,0,0,0,0,0,0,0,0,0,0,1,0,0,0,0,0,0,0,0,0,0,0,0,0,0,0,0,0,0,0.166667,0,0,0,0,0,0,0,0,0,0,0,0,0.333333,0,0,0,0
8083,0.153846,0.2,0.25,0.0850334,0,0.333333,0,0,0,0.333333,0,0,0,0,0.181818,0.166667,0.333333,0,0,0,0,0,0,0,0,0,0,0.285714,0,0,0,0,1,0,0,1,0,0,0,0,0,0,0,0,0,0,0,0,0,0,0,0,0.5,0,0,0,0,0.5,0.5,0,0,0,0,0,0,0,0,0,0,0,0,0,0,0,0,0,0,0,0,0,0,0,0,0,0,0,0,0,0,0,0,0,0,0,0,0,0,0,0,0,0,0,0,0,0,0,0,0,0,0,0,0,0,0,0,0,0,0,0,0,0,0,0,0,0,0,0,0,0,0,0,0,0,0,0,0,0,0,0,0,0,0,0,0,0,0,0,0,0,0,0,0,0,0,0,0,0
190,0.307692,0.4,0.375,0.258936,0,0.333333,0.25,0,0,0.388889,0.285714,0,0.363636,0,0.227273,0.666667,0,0,0,0,0,0,0.5,0,0,0,0,0,0,0,0,0,1,0.5,0,0,0,0.142857,0.166667,0,0.6,0.333333,0,0,0,0,0,0,0,0,0.111111,0.333333,0,0,0.5,0,0,0.5,0,0,0,0,0.5,0,0,0,0,0,0,0,0,0,0,0,0,0,0,0,0,0,0,0,0,0,0,0,0,0,0,0,0,0,0,0,0,0,0,0,0,0,0,0,0,0,0,0,0,0,0,0,0,0,0,0,0,0,0,0,0,0,0,0,0,0,0,0,0,0,0,0,0,0,0,0,0,0,0,0,0,0,0,0,0,0,0,0,0,0,0.5,0,0,0,0,0,0,0,0
4763,0.576923,0.4,0.5,0.204592,0,0.388889,0.333333,0.25,0,0.555556,0.285714,0,0.272727,0,0.454545,0.333333,0,0,0,0.333333,0,0,0,0.5,0,0,0,0.285714,0.333333,0.125,0.25,0,0,0,0,0,0,0,0,0.5,0.8,0,0,0,0,0,0,0,0,0,0.277778,0.166667,0,1,0,0,0,1,0,0,0,0,0,0,0,0,0,0,0,0,0,0,0,0,0,0,0,0,0,0,0,0,0.5,0,0,0,0,0,0,0,0,0,0,0,0,0,0,0,0,0,0,0,0,0,0,0,0,0,0,0,0,0,0,0,0,0,0,0,0,0,0,0,0,0,0,0,0,0,0,0,0,0,0,0,0,0,0,0,0,0.166667,0,0,0,0,0,0,0,0,0,0,0,0,1,0,0,0,0
2153,0.423077,0.4,0.375,0.235646,0,0.166667,0.5,0,0,0.388889,0.285714,0,0.181818,0,0.227273,0.666667,0,0,0,0.333333,0,0,0,0.333333,0,0,0,0,0,0,0,0,0.5,0.25,0,0,0,0.142857,0.166667,0,0.4,0,0.8,0,0,0,0,0,0,0,0.0555556,0.333333,0,0.666667,0.166667,0,0,0.5,0,0,0,0.666667,0,0,0,0,0,0,0,0,0,0,0,0,0,0,0,0,0,0,0,0,0,0,0,0,0,0,0,0,0,0,0,0,0,0,0,0,0,0,0,0,0,0,0,0,0,0,0,0,0,0,0,0,0,0,0,0,0,0,0,0,0,0,0,0,0,0,0,0,0,0,0,0,0,0,0,0,0,0,0,0,0.666667,0,0,0,0,0,0,0,0,0,0.666667,0,0,0,0
178,0.0769231,0,0,0.126094,0,0,0,0,0,0,0,0,0,0,0,0,0,0,0,0.333333,0,0,0.5,0.166667,0,0,0,0,0,0,0,0,0,0,0,0,0,0,0,0,0,0,0,0,0,0,0,0,0,0,0,0,0,0,0,0,0,0,0,0,0,0,0,0,0,0,0,0,0,0,0,0,0,0,0,0,0,0,0,0,0,0,0,0,0,0,0,0,1,0,0,0,0,0,0,0,0,0,0,0,0,0,0,0,0,0,0,0,0,0,0,0,0,0,0,0,0,0,0,0,0,0,0,0,0,0,0,0,0,0,0,0,0,0,0,0,0,0,0,0.166667,0,0,0,0,0,0,0,0,0.5,0,0,0,0.333333,0,0,0,0
8434,0.384615,0.2,0.333333,0.17989,0,0.277778,0.25,0,0.5,0.333333,0.142857,0,0.272727,0,0.318182,0,0.333333,0,0,0.333333,0,0,0,0.333333,0,0,0,0.142857,0.166667,0.25,0.5,0,0,0,0,0,0,0.142857,0,0,0,0,0,0.25,0,0,0,0,0,0,0.222222,0.166667,0,0.333333,0,0,0,0,0,0.5,0,0,0,0,0,0,0,0,0,0,0,1,0,0,0,0,0,0,0,0,0,0,0,0,0,0,0,0,0,0,0,0,0,0,0,0,0,0,0,0,0,0,0,0,0,0,0,0,0,0,0,0,0,0,0,0,0,0,0,0,0,0,0,0,0,0,0,0,0,0,0,0,0,0,0,0,0,0,0,0.166667,0,0,0,0,0,0,0,0,0,0,0,0.166667,0.333333,0,0,0,0
1775,0.653846,0.6,0.708333,0.211604,0,0.666667,0.333333,0.25,0,0.777778,0.285714,1,0.545455,0,0.681818,0.333333,0,0,0,0,0,0,0,0.333333,0,0,0,0.571429,0.666667,0.25,0.5,0,0,0,0,0,0,0,0,0.5,0.6,0,0,0,0,0,1,0,0,0,0.555556,0.5,0,0.666667,0,0,0,1,0,0,0,0,0,0,0,0,0,0,0,0,0,0,0,0,0,0,0,0,0,0,0,0,0,0,0,0,0,0,0,0,0,0,0,0,0,0,0,0,0,0,0,0,0,0,0,0,0,0,0,0,0,0,0,0,0,0,0,0,0,0,0,0,0,0,0,0,0,0,0,0,0,0,0,0,0,0,0,0,0,0,0,0,0,0,0,0,0,0,0,0,0,0,0.666667,0,0,0,0
6386,0.115385,0,0,0.0379347,0,0,0,0,0,0,0,0,0,0,0,0,0,0,0,0.666667,0,0,0,0.166667,0,0,0,0,0,0,0,0,0,0,0,0,0,0,0,0,0,0,0,0,0,0,0,0,0,0,0,0,0,0,0,0,0,0,0,0,0,0,0,0,0,0,0,0,0,0,0,0,0,0,0,0,0,0,0,0,0,0,0,0,0,0,0,0,0,0,0,0,0,0,0,0,0,0,0,0,0,0,0,0,0,0,0,0,0,0,0,0,0,0,0,0,0,0,0,0,0,0,0,0,0,0,0,0,0,0,1,0,0,0,0,0,0,0,0,0.5,0,0,0,0,0,0,0,0,0,0,0,0.166667,0,0,0,0,0
3715,0.884615,0.6,0.708333,0.243561,0,0.444444,0.75,0,0.5,0.611111,0.714286,0,0.636364,0,0.727273,0.166667,0,0,0,0.5,0.1,0,0,0.666667,0,0,0,0.142857,0.333333,0.75,0.75,0,0,0,0,0,0,0.285714,0.333333,0,0,0,0.6,0,0,0,0,0,0,0,0.388889,0.666667,0,0.333333,0.166667,0.166667,0.1,0,0,0,0,0,0,0.5,0,0,0,0,0,0.5,0,0,0,0,0,0,0,0,0,0,0,0,0,0,0,0,0,0,0,0,0,0,0,0,0,0,0,0,0,0,0,0,0,0,0,0,0,0,0,0,0,0,0,0,0,0,0,0,0,0,0,0,0,0,0,0,0,0,0,0,0,0,0,0,0,0,0,0,0,0.166667,0,0,0,0.333333,0,0,0.1,0,0,0,0,0.166667,0.666667,0,0,0,0
3676,0.576923,0.2,0.416667,0.0959024,0,0.277778,0.416667,0,0.5,0.444444,0.142857,0,0.272727,0,0.363636,0.333333,0,0,0,1,0,0,0,0.166667,0,0,0,0.142857,0.166667,0.25,0.25,0,0,0,0.142857,0,0,0.142857,0.166667,0,0.4,0,0,0,0,0,0,0,0,0,0.166667,0.166667,0.125,0.333333,0,0.333333,0,0.5,0,0,0,0,0,0,0,0,0,0,0,0,0,0,0,0,0,0,0,0,0,0,0,0,0,0,0,0,0,1,0,0,0,0,0,0,0,0,0,0,0,0,0,0,0,0,0,0,0,0,0,0,0,0,0,0,0,0,0,0,0,0,0,0,0,0,0,0,0,0,0,0,0,0,0,0,0,0,0,0,0,0.666667,0,0,0,0,0,0,0,0,0,0,0,0,0.333333,0,0,0,0
3120,0.461538,0.2,0.333333,0.296978,0,0.222222,0.333333,0,0.5,0.333333,0.142857,0,0.272727,0,0.318182,0.166667,0,0,0,0.333333,0.2,0,0.5,0.166667,0,0,0,0,0.166667,0.375,0.25,0,0,0,0,0,0,0,0.166667,0,0.4,0,0,0,0,0,0,0,0,0,0.166667,0.166667,0,0,0,0,0.2,0.5,0,0,0,0,0,0,0,0,0,0,0,0,0,0,0,0,0,0,0,0,0,0,0,0,0,0,0,0,0,0,0,0,0,0,0,0,0,0,0,0,0,0,0,0,0,0,0,0,0,0,0,0,0,0,0,0,0,1,0,0,0,0,0,0,0,0,0,0,0,0,0,0,0,0,0,0,0,0,0,0,0,0,0,0,0.666667,0,0,0,0.2,0,0,0,0,0,0.333333,0,0,0,0
8028,0.115385,0.2,0.208333,0.0708202,0,0.277778,0,0,0,0.277778,0,0,0,0,0.181818,0,0.333333,0,0,0,0,0,0,0,0,0,0,0.428571,0,0,0,0,0,0,0,1,0,0,0,0,0,0,0,0,0,0,0,0,0,0,0,0,0.5,0,0,0,0,0,0.5,0,0,0,0,0,0,0,0,0,0,0,0,0,0,0,0,0,0,0,0,0,0,0,0,0,0,0,0,0,0,0,0,0,0,0,0,0,0,0,0,0,0,0,0,0,0,0,0,0,0,0,0,0,0,0,0,0,0,0,0,0,0,0,0,0,0,0,0,0,0,0,0,0,0,0,0,0,0,0,0,0,0,0,0,0,0,0,0,0,0,0,0,0,0,0,0,0,0
1983,0.346154,0.2,0.291667,0.180137,0,0.277778,0.166667,0,0.5,0.277778,0.142857,0,0.272727,0,0.272727,0.166667,0,0,0,0.333333,0,0,0,0.333333,0,0,0,0.142857,0.166667,0.25,0.5,0,0,0,0,0,0,0,0,0,0.2,0,0,0,0,0,0,0,0,0,0.222222,0.166667,0,0,0,0,0,0,0,0.5,0,0,0,0,0,0,0,0,0,0,0,0,0,0,0,1,0,0,0,0,0,0,0,0,0,0,0,0,0,0,0,0,0,0,0,0,0,0,0,0,0,0,0,0,0,0,0,0,0,0,0,0,0,0,0,0,0,0,0,0,0,0,0,0,0,0,0,0,0,0,0,0,0,0,0,0,0,0,0,0.166667,0,0,0,0,0,0,0,0,0,0,0,0.166667,0.333333,0,0,0,0
5284371,0.769231,1,0.75,0.147719,0,0.444444,0.75,0.25,0,0.611111,0.857143,1,0.363636,0,0.727273,0.166667,0.333333,0,0,0.333333,0,0,0,0.333333,0,0,0,0.142857,0.333333,0.75,0,0.333333,0,0,0.142857,0,0,0.428571,0.333333,0.5,0,0,0.2,0.5,0,0,0,0,0,0,0.388889,0.666667,0.375,0,0,0,0,0,0.5,0,0.5,0.333333,0,0,0,0,0,0,0,0.5,0,0,0,0,0,0,0,0,0,0,0,0,0,0,0,0,0,0,0,0,0,0,0,0,0,0,0,0,0,0,0,0,0,0,0,0,0,0,0,0,0,0,0,0,0,0,0,0,0,0,0,0,0,0,0,0,0,0,0,0,0,0,0,0,0,0,0,0,0,0,0,0,0.333333,0.333333,0,0,0,0,0,0,0,0.166667,0,0,0,0,0
2294,0.423077,0.2,0.25,0.169811,0,0.111111,0.25,0.25,0,0.333333,0,0,0,0,0.181818,0.333333,0,0,0,0.666667,0,0,0,0.5,0,0,0,0,0,0,0,0,0,0,0,0,0,0,0,0.333333,0.8,0,0,0,0,0,0,0,0,0,0,0,0,1,0,0,0,1,0,0,0,0,0,0,0,0,0,0,0,0,0,0,0,0,0,0,0,0,0,0,0,0,0,0,0,0,0,0,0,0,0,0,0,0,0,0,0,0,0,0,0,0,0,0,0,0,0,0,0,0,0,0,0,0,0,0,0,0,0,0,0,0,0,0,0,0,0,0,0,0,0,0,0,0,1,0,0,0,0,0.333333,0,0,0,0,0,0,0,0,0,0,0,0,1,0,0,0,0
1031,0.0769231,0,0,0.0415577,0,0,0,0,0,0,0,0,0,0,0,0,0,0,0,0.5,0,0,0,0.166667,0,0,0,0,0,0,0,0,0,0,0,0,0,0,0,0,0,0,0,0,0,0,0,0,0,0,0,0,0,0,0,0,0,0,0,0,0,0,0,0,0,0,0,0,1,0,0,0,0,0,0,0,0,0,0,0,0,0,0,0,0,0,0,0,0,0,0,0,0,0,0,0,0,0,1,0,0,0,0,0,0,0,0,0,0,0,0,0,0,0,0,0,0,0,0,0,0,0,0,0,0,0,0,0,0,0,0,0,0,0,0,0,0,0,0,0.166667,0,0,0,0,0,0,0,0,0,0,0,0.166667,0,0,0,0,0
1110,0.230769,0,0.0833333,0.227882,0,0.111111,0,0,1,0,0,0,0,0,0.0909091,0,0,0,0,0.333333,0,0,0,0.666667,0,0,0,0.142857,0,0,0,0,0,0,0,0,0,0,0,0,0,0,0,0,0,0,0,0,0,0,0,0,0,0,0,0,0,0,0,0,0,0,0,1,0,0,0,0,0,0,0,0,0,0,0,0,0,0,0,0,0,0,0,0,0,0,0,0,0,0,0,0,0,0,0,0,0,0,0,0,0,0,0,0,0,0,0,0,0,0,0,0,0,0,0,0,0,0,0,0,0,0,0,0,0,0,0,0,0,0,0,0,0,0,0,0,0,0,0,0,0,0,0,0,0,0,0,0,0,0,0,0.333333,0.666667,0,0,0,0
4463,0.692308,0.8,0.75,0.195001,0,0.555556,0.666667,0,0,0.666667,0.857143,0,0.545455,0,0.636364,0.666667,0,0,0,0.166667,0,0,0,0.166667,0,0,0,0.285714,0.333333,0.5,0,0,0.5,0.25,0,0,0,0.285714,0.333333,0,0.6,0.333333,0.6,0,0,0,0,0,0,0,0.333333,0.666667,0.25,0.333333,0.5,0.166667,0,0.5,0,0,0,0,0,0,0,0,0,0,0,0,0,0,0,0,0,0,0,0,0,0,0,0,0,0,0,0,0,0,0,0,0,0,0,0,0,0,0,0,0,0,0,0,0,0,0,0,0,0,0,0,0,0,0,0,0,0,0,0,0,0,0,0,0,0,0,0,0,0,0,0,0,0,0,0,0,0,0,0,0,0.166667,0,0,0,0,0,0,0,0,0,0,0,0,0.333333,0,0,0,0
22311,0.307692,0.2,0.25,0.0540988,0,0.222222,0.166667,0,0,0.333333,0,0,0.0909091,0,0.272727,0,0,0,0,0.666667,0,0,0,0,0,0,0,0.285714,0,0.375,0.25,0,0,0,0,0,0,0,0,0,0,0,0,0,0,0,0,0,0,0,0.0555556,0,0.375,0,0,0.166667,0,0,0,0,0,0,0,0,0,0,0,0,0,0,0,0,0,0,0,0,0,0,0,0,0,0,0,1,0,0,0,0,0,0,0,0,0,0,0,0,0,0,0,0,0,0,0,0,0,0,0,0,0,0,0,0,0,0,0,0,0,0,0,0,0,0,0,0,0,0,0,0,0,0,0,0,0,0,0,0,0,0,0,0.333333,1,0,0,0,0,0,0,0,0,0,0,0,0,0,0,0,0
10871,0.346154,0.2,0.291667,0.25436,0,0.277778,0.166667,0,0.5,0.277778,0.142857,0,0.272727,0,0.272727,0.166667,0,0,0,0.333333,0.1,0,0,0.166667,0,0,0,0.142857,0.166667,0.25,0.5,0,0,0,0,0,0,0,0,0,0.2,0,0,0,0,0,0,0,0,0,0.222222,0.166667,0,0,0,0,0.1,0,0,0,0,0,0,0,0,0,0,0,0,0,0,0,0,0,0,1,0,0,0,0,0,0,0,0,0,0,0,0,0,0,0,0,0,0,0,0,0,0,0,0,0,0,0,0,0,0,0,0,0,0,0,0,0,0,0,0,0,0,0,0,0,0,0,0,0,0,0,0,0,0,0,0,0,0,0,0,0,0,0,0.166667,0,0,0,0,0,0,0.1,0,0,0,0,0,0.333333,0,0,0,0
6569,0.115385,0,0,0.0708202,0,0,0,0,0,0,0,0,0,0,0,0,0,0,0,0.666667,0,0,0,0.166667,0,0,0,0,0,0,0,0,0,0,0,0,0,0,0,0,0,0,0,0,0,0,0,0,0,0,0,0,0,0,0,0,0,0,0,0,0,0,0,0,0,0,0,0,1,0,0,0,0,0,0,0,0,0,0,1,0,0,0,0,0,0,0,0,0,0,0,0,0,0,0,0,0,0,0,0,0,0,0,0,0,0,0,0,0,0,0,0,0,0,0,0,0,0,0,0,0,0,0,0,0,0,0,0,0,0,0,0,0,0,0,0,0,0,0,0.333333,0,0,0,0,0,0,0,0,0,0,0,0,0.333333,0,0,0,0
3283,0.115385,0,0.0416667,0.0379347,0,0.0555556,0,0,0,0,0,0,0,0,0,0,0.333333,0,0,0.666667,0,0,0,0,0,0,0,0,0,0,0,0,0,0,0,0,0,0,0,0,0,0,0,0,0,0,0,0,0,0,0,0,0,0,0,0,0,0,0,0,0,0,0,0,0,0,0,0,0,0,0,0,0,0,0,0,0,0,0,0,0,0,0,0,0,0,0,0,0,0,0,0,0,0,0,0,0,0,0,0,0,0,0,0,0,0,0,0,0,0,0,0,0,0,0,0,0,0,0,0,0,0,0,0,0,0,0,0,0,0,0,0,1,0,0,0,0,0,0,0.333333,0,0,0,0,0,0,0,0,0,0,0,0,0,0,0,0,0
5743,1,0.8,0.75,0.143573,0,0.388889,0.583333,1,0.5,0.555556,1,0,0.181818,0,0.818182,0,0,0,0,0.666667,0,0.333333,0,0.833333,0,0,0,0.142857,0.166667,0.875,0.25,0.666667,0,0,0,0,0,0.142857,0,1,0,0,0,0,0,1,0,0,0,0,0.277778,0.166667,0.5,0.333333,0,0.333333,0,0,0,0.5,0.5,0,0,0,0,0,0,0.5,0,0,0,0,0,0,0,0,0,1,0,0,0,1,0,0,0,0,0,0,0,0,0,0,0,0,0,0,0,0,0,0,0,0,0,0,0,0,0,0,0,0,0,0,0,0,0,0,0,0,0,0,0,0,0,0,0,0,0,0,0,0,0,0,0,0,0,0,0,0,0,0.5,0,0,0,0,0,0,0,0.333333,0,0,0,0.5,0.666667,0,0,0,0
702,0.0384615,0,0,0.047596,0,0,0,0,0,0,0,0,0,0,0,0,0,0,0,0.333333,0,0,0,0.166667,0,0,0,0,0,0,0,0,0,0,0,0,0,0,0,0,0,0,0,0,0,0,0,0,0,0,0,0,0,0,0,0,0,0,0,0,0,0,0,0,0,0,0,0,0,0,0,0,0,0,0,0,0,0,0,0,0,0,0,0,0,0,0,0,0,0,0,0,0,0,0,0,0,0,0,0,0,0,0,0,0,0,0,0,0,0,0,0,0,0,0,0,0,0,0,0,0,1,0,0,0,0,0,0,0,0,0,0,0,0,0,0,0,0,0,0.166667,0,0,0,0,0,0,0,0,0,0,0,0.166667,0,0,0,0,0
887,0,0,0,0.0596726,0,0,0,0,0,0,0,0,0,0,0,0,0,0,0,0.166667,0,0,0,0.166667,0,0,0,0,0,0,0,0,0,0,0,0,0,0,0,0,0,0,0,0,0,0,0,0,0,0,0,0,0,0,0,0,0,0,0,0,0,0,0,0,0,0,0,0,0,0,0,0,0,0,0,0,0,0,0,0,0,0,0,0,0,0,0,0,0,0,0,0,1,0,0,0,0,0,0,0,0,0,0,0,0,0,0,0,0,0,0,0,0,0,0,0,0,0,0,0,0,0,0,0,0,0,0,0,0,0,0,0,0,0,0,1,0,0,0,0,0,0,0,0.333333,0,0,0,0,0,0,0,0.166667,0,0,0,0,0
5760,0.769231,0.6,0.708333,0.152775,0,0.5,0.666667,0,0.5,0.611111,0.714286,0,0.272727,0,0.681818,0.166667,0.333333,0,0,0.333333,0,0,0,0.5,0,0,0,0.428571,0.333333,0.625,0.25,0,0,0,0,0,0,0.571429,0,0,0,0,0.4,0.5,0,0,0,0,0,0,0.5,0.166667,0.375,0.333333,0,0,0,0,0.5,0,0,0.333333,0,0,0,0,0,0,0,0,0.5,0,0,0,0,0,0,0,0,0,0,0,0,0,0,0,0,0,0,0,0,0,0,0,0,0,0,0,0,0,0,0,0,0,0,0,0,0,0,0,0,0,0,0,0,0,0,0,0,0,0,0,0,0,0,0,0,0,0,0,0,0,0,0,0,0,0,0,0,0,0,0,0.333333,0.333333,0,0,0,0,0,0,0,0,0.666667,0,0,0,0
6908,0.384615,0.2,0.25,0.0632956,0,0,0.5,0,0,0.333333,0,0,0.272727,0,0.272727,0,0,0,0,1,0,0,0,0,0,0,0,0,0,0,0,0,0,0,0,0,0,0.428571,0.5,0,0,0,0,0,0,0,0,0,0,0,0,0,0,0,0,1,0,0,0,0,0,0,0,0,0,0,0,0,0,0,0,0,0,0,0,0,0,0,0,0,0,0,0,0,0,0,0,0,0,0,0,0,0,0,0,0,0,0,0,0,0,0,0,0,0,0,0,0,0,0,0,0,0,0,0,0,0,0,0,0,0,0,0,0,0,0,0,0,0,0,0,0,0,0,0,0,0,0,0,1,0,0,0,0,0,0,0,0,0,0,0,0,0,0,0,0,0
5280360,0.884615,0.2,0.708333,0.105437,0,0.666667,0.416667,0,1,0.722222,0.285714,0,0.181818,0,0.772727,0,0,0,0,0.5,0,0,0,0.833333,0,0,0,0.857143,0.333333,0.75,0,0,0,0,0,0,0,0.428571,0,0,0,0,0,0,0,0,0,0,0,0,0.333333,0,0.75,0.333333,0,0,0,0,0,0,1,0,0,0.5,0,0,0,0,0,0,0,0,0,0,0,0,0.5,0,0,0,0,0,0,0,0,0,0,0,0,0,0,0,0,0,0,0,0,0,0,0,0,0,0,0,0,0,0,0,0,0,0,0,0,0,0,0,0,0,0,0,0,0,0,0,0,0,0,0,0,0,0,0,0,0,0,0,0,0,0,0.166667,0,0,0,0,0,0,0,0,0,0,0,0.5,0.666667,0,0,0,0
4748,0.961538,0.8,1,0.183469,0,0.888889,0.666667,0,0.5,0.888889,1,0,0.545455,0,0.909091,0.5,0,1,0,0.166667,0.1,0,0,0.166667,0,0,0,0.857143,0.333333,0.375,0.75,0,0,0,1,0,0,0.142857,0.166667,0,0,0,0.4,0,1,0,0,0,0,0,0.388889,0.666667,0.875,0,0.5,0,0.1,0,0,0,0,0,0,0,1,0,0,0,0,0,0,0,0,0,0,0,0,0,0,0,0,0,0,0,0,0,0,0,0,0,0,0,0,0,1,0,0,0,0,0,0,0,0,0,0,0,0,0,0,0,0,0,0,0,0,0,0,0,0,0,0,0,0,0,0,0,0,0,0,0,0,0,0,0,0,0,0,0,0,0,0,0,0,0,0,0,0.1,0,0,0,0,0.166667,0,0,0,0,0
7047,0.307692,0.4,0.416667,0.182214,0,0.444444,0.166667,0,0,0.444444,0.285714,0,0.454545,0,0.409091,0.166667,0,0,0,0,0,0,0,0,0,0,0,0.428571,0.333333,0.125,0.5,0,0,0.25,0,0,0,0.142857,0,0,0.2,0,0,0,0,0,0,0,0,0,0.388889,0.333333,0,0,0.166667,0,0,0,0,0,0,0,0,0,0,0,0,0,0,0,0,0,0,0,0,0,0,0,0,0,0,0,0,0,0,0,0,0,0,0,0,0,0,0,0,0,0,0,0,0,0,0,0,0,0,0,0,0,0,0,0,0,0,0,0,0,0,0,0,0,0,0,0,0,0,0,0,0,0,0,0,0,0,0,0,0,0,0,0,0,0,0,0,0,0,0,0,0,0,0,0,0,0,0,0,0,0
904,0.307692,0.2,0.291667,0.155968,0,0.333333,0.0833333,0,0.5,0.277778,0.142857,0,0.272727,0,0.272727,0.166667,0,0,0,0.333333,0,0,0,0.166667,0,0,0,0.285714,0.333333,0.125,0.25,0,0,0,0,0,0,0,0,0,0.2,0,0,0,0,0,0,0,0,0,0.277778,0.166667,0,0,0,0,0,0,0,0,0,0,0,0,0,0,0,0,0,0,0,0,0,0,0,1,0,0,0,0,0,0,0,0,0,0,0,0,0,0,0,0,0,0,0,0,0,0,0,0,0,0,0,0,0,0,0,0,0,0,0,0,0,0,0,0,0,0,0,0,0,0,0,0,0,0,0,0,0,0,0,0,0,0,0,0,0,0,0,0.166667,0,0,0,0,0,0,0,0,0,0,0,0,0.333333,0,0,0,0
2331,0.269231,0.2,0.25,0.180816,0,0.277778,0.0833333,0,0,0.333333,0,0,0.272727,0,0.272727,0,0,0,0,0.166667,0,0,0.5,0.166667,0,0,0,0.285714,0.333333,0.125,0.25,0,0,0,0,0,0,0,0,0,0,0,0,0,0,0,0,0,0,0,0.277778,0,0,0,0,0,0,0,0,0,0,0,0,0,0,0,0,0,0,0,0,0,0,0,0,0,0,0,0,0,0,0,0,0,0,0,0,0,0,0,0,0,0,0,0,0,0,0,0,0,0,1,0,0,0,0,0,0,0,0,0,0,0,0,0,0,0,0,0,0,0,0,0,0,0,0,0,0,0,0,0,0,0,0,0,0,0,0,0,0,0,0,0,0,0,0,0,0,0.5,0,0,0,0.333333,0,0,0,0
4914,0.576923,0.2,0.458333,0.116465,0,0.388889,0.333333,0,0.5,0.5,0.142857,0,0.272727,0,0.409091,0.166667,0.333333,0,0,0.666667,0,0,0.5,0.166667,0,0,0,0.285714,0.166667,0.25,0.5,0,0,0,0.142857,0.5,0,0.142857,0,0,0,0,0,0.25,0,0,0,0,0,0,0.222222,0.166667,0.25,0.333333,0,0,0,0,0.5,0,0,0,0.5,0,0,0,0,0,0,0,0,0,0,0,0,0,0,0,0,0,0,0,0,0,0,0,0,1,0,0,0,0,0,0,0,0,0,0,0,0,0,0,0,0,0,0,0,0,0,0,0,0,0,0,0,0,0,0,0,0,0,0,0,0,0,0,0,0,0,0,0,0,0,0,0,0,0,0,0,0.333333,0,0,0,0,0,0,0,0,0.5,0,0,0,0.333333,0,0,0,0
7812,0.230769,0.2,0.25,0.264371,0,0.222222,0.166667,0,0,0.333333,0,0,0.272727,0,0.272727,0,0,0,0,0,0.1,0,0.5,0,0,0,0,0.142857,0.166667,0.25,0.5,0,0,0,0,0,0,0,0,0,0,0,0,0,0,0,0,0,0,0,0.222222,0,0,0,0,0,0.1,0,0,0,0,0,0.5,0,0,0,0,0,0,0,0,0,0,0,0,0,0,0,0,0,0,0,0,0,0,0,0,0,0,0,0,0,0,0,0,0,0,0,0,0,0,0,0,0,0,0,0,0,0,0,0,0,0,0,0,0,0,0,0,0,0,0,0,0,0,0,0,0,0,0,0,0,0,0,0,0,0,0,0,0,0,0,0,0,0,0,0.1,0,0.5,0,0,0,0,0,0,0,0
8857,0.153846,0,0.0416667,0.111429,0,0.0555556,0,0,0,0,0,0,0,0,0,0,0.333333,0,0,0.666667,0,0,0,0.166667,0,0,0,0,0,0,0,0,0,0,0,0,0,0,0,0,0,0,0,0,0,0,0,0,0,0,0,0,0,0,0,0,0,0,0,0,0,0,0,0,0,0,0,0,0,0,0,0,0,0,0,0,0,0,0,0,0,0,0,0,0,0,0,0,0,0,0,0,0,0,0,0,0,0,0,0,0,0,0,0,0,0,0,0,0,1,0,0,0,0,0,0,0,0,0,0,0,0,0,0,0,0,0,0,0,0,0,0,0,0,0,0,0,0,0,0.333333,0,0,0,0,0,0,0,0,0,0,0,0,0.333333,0,0,0,0
8020,0.115385,0,0.0416667,0.0875416,0,0.0555556,0,0,0,0,0,0,0,0,0.0454545,0,0,0,0,0.333333,0,0,0,0.333333,0,0,0,0,0,0,0,0,0,0,0,0,0,0,0,0,0,0,0,0,0,0,0,0,0,0,0,0,0,0,0,0,0,0,0,0,0,0,0,0,0,0,0,0,0,0,0,0,0,0,0,0,0,0,0,0,0,0,0,0,0,0,0,0,0,0,1,0,0,0,0,0,0,0,0,0,0,0,0,0,0,0,0,0,0,0,0,0,0,0,0,0,0,0,0,0,0,0,0,0,0,0,0,0,0,0,0,0,0,0,0,0,0,0,0,0,0,0,0,0.666667,0,0,0,0,0,0,0,0,0,0,0,0,0
3825,0.653846,0.4,0.583333,0.188124,0,0.5,0.416667,0,0.5,0.555556,0.428571,0,0.545455,0,0.636364,0,0,0,0,0.333333,0,0,0,0.5,0,0,0,0.428571,0.5,0.375,0.75,0,0,0,0,0,0,0.428571,0,0,0,0,0,0,0,0,0,0,0,0,0.5,0.5,0,0.333333,0,0,0,0,0,0,0,0,0,0,0,0,0,0,0,0,0,0,1,0,0,0,0,0,0,0,0,0,0,0,0,0,0,0,0,0,0,0,0,0,0,0,0,0,0,0,0,0,0,0,0,0,0,0,0,0,0,0,0,0,0,0,0,0,0,0,0,0,0,0,0,0,0,0,0,0,0,0,0,0,0,0,0,0,0,0.166667,0,0,0,0,0,0,0,0,0,0,0,0.166667,0.666667,0,0,0,0
6575,0.115385,0,0,0.958171,0,0,0,0,0,0,0,0,0,0,0,0,0,0,0,0.333333,0.3,0,0,0,0,0,0,0,0,0,0,0,0,0,0,0,0,0,0,0,0,0,0,0,0,0,0,0,0,0,0,0,0,0,0,0,0,0,0,0,0,0,0,0,0,0.166667,0,0,0,0,0,0,0,0,0,0,0,0,0,0,0,0,0,0,0,0,0,0,0,0,0,0,0,0,0,0,0,0,0,0,0,0,0,0,0,0,0,0,0,0,0,0,0,0,0,0,0,0,0,0,0,0,0,1,0,0,0,0,0,0,0,0,0,0,0,0,0,0,0,0,0,0,0,0,0,0,0.3,0,0,0,0,0,0,0,0,0,0
6584,0.115385,0,0,0.135426,0,0,0,0,0,0,0,0,0,0,0,0,0,0,0,0.5,0,0,0,0.333333,0,0,0,0,0,0,0,0,0,0,0,0,0,0,0,0,0,0,0,0,0,0,0,0,0,0,0,0,0,0,0,0,0,0,0,0,0,0,0,0,0,0,0,0,0,0,0,0,0,0,0,0,0,0,0,1,0,0,0,0,0,0,0,0,0,0,0,0,0,0,0,0,0,0,0,0,0,0,0,0,0,0,0,0,0,0,0,0,0,0,0,0,0,1,0,0,0,0,0,0,0,0,0,0,0,0,0,0,0,0,0,0,0,0,0,0.166667,0,0,0,0.333333,0,0,0,0,0,0,0,0,0.333333,0,0,0,0
3661,0.730769,0.6,0.708333,0.12678,0,0.555556,0.583333,0,0,0.722222,0.571429,0,0.272727,0,0.681818,0.166667,0.333333,0,0,0.333333,0,0,0,0.333333,0,0,0,0.428571,0.333333,0.875,0.25,0,0,0,0,0,0,0.285714,0,0,0,0,0.4,0.5,0,0,0,0,0,0,0.444444,0.166667,0.5,0.333333,0,0,0,0,0.5,0,0,0.333333,0,0,0,0,0,0,0,0,0,0,0,0,0,0,0,0,0,0,0,0,0,0,0,1,0,0,0,0,0,0,0,0,0,0,0,0,0,0,0,0,0,0,0,0,0,0,0,0,0,0,0,0,0,0,0,0,0,0,0,0,0,0,0,0,0,0,0,0,0,0,0,0,0,0,0,0,0,0,0,0,0.333333,0,0,0,0,0,0,0,0,0.166667,0.333333,0,0,0,0
6013,0.730769,0.8,0.708333,0.0892479,0,0.5,0.5,0.5,0,0.611111,0.857143,0,0.0909091,0,0.772727,0,0,0,0,0.333333,0,0,0,0.333333,0,0,0,0.571429,0,0.875,0.25,0.666667,0,0,0,0,0,0.285714,0,0.666667,0,0,0,0,0,0,0,0,0,0,0.222222,0.166667,1,0.333333,0,0.333333,0,0,0,0,0.5,0,0,0,0,0,0,0,0,0,0,0,0,0,0,0,0,0,0,0,0,0,0,0,0,0,0,0,0,0,0,0,0,0,0,0,0,0,0,0,0,0,0,0,0,0,0,0,0,0,0,0,0,0,0,0,0,0,0,0,0,0,0,0,0,0,0,0,0,0,0,0,0,0,0,0,0,0,0,0.333333,0,0,0,0,0,0,0,0,0,0,0,0.166667,0.333333,0,0,0,0
1068,0.0384615,0,0,0.144209,0,0,0,0,0,0,0,0,0,0,0,0,0,0,0,0.333333,0,0,0,0,1,0,0,0,0,0,0,0,0,0,0,0,0,0,0,0,0,0,0,0,0,0,0,0,0,0,0,0,0,0,0,0,0,0,0,0,0,0,0,0,0,0,0,0,0,0,0,0,0,0,0,0,0,0,0,0,0,0,0,0,0,0,0,0,0,0,0,0,0,0,0,0,0,0,0,0,0,0,1,0,0,0,0,0,0,0,0,0,0,0,0,0,0,0,0,0,0,0,0,0,0,0,0,0,0,0,0,0,0,0,0,0,0,0,0,0,0,0,0,0,1,0,0,0,0,0,0,0,0,0,0,0,0
3036,0.653846,0.4,0.541667,0.456906,0,0.444444,0.416667,0,0,0.611111,0.285714,0,0.545455,0,0.590909,0,0,0,0,0.166667,0.5,0,0,0,0,0,0,0.285714,0.333333,0.5,1,0,0,0,0,0,0,0.285714,0,0,0,0,0,0,0,0,0,0,0,0,0.444444,0.333333,0,0,0,0,0.2,0,0,0,0,0,0,0,0,0,0,0,0,0,0,0,0,0,0,0,0,0,0,0,0,0,0,0,0,0,0,0,0,0,0,0,0,0,0,0,0,0,0,0,0,0,0,0,0,0,0,1,0,0,0,0,0,0,0,0,0,0,0,0,0,0,0,0,0,0,0,0,0,0,0,0,0,0,0,0,0,0,0,0,0,0,0,0,0,0,0.5,0,0,0,0,0,0,0,0,0,0
9294,0.384615,0.2,0.333333,0.101941,0,0.277778,0.25,0,0.5,0.333333,0.142857,0,0.272727,0,0.363636,0,0,0,0,0.333333,0,0,0.5,0.166667,0,0,0,0.285714,0.333333,0.125,0.25,0,0,0,0,0,0,0.285714,0,0,0,0,0,0,0,0,0,0,0,0,0.277778,0.166667,0,0,0,0,0,0,0,0,0.5,0,0,0,0,0,0,0,0,0,0,0,0,0,0,0,0,0,0,0,0,0,0,0,0,0,0,0,0,0,0,0,0,0,0,0,0,0,0,0,0,0,0,0,0,0,0,0,0,0,0,0,0,0,0,0,0,0,1,0,0,0,0,0,0,0,0,0,0,0,0,0,0,0,0,0,0,0,0,0.166667,0,0,0.333333,0,0,0,0,0,0,0,0,0.166667,0,0,0,0,0
2244,0.423077,0.2,0.291667,0.235646,0,0.277778,0.166667,0,0.5,0.277778,0.142857,0,0.272727,0,0.272727,0,0.333333,0,0,0.5,0,0,0,0.5,0,0,0,0.285714,0.166667,0,0.5,0,0,0,0,0,0,0.142857,0,0,0,0,0,0.25,0,0,0,0,0,0,0.222222,0.166667,0,0,0,0,0,0,0,0,0,0,0,0,0,0,0,0,0,0,0,0,0,1,0,0,0,0,0,0,0,0,0,0,0,0,0,0,0,0,0,0,0,0,0,0,0,0,0,0,0,0,0,0,0,0,0,0,0,0,0,0,0,0,0,0,0,0,0,0,0,0,1,0,0,0,0,0,0,0,0,0,0,0,0,0,0,0,0,0.166667,0,0,0,0,0,0,0,0,0,0,0,0.166667,0.666667,0,0,0,0
10899,0.0769231,0,0,0.157164,0,0,0,0,0,0,0,0,0,0,0,0,0,0,0,0.5,0.1,0,0,0,0,0,0,0,0,0,0,0,0,0,0,0,0,0,0,0,0,0,0,0,0,0,0,0,0,0,0,0,0,0,0,0,0,0,0,0,0,0,0,0,0,0,0,0,1,0,0,0,0,0,0,0,0,0,0.5,0,0,0,0,0,0,0,0,0,0,0,0,0,0,0,0,0,0,0,0,0,0,0,0,0,0,0,0,0,0,0,0,0,0,0,0,0,0,0,0,0,0,0,0,0,0,0,0,0,0,0,0,0,0,0,0,0,0,0,0,0.166667,0,0,0,0,0,0,0.1,0,0,0,0,0,0,0,0,0,0
2726,0.730769,0.6,0.708333,0.202418,0,0.611111,0.5,0,0.5,0.611111,0.714286,0,0.545455,0,0.681818,0.166667,0,1,0,0.333333,0.1,0,0.5,0,0,0,0,0.571429,0.333333,0.375,0.75,0,0,0,0.142857,0,0,0.142857,0.166667,0,0,0,0.4,0,1,0,0,0,0,0,0.388889,0.666667,0.25,0,0.166667,0,0.1,0,0,0,0,0,0,0,1,0,0,0,0,0,0,0,0,0,1,0,0,0,0,0,0,0,0,0,0,0,0,0,0,0,0,0,0,0,0,0,0,0,0,0,0,0,0,0,0,0,0,0,0,0,0,0,0,0,0,0,0,0,0,0,0,0,0,0,0,0,0,0,0,0,0,0,0,0,0,0,0,0,0,0,0,0,0.666667,0,0,0,0.1,0,0,0,0,0,0,0,0,0,0
5452,0.884615,0.8,0.916667,0.1641,0,0.777778,0.666667,0,0,0.888889,0.857143,0,0.545455,0,0.863636,0.333333,0,1,0,0.333333,0,0,0,0,1,0,0,0.857143,0.333333,0.625,0.75,0,0,0,0.285714,0,0,0.142857,0.166667,0,0,0,0.6,0,1,0,0,0,0,0,0.444444,0.666667,0.75,0,0.166667,0,0,0,0,0,0,0.333333,0,0,1,0,0,0,0,0,0,0,0,0,0,0,0,0,0,0,0,0,0,0,0,0,0,0,0,0,0,0,0,0,0,0,0,0,0,0,0,0,0,0,0,0,0,0,0,0,0,0,0,0,0,0,0,0,0,0,0,0,0,0,0,1,0,0,0,0,0,0,0,0,0,0,0,0,0,0,0,0,0.333333,0,0.5,0,0,0,0,0,0,0,0,0,0,0,0
463134,0.730769,0.8,0.75,0.181091,0,0.5,0.75,0,0,0.666667,0.857143,0,0.545455,0,0.636364,0.666667,0,0,0,0.333333,0,0,0,0.166667,0,0,0,0.285714,0.166667,0.5,0.25,0,0,0.25,0,0,0,0.285714,0.333333,0,0.8,0.333333,0.6,0,0,0,0,0,0,0,0.277778,0.666667,0.25,0.333333,0.5,0.333333,0,0.5,0,0,0,0,0,0,0,0,0,0,0,0,0,0,0,0,0,0,0,0,0,0,0,0,0,0,0,0,0,0,0,0,0,0,0,0,0,0,0,0,0,0,0,0,0,0,0,0,0,0,0,0,0,0,0,0,0,0,0,0,0,0,0,0,0,0,0,0,0,0,0,0,0,0,0,0,0,0,0,0,0,0.333333,0,0,0,0,0,0,0,0,0,0,0,0,0.333333,0,0,0,0
2256,0.461538,0.2,0.333333,0.1879,0,0.277778,0.25,0,1,0.222222,0.285714,0,0.272727,0,0.136364,0.833333,0,0,0,0.833333,0.1,0,0,0,0,0,0,0,0,0,0,0,0,0,0,0,0,0,0,0,1,1,0,0,0,0,0,0,0,0,0,0.333333,0,0,0.5,0,0.1,0,0,0,0,0,0,0,0,0,0,0,0,0,0,0,0,0,0,0,0,0,0,0,0,0,0,0,0,0,0,0,0,0,0,0,0,0,0,0,0,0,0,0,0,0,0,0,0,0,0,0,0,0,0,0,0,0,0,0,0,0,0,0,0,0,0,0,0,0,0,0,1,0,0,1,0,0,0,0,0,0,0,0.5,0,0,0,0,0,0,0.1,0,0,0,0,0,0,0,0,0,0
7505,0.230769,0.2,0.25,0.200411,0,0.277778,0.0833333,0,0,0.333333,0,0,0.272727,0,0.272727,0,0,0,0,0.166667,0,0,0.5,0,0,0,0,0.285714,0.333333,0.125,0.25,0,0,0,0,0,0,0,0,0,0,0,0,0,0,0,0,0,0,0,0.277778,0,0,0,0,0,0,0,0,0,0,0,0,0,0,0,0,0,0,0,0,0,0,0,0,0,0,0,0,0,0,0,0,0,0,0,0,0,0,0,0,0,0,0,0,0,0,0,0,0,0,0,0,0,0,0,0,0,0,0,0,0,0,0,0,0,0,0,0,0,0,0,0,0,0,0,0,0,0,0,0,0,0,0,0,0,1,0,0,0,0,0,0,0,0,0,0,0,0,1,0,0,0,0,0,0,0
8030,0.115385,0.2,0.208333,0.277051,0,0.277778,0,0,0,0.277778,0,0,0.181818,0,0.181818,0,0,1,0,0,0,0,0,0,0,0,0,0.142857,0.333333,0,0,0,0,0,0,0,1,0,0,0,0,0,0,0,0,0,0,0,0,0,0.222222,0,0,0,0,0,0,0,0,0,0,0,0,0,1,0,0,0,0,0,0,0,0,0,0,0,0,0,0,0,0,0,0,0,0,0,0,0,0,0,0,0,0,0,0,0,0,0,0,0,0,0,0,0,0,0,0,0,0,0,0,0,0,0,0,0,0,0,0,0,0,0,0,0,0,0,0,0,0,0,0,0,0,0,0,0,0,0,0,0,0,0,0,0,0,0,0,0,0,0,0,0,0,0,0,0,0
1174,0.230769,0.2,0.25,0.277051,0,0.222222,0.166667,0,0,0.333333,0,0,0.0909091,0,0.181818,0.333333,0,0,0,0,0,0,0,0.333333,0,0,0,0,0.166667,0.125,0,0,0.5,0,0,0,0,0,0,0,0.6,0,0,0,0,0,0,0,0,0,0.111111,0,0,0.666667,0,0,0,1,0,0,0,0,0,0,0,0,0,0,0,0,0,0,0,0,0,0,0,0,0,0,0,0,0,0,0,0,0,0,0,0,0,0,0,0,0,0,0,0,0,0,0,0,0,0,0,0,0,0,0,0,0,0,0,0,0,0,0,0,0,0,0,0,0,0,0,0,0,0,0,0,0,0,0,0,0,0,0,0,0,0,0,0,0,0,0,0,0,0,0,0,0,0,0.666667,0,0,0,0
8029,0.115385,0.2,0.208333,0.180439,0,0.277778,0,0,0,0.277778,0,0,0.181818,0,0.181818,0,0.333333,0,0,0,0,0,0,0,0,0,0,0.142857,0.333333,0,0,0,0,0,0,1,0,0,0,0,0,0,0,0,0,0,0,0,0,0,0.222222,0,0,0,0,0,0,0,0.5,0,0,0,0,0,0,0,0,0,0,0,0,0,0,0,0,0,0,0,0,0,0,0,0,0,0,0,0,0,0,0,0,0,0,0,0,0,0,0,0,0,0,0,0,0,0,0,0,0,0,0,0,0,0,0,0,0,0,0,0,0,0,0,0,0,0,0,0,0,0,0,0,0,0,0,0,0,0,0,0,0,0,0,0,0,0,0,0,0,0,0,0,0,0,0,0,0,0
1140,0.192308,0.2,0.25,0.103148,0,0.277778,0.0833333,0,0,0.333333,0,0,0.272727,0,0.272727,0,0,0,0,0.166667,0,0,0,0,0,0,0,0.285714,0.333333,0.125,0.25,0,0,0,0,0,0,0,0,0,0,0,0,0,0,0,0,0,0,0,0.277778,0,0,0,0,0.166667,0,0,0,0,0,0,0,0,0,0,0,0,0,0,0,0,0,0,0,0,0,0,0,0,0,0,0,0,0,0,0,0,0,0,0,0,0,0,0,0,0,0,0,0,0,0,0,0,0,0,0,0,0,0,0,0,0,0,0,0,0,0,0,0,0,0,0,0,0,0,0,0,0,0,0,0,0,0,0,0,0,0,0,0.166667,0,0,0,0,0,0,0,0,0,0,0,0,0,0,0,0,0
5566,1,0.8,0.958333,0.195186,0,0.833333,0.666667,0,0,0.944444,0.857143,0,0.545455,0,0.863636,0.5,0,1,0,0.333333,0,1,0,0,0,0,0,0.857143,0.333333,0.375,0.75,0,0,0,0.857143,0,0,0.142857,0.166667,0,0,0,0.4,0,1,0,0,0,0,0,0.388889,0.666667,0.875,0,0.333333,0,0,0,0,0,0,0.333333,0,0,1,0,0,0,0,0,0,0,0,0,0,0,0,0,0,0,1,0,0,0,0,0,0,0,0,0,0,0,0,0,0,0,0,0,0,0,0,0,0,0,0,0,0,0,0,0,0,0,0,0,0,0,0,0,0,0,0,0,0,0,0,0,0,0,0,0,0,0,0,0,0,0,0,0,0,0,0,0,0.333333,0,0,0,0,1,0,0,0,0,0,0,0,0,0
