CID,n,rank,n_in,ms,dg_1,dg_2,dg_3,dg_4,dg_in_1,dg_in_2,dg_in_3,dg_in_4,bd_in_2,bd_in_3,na_in_C4,na_in_N3,na_in_O2,na_ex_C4,na_ex_N3,na_ex_O2,C4_2_C4_2_1,C4_2_C4_2_2,C4_2_C4_3_1,C4_2_C4_3_2,C4_2_C4_4_1,C4_2_N3_2_1,C4_2_N3_2_2,C4_2_N3_3_1,C4_2_N3_4_1,C4_2_O2_2_1,C4_3_C4_3_1,C4_3_C4_3_2,C4_3_C4_4_1,C4_3_N3_2_1,C4_3_N3_2_2,C4_3_N3_3_1,C4_3_N3_4_1,C4_3_O2_2_1,C4_4_C4_4_1,C4_4_O2_2_1,N3_2_N3_2_1,FC_1_C4_0_H1_1_/_1_/_0_0,FC_2_C4_0_H1_1_O2_1_H1_2_/_1_1_1_/_0_0_0_0,FC_3_O2_0_/_/_0,FC_4_C4_0_H1_1_H1_1_/_1_1_/_0_0_0,FC_5_C4_0_/_/_0,FC_6_N3_0_/_/_0,FC_7_C4_0_O2_1_H1_2_/_1_1_/_0_0_0,FC_8_C4_0_O2_1_/_2_/_0_0,FC_9_C4_0_H1_1_C4_1_H1_2_H1_2_O2_2_H1_3_/_1_1_1_1_1_1_/_0_0_0_0_0_0_0,FC_10_N3_0_H1_1_/_1_/_0_0,FC_11_C4_0_H1_1_O2_1_H1_2_C4_1_H1_2_H1_2_O2_2_H1_3_/_1_1_1_1_1_1_1_1_/_0_0_0_0_0_0_0_0_0,FC_12_C4_0_H1_1_C4_1_H1_2_H1_2_H1_2_/_1_1_1_1_1_/_0_0_0_0_0_0,FC_13_C4_0_C4_1_H1_2_H1_2_H1_2_/_1_1_1_1_/_0_0_0_0_0,FC_14_C4_0_C4_1_H1_2_H1_2_O2_2_H1_3_/_1_1_1_1_1_/_0_0_0_0_0_0,FC_15_C4_0_H1_1_N3_1_H1_2_H1_2_/_1_1_1_1_/_0_0_0_0_0,FC_16_C4_0_N3_1_H1_2_H1_2_/_1_1_1_/_0_0_0_0,FC_17_C4_0_H1_1_C4_1_O2_2_O2_2_H1_3_/_1_1_2_1_1_/_0_0_0_0_0_0,FC_18_C4_0_H1_1_N3_1_H1_2_H1_2_C4_1_O2_2_O2_2_H1_3_/_1_1_1_1_1_2_1_1_/_0_0_0_0_0_0_0_0_0,FC_19_C4_0_H1_1_C4_1_N3_2_/_1_1_3_/_0_0_0_0,FC_20_N3_0_C4_1_H1_2_H1_2_H1_2_C4_1_N3_2_H1_3_N3_2_H1_3_H1_3_/_1_1_1_1_1_2_1_1_1_1_/_0_0_0_0_0_0_0_0_0_0_0,FC_21_C4_0_C4_1_O2_2_O2_2_H1_3_/_1_2_1_1_/_0_0_0_0_0,FC_22_C4_0_C4_1_H1_2_H1_2_H1_2_C4_1_H1_2_H1_2_H1_2_/_1_1_1_1_1_1_1_1_/_0_0_0_0_0_0_0_0_0,FC_23_N3_0_O2_1_/_1_/_1_-1,FC_24_C4_0_O2_1_H1_2_C4_1_H1_2_H1_2_O2_2_H1_3_/_1_1_1_1_1_1_1_/_0_0_0_0_0_0_0_0,FC_25_C4_0_C4_1_H1_2_C4_2_H1_3_H1_3_H1_3_/_2_1_1_1_1_1_/_0_0_0_0_0_0_0,FC_26_C4_0_C4_1_H1_2_H1_2_/_2_1_1_/_0_0_0_0,FC_27_C4_0_H1_1_C4_1_H1_2_H1_2_O2_2_H1_3_C4_1_H1_2_H1_2_C4_2_H1_3_H1_3_H1_3_/_1_1_1_1_1_1_1_1_1_1_1_1_1_/_0_0_0_0_0_0_0_0_0_0_0_0_0_0,FC_28_C4_0_O2_1_C4_1_H1_2_H1_2_O2_2_H1_3_/_2_1_1_1_1_1_/_0_0_0_0_0_0_0,FC_29_C4_0_H1_1_H1_1_C4_1_O2_2_O2_2_H1_3_/_1_1_1_2_1_1_/_0_0_0_0_0_0_0,FC_30_C4_0_C4_1_H1_2_H1_2_H1_2_C4_1_H1_2_H1_2_H1_2_C4_1_H1_2_H1_2_O2_2_H1_3_/_1_1_1_1_1_1_1_1_1_1_1_1_1_/_0_0_0_0_0_0_0_0_0_0_0_0_0_0,FC_31_C4_0_H1_1_H1_1_C4_1_H1_2_H1_2_O2_2_H1_3_/_1_1_1_1_1_1_1_/_0_0_0_0_0_0_0_0,FC_32_N3_0_N3_1_O2_2_C4_2_H1_3_H1_3_H1_3_/_2_1_1_1_1_1_/_0_1_-1_0_0_0_0,FC_33_C4_0_O2_1_C4_2_H1_3_H1_3_H1_3_/_1_1_1_1_1_/_0_0_0_0_0_0,FC_34_C4_0_H1_1_C4_1_H1_2_H1_2_N3_2_H1_3_H1_3_/_1_1_1_1_1_1_1_/_0_0_0_0_0_0_0_0,FC_35_C4_0_C4_1_H1_2_H1_2_N3_2_H1_3_H1_3_/_1_1_1_1_1_1_/_0_0_0_0_0_0_0,FC_36_N3_0_H1_1_C4_1_H1_2_H1_2_C4_2_H1_3_H1_3_H1_3_/_1_1_1_1_1_1_1_1_/_0_0_0_0_0_0_0_0_0,FC_37_C4_0_O2_1_H1_2_C4_1_H1_2_H1_2_H1_2_/_1_1_1_1_1_1_/_0_0_0_0_0_0_0,FC_38_C4_0_H1_1_N3_1_H1_2_C4_2_H1_3_H1_3_H1_3_/_1_1_1_1_1_1_1_/_0_0_0_0_0_0_0_0,FC_39_N3_0_C4_1_N3_2_H1_3_H1_3_N3_2_H1_3_H1_3_/_2_1_1_1_1_1_1_/_0_0_0_0_0_0_0_0,FC_40_C4_0_H1_1_O2_1_H1_2_C4_1_H1_2_O2_2_/_1_1_1_1_1_2_/_0_0_0_0_0_0_0,FC_41_N3_0_H1_1_C4_1_O2_2_C4_2_H1_3_H1_3_H1_3_/_1_1_2_1_1_1_1_/_0_0_0_0_0_0_0_0,FC_42_C4_0_H1_1_O2_1_H1_2_C4_1_O2_2_O2_2_H1_3_/_1_1_1_1_2_1_1_/_0_0_0_0_0_0_0_0,FC_43_C4_0_H1_1_H1_1_C4_1_H1_2_H1_2_N3_2_H1_3_H1_3_/_1_1_1_1_1_1_1_1_/_0_0_0_0_0_0_0_0_0,FC_44_C4_0_H1_1_C4_1_O2_2_O2_2_/_1_1_1_2_/_0_0_0_-1_0,FC_45_C4_0_H1_1_O2_1_H1_2_C4_1_H1_2_H1_2_N3_2_H1_3_H1_3_/_1_1_1_1_1_1_1_1_1_/_0_0_0_0_0_0_0_0_0_0,FC_46_C4_0_H1_1_H1_1_C4_1_H1_2_H1_2_O2_2_H1_3_C4_1_H1_2_H1_2_C4_2_H1_3_H1_3_H1_3_/_1_1_1_1_1_1_1_1_1_1_1_1_1_1_/_0_0_0_0_0_0_0_0_0_0_0_0_0_0_0,FC_47_C4_0_H1_1_N3_1_H1_2_H1_2_H1_2_C4_1_O2_2_O2_2_H1_3_/_1_1_1_1_1_1_2_1_1_/_0_0_1_0_0_0_0_0_0_0,FC_48_C4_0_O2_1_/_1_/_0_-1,FC_49_C4_0_H1_1_H1_1_C4_1_H1_2_C4_2_H1_3_H1_3_H1_3_C4_2_H1_3_H1_3_H1_3_/_1_1_1_1_1_1_1_1_1_1_1_1_/_0_0_0_0_0_0_0_0_0_0_0_0_0,FC_50_N3_0_H1_1_H1_1_/_1_1_/_1_0_0,FC_51_C4_0_H1_1_N3_1_N3_2_/_1_2_2_/_0_0_1_-1,FC_52_N3_0_H1_1_/_1_/_1_0,FC_53_N3_0_C4_1_H1_2_H1_2_H1_2_/_1_1_1_1_/_0_0_0_0_0,FC_54_C4_0_H1_1_O2_1_H1_2_C4_1_H1_2_H1_2_N3_2_H1_3_H1_3_H1_3_/_1_1_1_1_1_1_1_1_1_1_/_0_0_0_0_0_0_0_1_0_0_0,FC_55_C4_0_H1_1_N3_1_H1_2_H1_2_H1_2_C4_1_O2_2_O2_2_/_1_1_1_1_1_1_1_2_/_0_0_1_0_0_0_0_-1_0,LeafAC_C4_C4_1,LeafAC_C4_C4_2,LeafAC_C4_N3_1,LeafAC_C4_O2_1,LeafAC_N3_C4_1,LeafAC_N3_C4_2,LeafAC_N3_C4_3,LeafAC_N3_N3_2,LeafAC_O2_C4_1,LeafAC_O2_C4_2,LeafAC_O2_N3_1,CC_4_1_1_2_3,CC_5_1_1_1_2_3,CC_5_1_1_2_2_3,CC_5_1_1_2_3_4,CC_5_1_1_2_4_3,CC_5_1_1_3_2_3,CC_5_1_2_1_2_3,CC_5_1_2_1_3_4,CC_5_1_2_2_1_3,CC_5_1_2_2_2_3,CC_5_1_2_2_3_4,CC_5_1_2_3_2_3,CC_5_1_2_3_2_4,CC_5_1_2_3_3_4,CC_5_1_2_3_4_2,CC_5_1_2_4_3_3,CC_5_1_2_4_5_3,CC_6_1_1_1_1_2_3,CC_6_1_1_2_1_1_2,CC_6_1_1_2_1_1_3,CC_6_1_1_2_1_2_2,CC_6_1_1_2_1_4_3,CC_6_1_1_2_2_1_3,CC_6_1_1_2_2_2_2,CC_6_1_1_2_2_2_3,CC_6_1_1_2_2_3_3,CC_6_1_1_2_3_1_4,CC_6_1_1_2_3_2_3,CC_6_1_1_2_3_3_2,CC_6_1_1_2_4_3_3,CC_6_1_1_2_4_3_4,CC_6_1_1_2_4_5_3,CC_6_1_1_2_5_3_4,CC_6_1_1_3_2_3_4,CC_6_1_1_3_2_4_3,CC_6_1_2_1_3_3_3,CC_6_1_2_2_2_2_2,CC_6_1_2_2_3_2_2,CC_6_1_2_2_4_3_2,CC_6_1_2_3_1_4_4,CC_6_1_2_3_2_2_4,CC_6_1_2_3_2_3_2,CC_6_1_2_3_2_3_3,CC_6_1_2_3_3_4_3,CC_6_1_2_4_1_3_3,CC_6_1_2_4_1_3_5,CC_6_1_2_4_2_2_3,CC_6_1_2_4_3_3_3,CC_6_1_2_4_3_4_2,CC_6_1_2_5_4_3_4,CC_6_1_3_2_3_1_4,CC_6_1_3_2_4_2_5,CC_6_1_3_2_6_5_4,CC_6_1_3_3_3_2_4,CC_6_1_3_6_5_2_4
191,0.358974,0.6,0.5,0.797349,0,0.545455,0.4,0,0,0.47619,0.5,0,0.666667,0,0.363636,1,0.2,0.166667,0.2,0.166667,0,0,0,0,0,0.5,1,0.333333,0,0,0.25,0.2,0,0.5,0.5,1,0,0.2,0,0,0,0.375,0.2,0.2,0,0.333333,1,0,0,0.5,0,0,0,0,0,0,1,0,0,0,0,0,0,0,0,0,0,0,0,0,0,0,0,0,0,0,0,0,0,0,0,0,0,0,0,0,0,0,0,0,0,0,0,0,0,0,0,0,0,0,0.2,0,0,0,0.230769,0,0,0,0,0,0,0,1,0,0,0,0,0,0,0,0,0,1,0,0,0,0,0,0,0,0,0,0,0,0,0,0,0,0,0,1,0,0,0,0,0,0,0,0,0,0,0,0,0,0,0,0,0,0,0,0,0
258,0.641026,0.4,0.692308,0.608432,0,0.909091,0.45,0,0.333333,0.714286,0.375,0,0.5,0,0.590909,1,0.2,0.5,0.8,0.25,0.5,1,0.545455,0,0,0,0,0.666667,0,0,0.0625,0,0,0.75,0.5,1,0,0.2,0,0,0,0.75,0,0.2,0.428571,0,0.5,0,0.666667,0,0.5,0,0,0,0,0.25,1,1,0,0,1,0,0,0,0,0,0,0,0,0,0,0,0,0,0,0,0,0,0,0,0,0,0,0,0,0,0,0,0,0,0,0,0,0,0,0,0,0,1,0,0.6,1,0,0,0.0769231,1,0,0,0,0,0,0,0,0,0,0,0,0,0,0,0,0,0,0,1,0,0,0,0,0,0,0,0,0,1,0,0,0,0,0,0,0,0,0,0,0,0,0,0,0,0,0,0,0,0,0,0,0,0,0,0,0
263,0,0,0,0,0,0.0909091,0,0,0,0,0,0,0,0,0,0,0,0.5,0,0,0,0,0,0,0,0,0,0,0,0,0,0,0,0,0,0,0,0,0,0,0,0,0,0,0,0,0,0,0,0,0,0,0,0,0,0,0,0,0,0,0,0,0,0,0,0,0,0,0,0,0,0,0,0,0,0,0,0,0,0,0,0,0,0,0,0,1,0,0,0,0,0,0,0,0,0,0.25,0,0,0,0,0,0,0,0.0769231,0,0,0,0,0,0,0,0,0,0,0,0,0,0,0,0,0,0,0,0,0,0,0,0,0,0,0,0,0,0,0,0,0,0,0,0,0,0,0,0,0,0,0,0,0,0,0,0,0,0,0,0,0,0,0,0,0
346,0.358974,0.4,0.461538,0.663542,0,0.545455,0.35,0,0,0.52381,0.25,0,0.5,0,0.454545,0,0.4,0.166667,0,0.333333,0.5,0.5,0.181818,0.666667,0,0,0,0,0,0,0.25,0,0,0,0,0,0,0.4,0,0,0,0.625,0.3,0.4,0,0.166667,0,0.2,0,0.5,0,0,0,0,0,0,0,0,0,0,0,0,0,0,0,0,0,0,0,0,0,0,0,0,0,0,0,0,0,0,0,0,0,0,0,0,0,0,0,0,0,0,0,0,0,0,0,0,0,0,0,0,0,0,0.384615,0,0,0,0,0,0,0,0,0,0,0,0,0,0,0,0,0,0,0,0,0,0,0,0,0,0,0,0,0,0,0,0,0,0,0,0,0,0,0,1,0,0,0,0,0,0,0,0,0,1,0,0,0,0,0,0,0
424,0.102564,0,0.0384615,0.790043,0,0.0909091,0.05,0,0.666667,0,0,0,0,0,0.0454545,0,0,0.333333,0.2,0.25,0,0,0.0909091,0,0,0,0,0,0,0,0,0,0,0,0,0,0,0,0,0,0,0,0,0,0,0,0,0,0,0,0,0,0,0,0,0,0,0,1,0,0,0,0,0,0,0,0,0,0,1,0,0,0,0,0,0,0,0,0,0,0,0,0,0,0,0,0,0,0,0,0,0,0,0,0,0,0,0,0,0,0.2,0,0,0,0.153846,0.666667,0,0,0,0,0,0,0,0,0,0,0,0,0,0,0,0,0,0,0,0,0,0,0,0,0,0,0,0,0,0,0,0,0,0,0,0,0,0,0,0,0,0,0,0,0,0,0,0,0,0,0,0,0,0,0,0
453,0.179487,0,0.115385,0.483183,0,0,0.2,0,0.666667,0.0952381,0,0,0,0,0.136364,0,0,0.333333,0,0.416667,0,0,0,0,0,0,0,0,0,0,0.1875,0,0,0,0,0,0,0,0,0,0,0,0.2,0,0,0,0,0,0,0,0,1,0,0,0,0,0,0,0,0,0,0,0,0,0,0,0,0,0,0,0,0,0,0,0,0,0,0,0,0,0,0,0,0,0,0,0,0,0,0,0,0,0,0,0,0,0,0,0,0,0,0,0,0,0.461538,0,0,0,0,0,0,0,0,0,0,0,0,0,0,0,0,0,0,0,0,0,0,0,0,0,0,0,0,0,0,0,0,0,0,0,0,0,0,0,0,0,0,0,0,0,0,0,0,0,0,0,0,0,0,0,0,0
596,0.307692,0.4,0.384615,0.740361,0,0.363636,0.35,0,0,0.428571,0.25,0,0.333333,0,0.318182,0.5,0.2,0.166667,0.2,0.25,0,0.5,0.0909091,0,0,0,0,0.333333,0,0,0.1875,0,0,0.25,0.5,1,0,0.2,0,0,0,0.375,0.2,0.2,0,0,0.5,0,0.333333,0.5,0,0,0,0,0,0,1,0,0,0,0,0,0,0,0,0,0,0,0,0,0,0,0,0,0,0,0,0,0,0,0,0,0,0,0,0,0,0,0,0,0,0,0,0,0,0,0,0,0,0,0.2,0,0,0,0.230769,0.333333,0,0,0,0,0,0,0,0,0,0,0,0,0,0,0,0,1,0,0,0,0,0,0,0,0,0,0,0,1,0,0,0,0,0,0,0,0,0,0,0,0,0,0,0,0,0,0,0,0,0,0,0,0,0,0,0
604,0.205128,0,0.115385,0.679573,0,0,0.2,0,0.666667,0.0952381,0,0,0,0,0.136364,0,0,0.333333,0,0.5,0,0,0,0,0,0,0,0,0,0,0.1875,0,0,0,0,0,0,0,0,0,0,0,0.2,0,0,0,0,0,0,0,0,0.5,0,0,0,0,0,0,0,0,0,0,0,0,0,0,0,0,0,0,0,0,0,0,0,0,0,0,0,0,0,0,1,0,0,0,0,0,0,0,0,0,0,0,0,0,0,0,0,0,0,0,0,0,0.461538,0.333333,0,0,0,0,0,0,0,0,0,0,0,0,0,0,0,0,0,0,0,0,0,0,0,0,0,0,0,0,0,0,0,0,0,0,0,0,0,0,0,0,0,0,0,0,0,0,0,0,0,0,0,0,0,0,0,0
614,0.0769231,0.2,0.153846,0.428172,0,0.363636,0.05,0,0,0.238095,0,0,0,0,0.136364,0.25,0,0.166667,0,0.0833333,1,0,0.0909091,0,0,0.5,0,0,0,0,0,0,0,0.25,0,0,0,0,0,0,0,0,0,0,0.428571,0,0,0,0,0,0.5,0,0,0,0,0,0,1,0,0,0,0,0,0,0,0,0,0,0,0,0,0,0,0,0,0,0,0,0,0,0,0,0,0,0,0,0,0,0,0,0,0,0,0,0,0,0,0,0,0,0,0,0,0,0.0769231,0.333333,0,0,1,0,0,0,0,0,0,0,0,0,0,0,0,0,0,0,0,0,0,0,0,0,0,0,0,0,0,0,0,0,0,0,0,0,0,0,0,0,0,0,0,0,0,0,0,0,0,0,0,0,0,0,0,0
994,0.179487,0.2,0.269231,0.523843,0,0.545455,0.1,0,0.333333,0.285714,0.125,0,0.5,0,0.318182,0,0,0.166667,0.2,0.0833333,1,1,0.272727,0.333333,0,0,0,0,0,0,0,0,0,0,0,0,0,0,0,0,0,0.625,0,0,0.142857,0.166667,0,0,0,0,0,0,0,0,0,0,0,0,1,0,0,0,0,0,0,0,0,0,0,0,0,0,0,0,0,0,0,0,0,0,0,0,0,0,0,0,0,0,0,0,0,0,0,0,0,0,0,0,0,0,0.2,0,0,0,0.0769231,0.333333,0,0,0,0,0,0,0,0,0,0,0,0,0,0,0,0,0,0,0,0,0,0,0,0,0,0,0,0,0,0,0,0,0,0,0,0,0,1,0,0,0,0,0,0,0,0,0,0,0,0,0,0,0,0,0,0
1072,0.564103,0.6,0.653846,0.716981,0,0.545455,0.6,0,0.333333,0.571429,0.625,0,0.833333,0,0.590909,1,0,0.5,0,0.416667,0,0,0.272727,0.666667,0,0,0,0.333333,0,0,0.3125,0.2,0,1,1,1,0,0,0,0,0,0.25,0.2,0,0.142857,0.666667,0.75,0,0.666667,0,0.5,0.5,0,1,0,0,0,0,0,0,0,0,0,0,0,0,0,0,0,0,0,0,0,0,0,0,0,0,0,0,0,0,0,0,0,0,0,0,0,0,0,0,0,0,0,0,0.5,0,0,0,0,0,0,0,0.307692,0.666667,0,0,0,0,0,0,0,0,0,0,0,0,0,0,0,0,0,0,0,1,0,0,0,0,0,0,0,0,0,1,0,1,0,0,0,0,0,0,0,0,0,0,0,0,0,0,0,0,0,0,0,0,0,0,0,0
1101,0.179487,0,0.115385,0.600082,0,0,0.2,0,0.666667,0.0952381,0,0,0,0,0.136364,0,0,0.333333,0,0.416667,0,0,0,0,0,0,0,0,0,0,0.1875,0,0,0,0,0,0,0,0,0,0,0,0.2,0,0,0,0,0,0,0,0,0.5,0,0,0,0,0,0,0,0,0,0,0,0,0,0,0,0,1,0,0,0,0,0,0,0,0,0,0,0,0,0,0,0,0,0,0,0,0,0,0,0,0,0,0,0,0,0,0,0,0,0,0,0,0.384615,0.333333,0,0,0,0,0,0,0,0,0,0,0,0,0,0,0,0,0,0,0,0,0,0,0,0,0,0,0,0,0,0,0,0,0,0,0,0,0,0,0,0,0,0,0,0,0,0,0,0,0,0,0,0,0,0,0,0
1148,0.25641,0.4,0.384615,0.613071,0,0.636364,0.2,0,0.333333,0.333333,0.375,0,0.666667,0,0.409091,0.25,0,0.166667,0.2,0.0833333,1,0.5,0.181818,1,0,0.5,0,0,0,0,0.125,0,0,0.25,0,0,0,0,0,0,0,0.625,0,0,0.142857,0.5,0,0,0,0,0.5,0,0,0,0,0,0,0,1,0,0,0,0,0,0,0,0,0,0,0,0,0,0,0,0,0,0,0,0,0,0,0,0,0,0,0,0,0,0,0,0,0,0,0,0,0,0,0,0,0,0.2,0,0,0,0.0769231,0.333333,0,0,1,0,0,0,0,0,0,0,0,0,0,0,0,0,0,0,0,0,0,0,0,0,1,0,0,0,0,0,0,0,0,0,0,0,0,0,0,0,0,0,0,0,0,0,0,0,0,0,0,0,0,0,0,0
1805,0.307692,0.4,0.384615,0.813725,0,0.363636,0.35,0,0,0.428571,0.25,0,0.333333,0,0.272727,0.75,0.2,0.166667,0.2,0.25,0,0,0,0,0,0,0.5,0.333333,0,0,0.1875,0,0,0.5,0.5,1,0,0.2,0,0,0,0.25,0.2,0.2,0,0,0.75,0,0.333333,0.5,0,0,0,0,0,0,1,0,0,0,0,0,0,0,0,0,0,0,0,0,0,0,0,0,0,0,0,0,0,0,0,0,0,0,0,0,0,0,0,0,0,0,0,0,0,0,0,0,0,0,0.2,0,0,0,0.230769,0.333333,0,0,0,0,0,0,0,0,0,0,0,0,0,0,0,0,1,0,0,0,0,0,0,0,0,0,0,0,0,0,0,0,0,0,0,0,0,0,0,0,0,0,1,0,0,0,0,0,0,0,0,0,0,0,0,0
2180,0.692308,0.6,0.807692,0.657541,0,0.909091,0.6,0,0,0.857143,0.5,0,0.5,0,0.772727,0,0.8,0.333333,0.2,0.5,1,1,0.181818,0.333333,0,0,0,0,0,0.5,0.5625,0,0,0,0,0,0,0.7,0,0,0,1,0.6,0.8,0.142857,0.166667,0,0,0,0.5,0,0,0,0,0,0,0,0,0,1,0,0,0,0,0,0,0,0,0,0,0,0,0,0,0,0,0,0,0,0,0,0,0,0,0,0,0,0,0,0,0,0,0,0,0,0,0,0,0,0,0,0,1,0,0.538462,0,0,0,0,0,0,0,0,0,0,0,0,0,0,0,0,0,0,0,0,0,0,0,0,0,0,0,0,0,0,0,0,0,0,0,0,0,1,1,0,0,0,0,0,0,0,0,0,0,1,0,0,0,0,0,0,0
3279,0.230769,0,0.192308,0.101723,0,0.363636,0.1,0,0.666667,0.190476,0,0,0,0,0.136364,0.5,0,1,0,0.0833333,0.5,0,0,0,0,1,0,0,0,0,0,0,0,0.5,0,0,0,0,0,0,0,0,0,0,0.285714,0,0,0,0,0,1,0,0,0,0,0,0,0,0,0,0,0,0,0,0,0,0,1,0,0,0,0,0,0,0,0,0,0,0,0,0,0,0,0,0,0,0,0,0,0,0,0,0,0,0,0,0.5,0,0,0,0,0,0,0,0.153846,0,0,0,0,0,0,0,0,0,0,0,0,0,0,0,0,0,0,0,0,0,0,0,0,0,0,0,0,0,0,0,0,0,0,0,0,0,0,0,0,0,0,0,0,0,0,0,0,0,0,0,0,0,0,0,0,0
3862,0.230769,0.2,0.269231,0.775431,0,0.363636,0.2,0,0.333333,0.285714,0.125,0,0.333333,0,0.272727,0.25,0,0.166667,0.2,0.25,0,0.5,0.181818,0.333333,0,0,0,1,0,0,0.0625,0,0,0,0,0,0,0,0,0,0,0.375,0,0,0.142857,0,0.25,0.2,0.333333,0,0,0,0,0,0,0,0,0,1,0,0,0,0,0,0,0,0,0,0,0,0,0,0,0,0,0,0,0,0,0,0,0,0,0,0,0,0,0,0,0,0,0,0,0,0,0,0,0,0,0,0.2,0,0,0,0.153846,0.666667,0,0,0,0,0,0,0,0,0,0,0,0,0,0,0,0,0,0,0,0,0,0,1,0,0,0,0,0,0,0,0,0,0,0,0,0,0,0,0,0,0,0,0,0,0,0,0,0,0,0,0,0,0,0,0,0
4460,0.717949,0.6,0.769231,0.347327,0,0.818182,0.55,0.25,0.333333,0.714286,0.625,0,0.166667,0,0.681818,0.25,0.8,0.833333,0.8,0.166667,0.5,0,0.272727,0.333333,0.2,0,0,0,0,0.5,0.4375,0,0.125,0.25,0,0,0,0.7,0,0,0,0.75,0.2,0.8,0.428571,0,0,0,0,0,0,0,0,0,0,0.5,0,0,0,0,0,0,0,0,0,0,0,0,0,0,0,0,0,0,0,1,1,1,1,0,0,0,0,0,0,0,0,0,0,0,0,0,0,0,0,0,0.5,0,1,0,0.6,0,0,0,0.230769,0,0,0,0,0,0,0,0,0,0,0,0,0,0,0,0,0,0,0,0,0,0,0,0,0,0,0,0,1,0,0,0,0,0,0,0,0,0,0,0,0,0,0,0,0,0,0,1,0,0,0,0,0,0,1,0,0
4678,0.230769,0,0.192308,0.298978,0,0.272727,0.1,0.25,0.666667,0.190476,0,0,0,0,0.181818,0.25,0,0.666667,0,0.25,0.5,0,0,0,0,0.5,0,0,0,0,0.0625,0,0.125,0.25,0,0,0,0,0,0,0,0,0.1,0,0.142857,0,0,0,0.333333,0,0.5,0,0,0,0,0,0,0,0,0,0,0,0,0,0,0,0,0,0,0,1,1,0,0,0,0,0,0,0,0,0,0,0,0,0,0,0,0,0,0,0,0,0,0,0,0,0.5,0,0,0,0,0,0,0,0.230769,0.333333,0,0,0,0,0,0,0,0,0,0,0,0,0,0,0,0,0,0,0,0,0,0,0,0,0,0,0,0,0,0,0,0,0,0,0,0,0,0,0,0,0,0,0,0,0,0,0,0,0,0,0,0,0,0,0,0
4739,0.358974,0.6,0.538462,0.636822,0,0.727273,0.35,0,0,0.52381,0.5,0,0.5,0,0.409091,1,0.2,0.166667,0,0.166667,0,0,0.272727,0,0,1,1,0.333333,0,0,0.125,0.2,0,0.5,0,1,0,0.2,0,0,0,0.375,0.2,0.2,0.285714,0.333333,0.75,0,0,0.5,0.5,0,0,0,0,0,0,0,0,0,0,0,0,0,0,0,0,0,0,0,0,0,0,0,0,0,0,0,0,0,0,0,0,0,0,0,0,0,0,0,0,0,0,0,0,0,0,0,0,0,0,0,0,0,0.230769,0,0,0,0,0,0,0,1,0,0,0,0,0,0,0,0,0,0,1,0,0,0,0,0,0,0,0,0,0,0,0,0,0,0,0,0,0,0,0,0,0,0,0,0,0,0,0,0,0,0,0,0,0,0,0,0,0
5780,0.179487,0,0.115385,0.483183,0,0,0.2,0,0.666667,0.0952381,0,0,0,0,0.136364,0,0,0.333333,0,0.416667,0,0,0,0,0,0,0,0,0,0,0.1875,0,0,0,0,0,0,0,0,0,0,0,0.2,0,0,0,0,0,0,0,0,1,0,0,0,0,0,0,0,0,0,0,0,0,0,0,0,0,0,0,0,0,0,0,0,0,0,0,0,0,0,0,0,0,0,0,0,0,0,0,0,0,0,0,0,0,0,0,0,0,0,0,0,0,0.461538,0,0,0,0,0,0,0,0,0,0,0,0,0,0,0,0,0,0,0,0,0,0,0,0,0,0,0,0,0,0,0,0,0,0,0,0,0,0,0,0,0,0,0,0,0,0,0,0,0,0,0,0,0,0,0,0,0
5960,0.102564,0,0.0384615,0.790043,0,0.0909091,0.05,0,0.666667,0,0,0,0,0,0.0454545,0,0,0.333333,0.2,0.25,0,0,0.0909091,0,0,0,0,0,0,0,0,0,0,0,0,0,0,0,0,0,0,0,0,0,0,0,0,0,0,0,0,0,0,0,0,0,0,0,1,0,0,0,0,0,0,0,0,0,0,1,0,0,0,0,0,0,0,0,0,0,0,0,0,0,0,0,0,0,0,0,0,0,0,0,0,0,0,0,0,0,0.2,0,0,0,0.153846,0.666667,0,0,0,0,0,0,0,0,0,0,0,0,0,0,0,0,0,0,0,0,0,0,0,0,0,0,0,0,0,0,0,0,0,0,0,0,0,0,0,0,0,0,0,0,0,0,0,0,0,0,0,0,0,0,0,0
6070,0.641026,1,0.884615,0.232443,0,1,0.6,0.25,0,0.761905,1,0,0.666667,0,1,0.25,0,0.666667,0,0.0833333,1,0.5,1,0.333333,0.2,0.5,0,0,0,0,0.375,0.4,0.25,0.25,0,0,0,0,0,0,0,0.75,0.2,0,1,0.666667,0,0,0,0,0.5,0,1,1,0,0,0,0,0,0,0,0,0,0,0,0,0,0,0,0,0,0,0,0,0,0,0,0,0,0,0,0,0,0,0,0,0,0,0,0,0,0,0,0,0,0,1,0,0,0,0,0,0,0,0.153846,0,0,0,0,1,0,0,0,0,0,0,0,0,0,0,0,0,0,0,0,0,0,0,0,1,0,0,0,0,0,0,0,0,0,0,0,0,0,0,0,0,0,1,0,0,0,0,0,1,0,0,0,0,1,0,0,0
6140,0.179487,0.2,0.269231,0.523843,0,0.545455,0.1,0,0.333333,0.285714,0.125,0,0.5,0,0.318182,0,0,0.166667,0.2,0.0833333,1,1,0.272727,0.333333,0,0,0,0,0,0,0,0,0,0,0,0,0,0,0,0,0,0.625,0,0,0.142857,0.166667,0,0,0,0,0,0,0,0,0,0,0,0,1,0,0,0,0,0,0,0,0,0,0,0,0,0,0,0,0,0,0,0,0,0,0,0,0,0,0,0,0,0,0,0,0,0,0,0,0,0,0,0,0,0,0.2,0,0,0,0.0769231,0.333333,0,0,0,0,0,0,0,0,0,0,0,0,0,0,0,0,0,0,0,0,0,0,0,0,0,0,0,0,0,0,0,0,0,0,0,0,0,1,0,0,0,0,0,0,0,0,0,0,0,0,0,0,0,0,0,0
6197,0.384615,0.4,0.5,0.37444,0,0.545455,0.4,0,0,0.571429,0.25,0,0,0,0.545455,0.25,0,0.333333,0,0.25,0,0,0.909091,0,0,0,0,0,0,0,0.1875,0,0,0.5,0,0,0,0,0,0,0,0.25,0.1,0,0.714286,0,0,0,1,0,0.5,0,1,0,0,0,0,0,0,0,0,0,0,0,0,0,0,0,0,0,0,0,0,0,0,0,0,0,0,0,0,0,0,0,0,0,0,0,0,0,0,0,0,0,0,0,0.5,0,0,0,0,0,0,0,0.0769231,1,0,0,0,0,0,0,0,0,0,0,0,0,0,0,0,0,0,0,0,0,0,0,0,0,0,0,0,0,0,0,0,0,0,0,0,0,0,0,0,0,0,0,0,1,0,0,0,0,0,1,0,0,0,0,0,0
6251,0.179487,0,0.115385,0.483183,0,0,0.2,0,0.666667,0.0952381,0,0,0,0,0.136364,0,0,0.333333,0,0.416667,0,0,0,0,0,0,0,0,0,0,0.1875,0,0,0,0,0,0,0,0,0,0,0,0.2,0,0,0,0,0,0,0,0,1,0,0,0,0,0,0,0,0,0,0,0,0,0,0,0,0,0,0,0,0,0,0,0,0,0,0,0,0,0,0,0,0,0,0,0,0,0,0,0,0,0,0,0,0,0,0,0,0,0,0,0,0,0.461538,0,0,0,0,0,0,0,0,0,0,0,0,0,0,0,0,0,0,0,0,0,0,0,0,0,0,0,0,0,0,0,0,0,0,0,0,0,0,0,0,0,0,0,0,0,0,0,0,0,0,0,0,0,0,0,0,0
6253,0.307692,0.4,0.384615,0.740361,0,0.363636,0.35,0,0,0.428571,0.25,0,0.333333,0,0.318182,0.5,0.2,0.166667,0.2,0.25,0,0.5,0.0909091,0,0,0,0,0.333333,0,0,0.1875,0,0,0.25,0.5,1,0,0.2,0,0,0,0.375,0.2,0.2,0,0,0.5,0,0.333333,0.5,0,0,0,0,0,0,1,0,0,0,0,0,0,0,0,0,0,0,0,0,0,0,0,0,0,0,0,0,0,0,0,0,0,0,0,0,0,0,0,0,0,0,0,0,0,0,0,0,0,0,0.2,0,0,0,0.230769,0.333333,0,0,0,0,0,0,0,0,0,0,0,0,0,0,0,0,1,0,0,0,0,0,0,0,0,0,0,0,1,0,0,0,0,0,0,0,0,0,0,0,0,0,0,0,0,0,0,0,0,0,0,0,0,0,0,0
6274,0.153846,0.2,0.230769,0.658532,0,0.454545,0.1,0,0.333333,0.238095,0.125,0,0.333333,0,0.181818,0.5,0,0.166667,0.2,0.0833333,0,0,0.181818,0.333333,0,1,0.5,0,0,0,0,0,0,0.25,0,0,0,0,0,0,0,0.25,0,0,0.142857,0.166667,0.25,0,0,0,0.5,0,0,0,0,0,0,0,1,0,0,0,0,0,0,0,0,0,0,0,0,0,0,0,0,0,0,0,0,0,0,0,0,0,0,0,0,0,0,0,0,0,0,0,0,0,0,0,0,0,0.2,0,0,0,0.0769231,0.333333,0,0,0,0,0,0,0,0,0,0,0,0,0,1,0,0,0,0,0,0,0,0,0,0,0,0,0,0,0,0,0,0,0,0,0,0,0,0,0,0,0,0,0,0,0,0,0,0,0,0,0,0,0,0,0,0
6305,0.25641,0.4,0.384615,0.613071,0,0.636364,0.2,0,0.333333,0.333333,0.375,0,0.666667,0,0.409091,0.25,0,0.166667,0.2,0.0833333,1,0.5,0.181818,1,0,0.5,0,0,0,0,0.125,0,0,0.25,0,0,0,0,0,0,0,0.625,0,0,0.142857,0.5,0,0,0,0,0.5,0,0,0,0,0,0,0,1,0,0,0,0,0,0,0,0,0,0,0,0,0,0,0,0,0,0,0,0,0,0,0,0,0,0,0,0,0,0,0,0,0,0,0,0,0,0,0,0,0,0.2,0,0,0,0.0769231,0.333333,0,0,1,0,0,0,0,0,0,0,0,0,0,0,0,0,0,0,0,0,0,0,0,0,1,0,0,0,0,0,0,0,0,0,0,0,0,0,0,0,0,0,0,0,0,0,0,0,0,0,0,0,0,0,0,0
6466,0.512821,1,0.615385,0.567748,0,0.636364,0.3,1,0,0.52381,0.5,1,0.166667,0,0.681818,0,0.2,0.5,0,0.333333,0.5,0.5,0.272727,0,1,0,0,0,0,0,0.0625,0,1,0,0,0,0,0.1,0,1,0,0.5,0.1,0.2,0.571429,0.333333,0,0.2,0.333333,0,0,0,0,0.5,0,0,0,1,0,0,0,0,0,0,0,0,1,0,0,0,0,0,0,0,0,0,0,0,0,0,0,0,0,0,0,0,0,0,0,0,0,0,0,0,0,0,0.25,1,0,0,0,0,0,0,0.230769,0.666667,0,0,0,0,0,0,0,1,0,0,0,0,0,0,0,1,0,1,0,0,0,0,0,0,0,0,0,0,0,0,0,0,0,0,0,0,0,0,0,1,0,0,0,0,1,0,0,0,0,0,0,0,0,0,0,0
6759,0.564103,0.6,0.653846,0.716981,0,0.545455,0.6,0,0.333333,0.571429,0.625,0,0.833333,0,0.590909,1,0,0.5,0,0.416667,0,0,0.272727,0.666667,0,0,0,0.333333,0,0,0.3125,0.2,0,1,1,1,0,0,0,0,0,0.25,0.2,0,0.142857,0.666667,0.75,0,0.666667,0,0.5,0.5,0,1,0,0,0,0,0,0,0,0,0,0,0,0,0,0,0,0,0,0,0,0,0,0,0,0,0,0,0,0,0,0,0,0,0,0,0,0,0,0,0,0,0,0,0.5,0,0,0,0,0,0,0,0.307692,0.666667,0,0,0,0,0,0,0,0,0,0,0,0,0,0,0,0,0,0,0,1,0,0,0,0,0,0,0,0,0,1,0,1,0,0,0,0,0,0,0,0,0,0,0,0,0,0,0,0,0,0,0,0,0,0,0,0
6904,0.179487,0,0.115385,0.600082,0,0,0.2,0,0.666667,0.0952381,0,0,0,0,0.136364,0,0,0.333333,0,0.416667,0,0,0,0,0,0,0,0,0,0,0.1875,0,0,0,0,0,0,0,0,0,0,0,0.2,0,0,0,0,0,0,0,0,0.5,0,0,0,0,0,0,0,0,0,0,0,0,0,0,0,0,1,0,0,0,0,0,0,0,0,0,0,0,0,0,0,0,0,0,0,0,0,0,0,0,0,0,0,0,0,0,0,0,0,0,0,0,0.384615,0.333333,0,0,0,0,0,0,0,0,0,0,0,0,0,0,0,0,0,0,0,0,0,0,0,0,0,0,0,0,0,0,0,0,0,0,0,0,0,0,0,0,0,0,0,0,0,0,0,0,0,0,0,0,0,0,0,0
8988,0.0769231,0.2,0.153846,0.428172,0,0.363636,0.05,0,0,0.238095,0,0,0,0,0.136364,0.25,0,0.166667,0,0.0833333,1,0,0.0909091,0,0,0.5,0,0,0,0,0,0,0,0.25,0,0,0,0,0,0,0,0,0,0,0.428571,0,0,0,0,0,0.5,0,0,0,0,0,0,1,0,0,0,0,0,0,0,0,0,0,0,0,0,0,0,0,0,0,0,0,0,0,0,0,0,0,0,0,0,0,0,0,0,0,0,0,0,0,0,0,0,0,0,0,0,0,0.0769231,0.333333,0,0,1,0,0,0,0,0,0,0,0,0,0,0,0,0,0,0,0,0,0,0,0,0,0,0,0,0,0,0,0,0,0,0,0,0,0,0,0,0,0,0,0,0,0,0,0,0,0,0,0,0,0,0,0,0
8998,0.0769231,0,0.0384615,0.431228,0,0,0.1,0,0.666667,0,0,0,0,0,0.0454545,0,0,0.333333,0,0.25,0,0,0,0,0,0,0,0,0,0,0.0625,0,0,0,0,0,0,0,0,0,0,0,0,0,0,0,0,0,0,0,0,1,0,0,0,0,0,0,0,0,0,0,0,0,0,0,0,0,0,0,0,0,0,0,0,0,0,0,0,0,0,0,0,0,0,0,0,0,0,0,0,0,0,0,0,0,0,0,0,0,0,0,0,0,0.307692,0,0,0,0,0,0,0,0,0,0,0,0,0,0,0,0,0,0,0,0,0,0,0,0,0,0,0,0,0,0,0,0,0,0,0,0,0,0,0,0,0,0,0,0,0,0,0,0,0,0,0,0,0,0,0,0,0
9060,0.25641,0.4,0.384615,0.613071,0,0.636364,0.2,0,0.333333,0.333333,0.375,0,0.666667,0,0.409091,0.25,0,0.166667,0.2,0.0833333,1,0.5,0.181818,1,0,0.5,0,0,0,0,0.125,0,0,0.25,0,0,0,0,0,0,0,0.625,0,0,0.142857,0.5,0,0,0,0,0.5,0,0,0,0,0,0,0,1,0,0,0,0,0,0,0,0,0,0,0,0,0,0,0,0,0,0,0,0,0,0,0,0,0,0,0,0,0,0,0,0,0,0,0,0,0,0,0,0,0,0.2,0,0,0,0.0769231,0.333333,0,0,1,0,0,0,0,0,0,0,0,0,0,0,0,0,0,0,0,0,0,0,0,0,1,0,0,0,0,0,0,0,0,0,0,0,0,0,0,0,0,0,0,0,0,0,0,0,0,0,0,0,0,0,0,0
9444,0.307692,0.4,0.384615,0.813725,0,0.363636,0.35,0,0,0.428571,0.25,0,0.333333,0,0.272727,0.75,0.2,0.166667,0.2,0.25,0,0,0,0,0,0,0.5,0.333333,0,0,0.1875,0,0,0.5,0.5,1,0,0.2,0,0,0,0.25,0.2,0.2,0,0,0.75,0,0.333333,0.5,0,0,0,0,0,0,1,0,0,0,0,0,0,0,0,0,0,0,0,0,0,0,0,0,0,0,0,0,0,0,0,0,0,0,0,0,0,0,0,0,0,0,0,0,0,0,0,0,0,0,0.2,0,0,0,0.230769,0.333333,0,0,0,0,0,0,0,0,0,0,0,0,0,0,0,0,1,0,0,0,0,0,0,0,0,0,0,0,0,0,0,0,0,0,0,0,0,0,0,0,0,0,1,0,0,0,0,0,0,0,0,0,0,0,0,0
10198,0.153846,0.4,0.269231,0.356542,0,0.363636,0.2,0,0,0.285714,0.25,0,0.166667,0,0.272727,0.25,0,0.166667,0,0.0833333,1,0,0.0909091,0.333333,0,0,0,0.666667,0,0,0.125,0,0,0,0,0.5,0,0,0,0,0,0.25,0.1,0,0.428571,0,0.25,0,0,0,0,0,0,0,1,0,0,0,0,0,0,0,0,0,0,0,0,0,0,0,0,0,0,0,0,0,0,0,0,0,0,0,0,0,0,0,0,0,0,0,0,0,0,0,0,0,0,0,0,0,0,0,0,0,0.153846,0,0,0,0,0,0,0,0,0,0,1,1,0,0,0,0,0,0,0,0,0,0,0,0,0,0,0,0,0,0,0,0,0,0,0,0,0,0,0,0,0,0,0,0,0,0,0,0,0,0,0,0,0,0,0,0,0
10348,0.358974,0.4,0.461538,0.663542,0,0.545455,0.35,0,0,0.52381,0.25,0,0.5,0,0.454545,0,0.4,0.166667,0,0.333333,0.5,0.5,0.181818,0.666667,0,0,0,0,0,0,0.25,0,0,0,0,0,0,0.4,0,0,0,0.625,0.3,0.4,0,0.166667,0,0.2,0,0.5,0,0,0,0,0,0,0,0,0,0,0,0,0,0,0,0,0,0,0,0,0,0,0,0,0,0,0,0,0,0,0,0,0,0,0,0,0,0,0,0,0,0,0,0,0,0,0,0,0,0,0,0,0,0,0.384615,0,0,0,0,0,0,0,0,0,0,0,0,0,0,0,0,0,0,0,0,0,0,0,0,0,0,0,0,0,0,0,0,0,0,0,0,0,0,0,1,0,0,0,0,0,0,0,0,0,1,0,0,0,0,0,0,0
10603,0.435897,0.8,0.615385,0.807903,0,0.636364,0.45,0.25,0,0.52381,0.75,0,1,0,0.681818,0,0.2,0,0,0.333333,0,0.5,0.454545,0.666667,0.4,0,0,0,0,0.5,0.25,0.6,0.125,0,0,0,0,0.1,0,0,0,0.625,0,0.2,0.285714,0.666667,0,1,0,0,0,0,0,0,0,0,0,0,0,0,0,0,0,0,0,0,0,0,0,0,0,0,0,0,0,0,0,0,0,0,0,0,0,0,0,0,0,0,0,0,0,0,0,0,0,0,0,0,0,0,0,0,0,0,0.384615,0,0,0,0,0,0,1,0,0,0,0,0,0,0,0,0,0,0,0,0,0,0,0,0,0,0,0,1,0,0,1,0,0,0,1,0,0,0,0,0,0,0,0,0,0,0,0,0,0,0,0,0,0,0,0,0,0
10690,0.205128,0,0.115385,0.679573,0,0,0.2,0,0.666667,0.0952381,0,0,0,0,0.136364,0,0,0.333333,0,0.5,0,0,0,0,0,0,0,0,0,0,0.1875,0,0,0,0,0,0,0,0,0,0,0,0.2,0,0,0,0,0,0,0,0,0.5,0,0,0,0,0,0,0,0,0,0,0,0,0,0,0,0,0,0,0,0,0,0,0,0,0,0,0,0,0,0,1,0,0,0,0,0,0,0,0,0,0,0,0,0,0,0,0,0,0,0,0,0,0.461538,0.333333,0,0,0,0,0,0,0,0,0,0,0,0,0,0,0,0,0,0,0,0,0,0,0,0,0,0,0,0,0,0,0,0,0,0,0,0,0,0,0,0,0,0,0,0,0,0,0,0,0,0,0,0,0,0,0,0
14052,0.230769,0,0.192308,0.101723,0,0.363636,0.1,0,0.666667,0.190476,0,0,0,0,0.136364,0.5,0,1,0,0.0833333,0.5,0,0,0,0,1,0,0,0,0,0,0,0,0.5,0,0,0,0,0,0,0,0,0,0,0.285714,0,0,0,0,0,1,0,0,0,0,0,0,0,0,0,0,0,0,0,0,0,0,1,0,0,0,0,0,0,0,0,0,0,0,0,0,0,0,0,0,0,0,0,0,0,0,0,0,0,0,0,0.5,0,0,0,0,0,0,0,0.153846,0,0,0,0,0,0,0,0,0,0,0,0,0,0,0,0,0,0,0,0,0,0,0,0,0,0,0,0,0,0,0,0,0,0,0,0,0,0,0,0,0,0,0,0,0,0,0,0,0,0,0,0,0,0,0,0,0
14749,0.769231,0.8,0.730769,0.938027,0,0.181818,0.9,0,0,0.666667,0.75,0,1,0,0.818182,0,0.2,0.5,0,0.916667,0,0,0.0909091,0.333333,0,0,0,0,0,0,0.875,1,0,0,0,0,0,0.2,0,0,0,0.25,0.3,0.2,0,0.833333,0,0.8,0.666667,0.5,0,0,0,0.5,0,0,0,0,0,0,0,1,0,0,0,0,0,0,0,0,0,0,0,0,0,0,0,0,0,0,0,0,0,0,0,0,0,0,0,0,0,0,0,0,0,0,0.25,0,0,0,0,0,0,0,0.692308,1,0,0,0,0,0,0,0,0,0,0,0,0,0,0,0,0,0,0,0,1,0,1,0,0,0,0,0,0,0,0,0,0,1,0,0,0,0,0,0,0,0,0,0,0,0,0,0,0,1,0,0,0,0,0,0,0
14950,0.769231,0.8,0.730769,0.938027,0,0.181818,0.9,0,0,0.666667,0.75,0,1,0,0.818182,0,0.2,0.5,0,0.916667,0,0,0.0909091,0.333333,0,0,0,0,0,0,0.875,1,0,0,0,0,0,0.2,0,0,0,0.25,0.3,0.2,0,0.833333,0,0.8,0.666667,0.5,0,0,0,0.5,0,0,0,0,0,0,0,1,0,0,0,0,0,0,0,0,0,0,0,0,0,0,0,0,0,0,0,0,0,0,0,0,0,0,0,0,0,0,0,0,0,0,0.25,0,0,0,0,0,0,0,0.692308,1,0,0,0,0,0,0,0,0,0,0,0,0,0,0,0,0,0,0,0,1,0,1,0,0,0,0,0,0,0,0,0,0,1,0,0,0,0,0,0,0,0,0,0,0,0,0,0,0,1,0,0,0,0,0,0,0
16380,0.641026,0.4,0.692308,0.608432,0,0.909091,0.45,0,0.333333,0.714286,0.375,0,0.5,0,0.590909,1,0.2,0.5,0.8,0.25,0.5,1,0.545455,0,0,0,0,0.666667,0,0,0.0625,0,0,0.75,0.5,1,0,0.2,0,0,0,0.75,0,0.2,0.428571,0,0.5,0,0.666667,0,0.5,0,0,0,0,0.25,1,1,0,0,1,0,0,0,0,0,0,0,0,0,0,0,0,0,0,0,0,0,0,0,0,0,0,0,0,0,0,0,0,0,0,0,0,0,0,0,0,0,1,0,0.6,1,0,0,0.0769231,1,0,0,0,0,0,0,0,0,0,0,0,0,0,0,0,0,0,0,1,0,0,0,0,0,0,0,0,0,1,0,0,0,0,0,0,0,0,0,0,0,0,0,0,0,0,0,0,0,0,0,0,0,0,0,0,0
16486,0.0512821,0.2,0.115385,0.533283,0,0.272727,0.05,0,0,0.190476,0,0,0,0,0.0909091,0.25,0,0.166667,0,0.0833333,0.5,0,0.0909091,0,0,0.5,0,0,0,0,0,0,0,0.25,0,0,0,0,0,0,0,0,0,0,0.285714,0,0,0,0,0,0.5,0,0,0,0,0,0,1,0,0,0,0,0,0,0,0,0,0,0,0,0,0,0,0,0,0,0,0,0,0,0,0,0,0,0,0,0,0,0,0,0,0,0,0,0,0,0,0,0,0,0,0,0,0,0.0769231,0.333333,0,1,0,0,0,0,0,0,0,0,0,0,0,0,0,0,0,0,0,0,0,0,0,0,0,0,0,0,0,0,0,0,0,0,0,0,0,0,0,0,0,0,0,0,0,0,0,0,0,0,0,0,0,0,0,0
21704,0.358974,0.6,0.5,0.797349,0,0.545455,0.4,0,0,0.47619,0.5,0,0.666667,0,0.363636,1,0.2,0.166667,0.2,0.166667,0,0,0,0,0,0.5,1,0.333333,0,0,0.25,0.2,0,0.5,0.5,1,0,0.2,0,0,0,0.375,0.2,0.2,0,0.333333,1,0,0,0.5,0,0,0,0,0,0,1,0,0,0,0,0,0,0,0,0,0,0,0,0,0,0,0,0,0,0,0,0,0,0,0,0,0,0,0,0,0,0,0,0,0,0,0,0,0,0,0,0,0,0,0.2,0,0,0,0.230769,0,0,0,0,0,0,0,1,0,0,0,0,0,0,0,0,0,1,0,0,0,0,0,0,0,0,0,0,0,0,0,0,0,0,0,1,0,0,0,0,0,0,0,0,0,0,0,0,0,0,0,0,0,0,0,0,0
24749,0.179487,0,0.115385,0.600082,0,0,0.2,0,0.666667,0.0952381,0,0,0,0,0.136364,0,0,0.333333,0,0.416667,0,0,0,0,0,0,0,0,0,0,0.1875,0,0,0,0,0,0,0,0,0,0,0,0.2,0,0,0,0,0,0,0,0,0.5,0,0,0,0,0,0,0,0,0,0,0,0,0,0,0,0,0,0,0,0,0,0,0,0,0,0,0,0,1,0,0,0,0,0,0,0,0,0,0,0,0,0,0,0,0,0,0,0,0,0,0,0,0.384615,0.333333,0,0,0,0,0,0,0,0,0,0,0,0,0,0,0,0,0,0,0,0,0,0,0,0,0,0,0,0,0,0,0,0,0,0,0,0,0,0,0,0,0,0,0,0,0,0,0,0,0,0,0,0,0,0,0,0
34751,0.692308,0.6,0.807692,0.657541,0,0.909091,0.6,0,0,0.857143,0.5,0,0.5,0,0.772727,0,0.8,0.333333,0.2,0.5,1,1,0.181818,0.333333,0,0,0,0,0,0.5,0.5625,0,0,0,0,0,0,0.7,0,0,0,1,0.6,0.8,0.142857,0.166667,0,0,0,0.5,0,0,0,0,0,0,0,0,0,1,0,0,0,0,0,0,0,0,0,0,0,0,0,0,0,0,0,0,0,0,0,0,0,0,0,0,0,0,0,0,0,0,0,0,0,0,0,0,0,0,0,0,1,0,0.538462,0,0,0,0,0,0,0,0,0,0,0,0,0,0,0,0,0,0,0,0,0,0,0,0,0,0,0,0,0,0,0,0,0,0,0,0,0,1,1,0,0,0,0,0,0,0,0,0,0,1,0,0,0,0,0,0,0
36294,0.692308,0.6,0.730769,0.428969,0,0.545455,0.7,0,0,0.761905,0.5,0,0,0,0.681818,0,0.8,0.333333,1,0.333333,0,0,0.363636,0,0,0,0,0,0,0,0.625,0,0,0,0,0,0,0.8,0,0,0,0.5,0.4,0.8,0.285714,0,0,0,0,0.5,0,0,0,0,0,1,0,0,0,0,0,0,0,0,0,0,0,0,0,0,0,0,0,0,1,0,0,0,0,0,0,0,0,0,0,0,0,0,0,0,0,0,0,0,0,0,0,0,0,0,1,0,0,0,0.384615,0,0,0,0,0,0,0,0,0,0,0,0,0,0,0,0,0,0,0,0,0,0,0,0,0,0,0,0,0,0,0,0,0,0,0,0,0,0,0,0,0,0,0,0,0,0,0,0,0,0,0,1,1,0,0,0,1
37768,0.897436,0.6,0.884615,0.49445,0,0.636364,0.85,0,0.333333,0.857143,0.625,0,0,0,0.818182,0.25,0.8,0.5,0.8,0.666667,0,0,0.272727,0,0,0,0,0,0,0,0.8125,0,0,0.5,0,0,0,0.8,0,0,0,0.625,0.7,0.8,0.142857,0,0,0,0.333333,0.5,0.5,0,0,0,0,0.5,0,0,0,0,0,0,0,0,0,0,0,0,0,0,0,0,0,0,1,0,0,0,0,0,0,0,0,1,0,0,0,0,0,0,0,0,0,0,0,0,0,0,0,0,0.8,0,0,0,0.615385,0.333333,0,0,0,0,0,0,0,0,0,0,0,0,0,0,0,0,0,0,0,0,0,0,0,0,0,0,0,1,0,0,0,0,0,0,0,0,0,0,0,0,0,0,0,0,0,0,0,0,1,0,1,0,0,0,0,0
40926,0.358974,0.6,0.538462,0.636822,0,0.727273,0.35,0,0,0.52381,0.5,0,0.5,0,0.409091,1,0.2,0.166667,0,0.166667,0,0,0.272727,0,0,1,1,0.333333,0,0,0.125,0.2,0,0.5,0,1,0,0.2,0,0,0,0.375,0.2,0.2,0.285714,0.333333,0.75,0,0,0.5,0.5,0,0,0,0,0,0,0,0,0,0,0,0,0,0,0,0,0,0,0,0,0,0,0,0,0,0,0,0,0,0,0,0,0,0,0,0,0,0,0,0,0,0,0,0,0,0,0,0,0,0,0,0,0,0.230769,0,0,0,0,0,0,0,1,0,0,0,0,0,0,0,0,0,0,1,0,0,0,0,0,0,0,0,0,0,0,0,0,0,0,0,0,0,0,0,0,0,0,0,0,0,0,0,0,0,0,0,0,0,0,0,0,0
41774,1,0.8,1,0.579927,0,0.636364,1,0,0,1,0.75,0,0.166667,0,0.909091,0.25,1,0.666667,0,1,0,0,0.0909091,0.333333,0,0,0,0,0,0,1,0,0,0.5,0,0,0,1,0,0,0,0.875,1,1,0,0,0,0,0,1,0.5,0,0.5,0,1,0,0,0,0,0,0,0,0,0,0,0,0,0,0,0,0,0,0,0,0,0,0,0,0,0,0,0,0,0,0,0,0,0,0,0,0,0,0,0,0,0,0.25,0,0,0,0,0,0,0,1,0,0,0,0,0,0,0,0,0,0,0,0,0,0,0,0,0,0,0,0,0,0,0,0,0,0,1,0,0,0,0,0,0,0,0,0,0,0,0,0,0,1,0,0,0,0,1,0,0,0,0,0,0,0,0,1,0
41859,0.717949,0.6,0.769231,0.347327,0,0.818182,0.55,0.25,0.333333,0.714286,0.625,0,0.166667,0,0.681818,0.25,0.8,0.833333,0.8,0.166667,0.5,0,0.272727,0.333333,0.2,0,0,0,0,0.5,0.4375,0,0.125,0.25,0,0,0,0.7,0,0,0,0.75,0.2,0.8,0.428571,0,0,0,0,0,0,0,0,0,0,0.5,0,0,0,0,0,0,0,0,0,0,0,0,0,0,0,0,0,0,0,1,1,1,1,0,0,0,0,0,0,0,0,0,0,0,0,0,0,0,0,0,0.5,0,1,0,0.6,0,0,0,0.230769,0,0,0,0,0,0,0,0,0,0,0,0,0,0,0,0,0,0,0,0,0,0,0,0,0,0,0,0,1,0,0,0,0,0,0,0,0,0,0,0,0,0,0,0,0,0,0,1,0,0,0,0,0,0,1,0,0
60855,0.461538,0.2,0.346154,0.651735,0,0.363636,0.3,0,1,0.190476,0.375,0,0.166667,0,0.272727,0.5,0.2,0.833333,0.4,0.416667,0,0,0.0909091,0.333333,0,0,0,0,0,0,0.25,0,0,0.5,0,0,0,0.2,0,0,0,0.5,0.1,0.2,0,0,0,0,0,0,0,0.5,0,0,0,0,0,0,0,0,0,1,0,0,0,0,0,0,0,0,0,0,0,0,0,0,0,0,0,1,0,1,0,0,0,0,0,0,0,0,0,0,0,0,0,0,0.25,0,0,0,0.4,0,0,0,0.307692,0.666667,0,0,0,0,0,0,0,0,0,0,0,0,0,0,0,0,0,0,0,0,0,0,0,0,0,0,0,1,0,0,0,0,0,0,0,0,0,0,0,0,0,0,0,0,0,0,0,0,0,0,0,0,0,0,0,0
60961,0.358974,0.6,0.5,0.797349,0,0.545455,0.4,0,0,0.47619,0.5,0,0.666667,0,0.363636,1,0.2,0.166667,0.2,0.166667,0,0,0,0,0,0.5,1,0.333333,0,0,0.25,0.2,0,0.5,0.5,1,0,0.2,0,0,0,0.375,0.2,0.2,0,0.333333,1,0,0,0.5,0,0,0,0,0,0,1,0,0,0,0,0,0,0,0,0,0,0,0,0,0,0,0,0,0,0,0,0,0,0,0,0,0,0,0,0,0,0,0,0,0,0,0,0,0,0,0,0,0,0,0.2,0,0,0,0.230769,0,0,0,0,0,0,0,1,0,0,0,0,0,0,0,0,0,1,0,0,0,0,0,0,0,0,0,0,0,0,0,0,0,0,0,1,0,0,0,0,0,0,0,0,0,0,0,0,0,0,0,0,0,0,0,0,0
71567,0.179487,0.2,0.269231,0.523843,0,0.545455,0.1,0,0.333333,0.285714,0.125,0,0.5,0,0.318182,0,0,0.166667,0.2,0.0833333,1,1,0.272727,0.333333,0,0,0,0,0,0,0,0,0,0,0,0,0,0,0,0,0,0.625,0,0,0.142857,0.166667,0,0,0,0,0,0,0,0,0,0,0,0,1,0,0,0,0,0,0,0,0,0,0,0,0,0,0,0,0,0,0,0,0,0,0,0,0,0,0,0,0,0,0,0,0,0,0,0,0,0,0,0,0,0,0.2,0,0,0,0.0769231,0.333333,0,0,0,0,0,0,0,0,0,0,0,0,0,0,0,0,0,0,0,0,0,0,0,0,0,0,0,0,0,0,0,0,0,0,0,0,0,1,0,0,0,0,0,0,0,0,0,0,0,0,0,0,0,0,0,0
82170,0.179487,0,0.115385,0.483183,0,0,0.2,0,0.666667,0.0952381,0,0,0,0,0.136364,0,0,0.333333,0,0.416667,0,0,0,0,0,0,0,0,0,0,0.1875,0,0,0,0,0,0,0,0,0,0,0,0.2,0,0,0,0,0,0,0,0,1,0,0,0,0,0,0,0,0,0,0,0,0,0,0,0,0,0,0,0,0,0,0,0,0,0,0,0,0,0,0,0,0,0,0,0,0,0,0,0,0,0,0,0,0,0,0,0,0,0,0,0,0,0.461538,0,0,0,0,0,0,0,0,0,0,0,0,0,0,0,0,0,0,0,0,0,0,0,0,0,0,0,0,0,0,0,0,0,0,0,0,0,0,0,0,0,0,0,0,0,0,0,0,0,0,0,0,0,0,0,0,0
92092,0.179487,0,0.115385,0.600082,0,0,0.2,0,0.666667,0.0952381,0,0,0,0,0.136364,0,0,0.333333,0,0.416667,0,0,0,0,0,0,0,0,0,0,0.1875,0,0,0,0,0,0,0,0,0,0,0,0.2,0,0,0,0,0,0,0,0,0.5,0,0,0,0,0,0,0,0,0,0,0,0,0,0,0,0,1,0,0,0,0,0,0,0,0,0,0,0,0,0,0,0,0,0,0,0,0,0,0,0,0,0,0,0,0,0,0,0,0,0,0,0,0.384615,0.333333,0,0,0,0,0,0,0,0,0,0,0,0,0,0,0,0,0,0,0,0,0,0,0,0,0,0,0,0,0,0,0,0,0,0,0,0,0,0,0,0,0,0,0,0,0,0,0,0,0,0,0,0,0,0,0,0
96368,0.358974,0.6,0.5,0.797349,0,0.545455,0.4,0,0,0.47619,0.5,0,0.666667,0,0.363636,1,0.2,0.166667,0.2,0.166667,0,0,0,0,0,0.5,1,0.333333,0,0,0.25,0.2,0,0.5,0.5,1,0,0.2,0,0,0,0.375,0.2,0.2,0,0.333333,1,0,0,0.5,0,0,0,0,0,0,1,0,0,0,0,0,0,0,0,0,0,0,0,0,0,0,0,0,0,0,0,0,0,0,0,0,0,0,0,0,0,0,0,0,0,0,0,0,0,0,0,0,0,0,0.2,0,0,0,0.230769,0,0,0,0,0,0,0,1,0,0,0,0,0,0,0,0,0,1,0,0,0,0,0,0,0,0,0,0,0,0,0,0,0,0,0,1,0,0,0,0,0,0,0,0,0,0,0,0,0,0,0,0,0,0,0,0,0
107526,0.179487,0,0.115385,0.600082,0,0,0.2,0,0.666667,0.0952381,0,0,0,0,0.136364,0,0,0.333333,0,0.416667,0,0,0,0,0,0,0,0,0,0,0.1875,0,0,0,0,0,0,0,0,0,0,0,0.2,0,0,0,0,0,0,0,0,0.5,0,0,0,0,0,0,0,0,0,0,0,0,0,0,0,0,0,0,0,0,0,0,0,0,0,0,0,0,1,0,0,0,0,0,0,0,0,0,0,0,0,0,0,0,0,0,0,0,0,0,0,0,0.384615,0.333333,0,0,0,0,0,0,0,0,0,0,0,0,0,0,0,0,0,0,0,0,0,0,0,0,0,0,0,0,0,0,0,0,0,0,0,0,0,0,0,0,0,0,0,0,0,0,0,0,0,0,0,0,0,0,0,0
114682,0.307692,0.4,0.384615,0.740361,0,0.363636,0.35,0,0,0.428571,0.25,0,0.333333,0,0.318182,0.5,0.2,0.166667,0.2,0.25,0,0.5,0.0909091,0,0,0,0,0.333333,0,0,0.1875,0,0,0.25,0.5,1,0,0.2,0,0,0,0.375,0.2,0.2,0,0,0.5,0,0.333333,0.5,0,0,0,0,0,0,1,0,0,0,0,0,0,0,0,0,0,0,0,0,0,0,0,0,0,0,0,0,0,0,0,0,0,0,0,0,0,0,0,0,0,0,0,0,0,0,0,0,0,0,0.2,0,0,0,0.230769,0.333333,0,0,0,0,0,0,0,0,0,0,0,0,0,0,0,0,1,0,0,0,0,0,0,0,0,0,0,0,1,0,0,0,0,0,0,0,0,0,0,0,0,0,0,0,0,0,0,0,0,0,0,0,0,0,0,0
114708,0.538462,0.8,0.538462,0.422569,0,0.272727,0.4,1,0,0.428571,0.75,0,0.333333,0,0.636364,0,0,0.833333,0,0.416667,0,0,0.272727,0.666667,0.2,0,0,0,0,0,0.1875,0,1,0,0,0,0,0,1,0,0,0.625,0.1,0,0.142857,0,0,0.6,0.333333,0,0,0,0.5,0.5,1,0,0,0,0,0,0,0,1,0,0,0,0,0,0,0,0,0,0,0,0,0,0,0,0,0,0,0,0,0,0,0,0,0,0,0,0,0,0,0,0,0,1,0,0,0,0,0,0,0,0.384615,0.333333,0,0,0,0,1,0,0,0,0,0,0,0,0,0,0,0,0,0,0,0,0,0,0,0,0,0,0,0,0,0,0,0,0,0,0,1,0,0,0,0,0,0,0,0,0,0,0,0,0,0,0,0,0,0,0,0
131204,0.230769,0,0.192308,0.298978,0,0.272727,0.1,0.25,0.666667,0.190476,0,0,0,0,0.181818,0.25,0,0.666667,0,0.25,0.5,0,0,0,0,0.5,0,0,0,0,0.0625,0,0.125,0.25,0,0,0,0,0,0,0,0,0.1,0,0.142857,0,0,0,0.333333,0,0.5,0,0,0,0,0,0,0,0,0,0,0,0,0,0,0,0,0,0,0,1,1,0,0,0,0,0,0,0,0,0,0,0,0,0,0,0,0,0,0,0,0,0,0,0,0,0.5,0,0,0,0,0,0,0,0.230769,0.333333,0,0,0,0,0,0,0,0,0,0,0,0,0,0,0,0,0,0,0,0,0,0,0,0,0,0,0,0,0,0,0,0,0,0,0,0,0,0,0,0,0,0,0,0,0,0,0,0,0,0,0,0,0,0,0,0
145742,0.0769231,0.2,0.153846,0.428172,0,0.363636,0.05,0,0,0.238095,0,0,0,0,0.136364,0.25,0,0.166667,0,0.0833333,1,0,0.0909091,0,0,0.5,0,0,0,0,0,0,0,0.25,0,0,0,0,0,0,0,0,0,0,0.428571,0,0,0,0,0,0.5,0,0,0,0,0,0,1,0,0,0,0,0,0,0,0,0,0,0,0,0,0,0,0,0,0,0,0,0,0,0,0,0,0,0,0,0,0,0,0,0,0,0,0,0,0,0,0,0,0,0,0,0,0,0.0769231,0.333333,0,0,1,0,0,0,0,0,0,0,0,0,0,0,0,0,0,0,0,0,0,0,0,0,0,0,0,0,0,0,0,0,0,0,0,0,0,0,0,0,0,0,0,0,0,0,0,0,0,0,0,0,0,0,0,0
157355,0.461538,0.2,0.384615,0.557799,0,0.181818,0.45,0,0.666667,0.333333,0.25,0,0,0,0.363636,0,0.4,0.5,0,0.666667,0,0,0,0,0,0,0,0,0,0,0.4375,0,0,0,0,0,0,0.4,0,0,0,0.25,0.4,0.4,0,0,0,0,0,0.5,0,1,0,0,0,0,0,0,0,0,0,0,0,0,0,0,0,0,0,0,0,0,0,0,0,0,0,0,0,0,0,0,0,0,0,0,0,0,0,0,0,0,0,0,0,0,0,0,0,0,0,0,0,0,0.692308,0,0,0,0,0,0,0,0,0,0,0,0,0,0,0,0,0,0,0,0,0,0,0,0,0,0,0,0,0,0,0,0,0,0,0,0,0,0,0,0,0,0,0,0,0,0,0,0,0,1,0,0,0,0,0,0,0
170012,0.641026,0.4,0.692308,0.608432,0,0.909091,0.45,0,0.333333,0.714286,0.375,0,0.5,0,0.590909,1,0.2,0.5,0.8,0.25,0.5,1,0.545455,0,0,0,0,0.666667,0,0,0.0625,0,0,0.75,0.5,1,0,0.2,0,0,0,0.75,0,0.2,0.428571,0,0.5,0,0.666667,0,0.5,0,0,0,0,0.25,1,1,0,0,1,0,0,0,0,0,0,0,0,0,0,0,0,0,0,0,0,0,0,0,0,0,0,0,0,0,0,0,0,0,0,0,0,0,0,0,0,0,1,0,0.6,1,0,0,0.0769231,1,0,0,0,0,0,0,0,0,0,0,0,0,0,0,0,0,0,0,1,0,0,0,0,0,0,0,0,0,1,0,0,0,0,0,0,0,0,0,0,0,0,0,0,0,0,0,0,0,0,0,0,0,0,0,0,0
275196,0.641026,1,0.807692,0.668457,0,0.818182,0.65,0,0,0.666667,1,0,1,0,0.772727,0.25,0.6,0.666667,0,0.25,0.5,0.5,0.363636,0.333333,0,0,0,0.333333,0,1,0.4375,0.8,0,0,0,0.5,0,0.4,0,0,0,0.625,0,0.6,0.428571,1,0,0,0.333333,0,0,0,0,0,0,0,0,0,0,0,0,0,0,0,0,0,0,0,0,0,0,0,0,1,0,0,0,0,0,0,0,0,0,0,0,0,0,0,0,0,0,0,0,1,0,0,0,0,1,1,0,0,0,0,0,0.333333,0,0,0,0,1,0,1,0,0,0,0,0,0,0,0,0,0,0,0,0,1,0,0,0,0,0,1,0,0,0,1,0,0,0,0,0,0,0,0,0,0,0,0,0,0,0,0,0,0,0,0,0,0,0,0,0
290670,0.538462,0.8,0.538462,0.422569,0,0.272727,0.4,1,0,0.428571,0.75,0,0.333333,0,0.636364,0,0,0.833333,0,0.416667,0,0,0.272727,0.666667,0.2,0,0,0,0,0,0.1875,0,1,0,0,0,0,0,1,0,0,0.625,0.1,0,0.142857,0,0,0.6,0.333333,0,0,0,0.5,0.5,1,0,0,0,0,0,0,0,1,0,0,0,0,0,0,0,0,0,0,0,0,0,0,0,0,0,0,0,0,0,0,0,0,0,0,0,0,0,0,0,0,0,1,0,0,0,0,0,0,0,0.384615,0.333333,0,0,0,0,1,0,0,0,0,0,0,0,0,0,0,0,0,0,0,0,0,0,0,0,0,0,0,0,0,0,0,0,0,0,0,1,0,0,0,0,0,0,0,0,0,0,0,0,0,0,0,0,0,0,0,0
320930,0.435897,0.8,0.615385,0.807903,0,0.636364,0.45,0.25,0,0.52381,0.75,0,1,0,0.681818,0,0.2,0,0,0.333333,0,0.5,0.454545,0.666667,0.4,0,0,0,0,0.5,0.25,0.6,0.125,0,0,0,0,0.1,0,0,0,0.625,0,0.2,0.285714,0.666667,0,1,0,0,0,0,0,0,0,0,0,0,0,0,0,0,0,0,0,0,0,0,0,0,0,0,0,0,0,0,0,0,0,0,0,0,0,0,0,0,0,0,0,0,0,0,0,0,0,0,0,0,0,0,0,0,0,0,0.384615,0,0,0,0,0,0,1,0,0,0,0,0,0,0,0,0,0,0,0,0,0,0,0,0,0,0,0,1,0,0,1,0,0,0,1,0,0,0,0,0,0,0,0,0,0,0,0,0,0,0,0,0,0,0,0,0,0
439260,0.179487,0.2,0.230769,0.564504,0,0.272727,0.2,0,0.333333,0.238095,0.125,0,0.5,0,0.272727,0,0,0.166667,0.2,0.166667,0,0.5,0.272727,0.333333,0,0,0,0,0,0,0.0625,0.2,0,0,0,0,0,0,0,0,0,0.375,0,0,0,0.166667,0,0.4,0,0,0,0,0,0,0,0,0,0,0,0,0,0,0,0,0,0,0,0,0,0,0,0,0,0,0,0,0,0,0,0,0,0,0,0,0,1,0,0,0,0,0,0,0,0,0,0,0,0,0,0,0.2,0,0,0,0.230769,0,0,0,0,0,0,0,0,0,0,0,0,0,0,0,0,0,0,0,0,0,0,0,0,1,0,0,0,0,0,0,0,0,0,0,0,0,0,0,0,0,0,0,0,0,0,0,0,0,0,0,0,0,0,0,0,0
439517,0.358974,0.2,0.423077,0.580599,0,0.727273,0.2,0,0.333333,0.47619,0.125,0,0.5,0,0.409091,0.5,0,0.333333,0.2,0.25,1,0.5,0.363636,0.666667,0,0,0,0,0,0,0,0,0,0.5,0,0,0,0,0,0,1,0.5,0,0,0.285714,0.166667,0,0,0.333333,0,1,0,0,0,1,0,0,0,1,0,0,0,0,0,0,0,0,0,0,0,0,0,0,0,0,0,0,0,0,0,0,0,0,0,0,0,0,0,0,0,0,0,0,0,0,0,0,0,0,0,0.2,0,0,0,0.153846,0.666667,0,0,0,0,0,0,0,0,0,0,0,0,0,0,0,0,0,0,0,0,0,0,0,0,0,0,0,0,0,0,0,0,0,0,0,0,0,0,1,0,0,0,0,0,0,0,0,0,0,0,0,0,0,0,0,0
439551,0.512821,1,0.615385,0.567748,0,0.636364,0.3,1,0,0.52381,0.5,1,0.166667,0,0.681818,0,0.2,0.5,0,0.333333,0.5,0.5,0.272727,0,1,0,0,0,0,0,0.0625,0,1,0,0,0,0,0.1,0,1,0,0.5,0.1,0.2,0.571429,0.333333,0,0.2,0.333333,0,0,0,0,0.5,0,0,0,1,0,0,0,0,0,0,0,0,1,0,0,0,0,0,0,0,0,0,0,0,0,0,0,0,0,0,0,0,0,0,0,0,0,0,0,0,0,0,0.25,1,0,0,0,0,0,0,0.230769,0.666667,0,0,0,0,0,0,0,1,0,0,0,0,0,0,0,1,0,1,0,0,0,0,0,0,0,0,0,0,0,0,0,0,0,0,0,0,0,0,0,1,0,0,0,0,1,0,0,0,0,0,0,0,0,0,0,0
439625,0.641026,0.4,0.692308,0.608432,0,0.909091,0.45,0,0.333333,0.714286,0.375,0,0.5,0,0.590909,1,0.2,0.5,0.8,0.25,0.5,1,0.545455,0,0,0,0,0.666667,0,0,0.0625,0,0,0.75,0.5,1,0,0.2,0,0,0,0.75,0,0.2,0.428571,0,0.5,0,0.666667,0,0.5,0,0,0,0,0.25,1,1,0,0,1,0,0,0,0,0,0,0,0,0,0,0,0,0,0,0,0,0,0,0,0,0,0,0,0,0,0,0,0,0,0,0,0,0,0,0,0,0,1,0,0.6,1,0,0,0.0769231,1,0,0,0,0,0,0,0,0,0,0,0,0,0,0,0,0,0,0,1,0,0,0,0,0,0,0,0,0,1,0,0,0,0,0,0,0,0,0,0,0,0,0,0,0,0,0,0,0,0,0,0,0,0,0,0,0
439693,0.358974,0.6,0.538462,0.636822,0,0.727273,0.35,0,0,0.52381,0.5,0,0.5,0,0.409091,1,0.2,0.166667,0,0.166667,0,0,0.272727,0,0,1,1,0.333333,0,0,0.125,0.2,0,0.5,0,1,0,0.2,0,0,0,0.375,0.2,0.2,0.285714,0.333333,0.75,0,0,0.5,0.5,0,0,0,0,0,0,0,0,0,0,0,0,0,0,0,0,0,0,0,0,0,0,0,0,0,0,0,0,0,0,0,0,0,0,0,0,0,0,0,0,0,0,0,0,0,0,0,0,0,0,0,0,0,0.230769,0,0,0,0,0,0,0,1,0,0,0,0,0,0,0,0,0,0,1,0,0,0,0,0,0,0,0,0,0,0,0,0,0,0,0,0,0,0,0,0,0,0,0,0,0,0,0,0,0,0,0,0,0,0,0,0,0
440473,0.230769,0.2,0.269231,0.775431,0,0.363636,0.2,0,0.333333,0.285714,0.125,0,0.333333,0,0.272727,0.25,0,0.166667,0.2,0.25,0,0.5,0.181818,0.333333,0,0,0,1,0,0,0.0625,0,0,0,0,0,0,0,0,0,0,0.375,0,0,0.142857,0,0.25,0.2,0.333333,0,0,0,0,0,0,0,0,0,1,0,0,0,0,0,0,0,0,0,0,0,0,0,0,0,0,0,0,0,0,0,0,0,0,0,0,0,0,0,0,0,0,0,0,0,0,0,0,0,0,0,0.2,0,0,0,0.153846,0.666667,0,0,0,0,0,0,0,0,0,0,0,0,0,0,0,0,0,0,0,0,0,0,1,0,0,0,0,0,0,0,0,0,0,0,0,0,0,0,0,0,0,0,0,0,0,0,0,0,0,0,0,0,0,0,0,0
440936,0.358974,0.4,0.461538,0.663542,0,0.545455,0.35,0,0,0.52381,0.25,0,0.5,0,0.454545,0,0.4,0.166667,0,0.333333,0.5,0.5,0.181818,0.666667,0,0,0,0,0,0,0.25,0,0,0,0,0,0,0.4,0,0,0,0.625,0.3,0.4,0,0.166667,0,0.2,0,0.5,0,0,0,0,0,0,0,0,0,0,0,0,0,0,0,0,0,0,0,0,0,0,0,0,0,0,0,0,0,0,0,0,0,0,0,0,0,0,0,0,0,0,0,0,0,0,0,0,0,0,0,0,0,0,0.384615,0,0,0,0,0,0,0,0,0,0,0,0,0,0,0,0,0,0,0,0,0,0,0,0,0,0,0,0,0,0,0,0,0,0,0,0,0,0,0,1,0,0,0,0,0,0,0,0,0,1,0,0,0,0,0,0,0
441184,1,0.8,1,0.579927,0,0.636364,1,0,0,1,0.75,0,0.166667,0,0.909091,0.25,1,0.666667,0,1,0,0,0.0909091,0.333333,0,0,0,0,0,0,1,0,0,0.5,0,0,0,1,0,0,0,0.875,1,1,0,0,0,0,0,1,0.5,0,0.5,0,1,0,0,0,0,0,0,0,0,0,0,0,0,0,0,0,0,0,0,0,0,0,0,0,0,0,0,0,0,0,0,0,0,0,0,0,0,0,0,0,0,0,0.25,0,0,0,0,0,0,0,1,0,0,0,0,0,0,0,0,0,0,0,0,0,0,0,0,0,0,0,0,0,0,0,0,0,0,1,0,0,0,0,0,0,0,0,0,0,0,0,0,0,1,0,0,0,0,1,0,0,0,0,0,0,0,0,1,0
441306,0.717949,0.6,0.769231,0.347327,0,0.818182,0.55,0.25,0.333333,0.714286,0.625,0,0.166667,0,0.681818,0.25,0.8,0.833333,0.8,0.166667,0.5,0,0.272727,0.333333,0.2,0,0,0,0,0.5,0.4375,0,0.125,0.25,0,0,0,0.7,0,0,0,0.75,0.2,0.8,0.428571,0,0,0,0,0,0,0,0,0,0,0.5,0,0,0,0,0,0,0,0,0,0,0,0,0,0,0,0,0,0,0,1,1,1,1,0,0,0,0,0,0,0,0,0,0,0,0,0,0,0,0,0,0.5,0,1,0,0.6,0,0,0,0.230769,0,0,0,0,0,0,0,0,0,0,0,0,0,0,0,0,0,0,0,0,0,0,0,0,0,0,0,0,1,0,0,0,0,0,0,0,0,0,0,0,0,0,0,0,0,0,0,1,0,0,0,0,0,0,1,0,0
441462,0.692308,0.6,0.807692,0.657541,0,0.909091,0.6,0,0,0.857143,0.5,0,0.5,0,0.772727,0,0.8,0.333333,0.2,0.5,1,1,0.181818,0.333333,0,0,0,0,0,0.5,0.5625,0,0,0,0,0,0,0.7,0,0,0,1,0.6,0.8,0.142857,0.166667,0,0,0,0.5,0,0,0,0,0,0,0,0,0,1,0,0,0,0,0,0,0,0,0,0,0,0,0,0,0,0,0,0,0,0,0,0,0,0,0,0,0,0,0,0,0,0,0,0,0,0,0,0,0,0,0,0,1,0,0.538462,0,0,0,0,0,0,0,0,0,0,0,0,0,0,0,0,0,0,0,0,0,0,0,0,0,0,0,0,0,0,0,0,0,0,0,0,0,1,1,0,0,0,0,0,0,0,0,0,0,1,0,0,0,0,0,0,0
442070,0.538462,0.8,0.538462,0.422569,0,0.272727,0.4,1,0,0.428571,0.75,0,0.333333,0,0.636364,0,0,0.833333,0,0.416667,0,0,0.272727,0.666667,0.2,0,0,0,0,0,0.1875,0,1,0,0,0,0,0,1,0,0,0.625,0.1,0,0.142857,0,0,0.6,0.333333,0,0,0,0.5,0.5,1,0,0,0,0,0,0,0,1,0,0,0,0,0,0,0,0,0,0,0,0,0,0,0,0,0,0,0,0,0,0,0,0,0,0,0,0,0,0,0,0,0,1,0,0,0,0,0,0,0,0.384615,0.333333,0,0,0,0,1,0,0,0,0,0,0,0,0,0,0,0,0,0,0,0,0,0,0,0,0,0,0,0,0,0,0,0,0,0,0,1,0,0,0,0,0,0,0,0,0,0,0,0,0,0,0,0,0,0,0,0
442514,0.435897,0.8,0.615385,0.807903,0,0.636364,0.45,0.25,0,0.52381,0.75,0,1,0,0.681818,0,0.2,0,0,0.333333,0,0.5,0.454545,0.666667,0.4,0,0,0,0,0.5,0.25,0.6,0.125,0,0,0,0,0.1,0,0,0,0.625,0,0.2,0.285714,0.666667,0,1,0,0,0,0,0,0,0,0,0,0,0,0,0,0,0,0,0,0,0,0,0,0,0,0,0,0,0,0,0,0,0,0,0,0,0,0,0,0,0,0,0,0,0,0,0,0,0,0,0,0,0,0,0,0,0,0,0.384615,0,0,0,0,0,0,1,0,0,0,0,0,0,0,0,0,0,0,0,0,0,0,0,0,0,0,0,1,0,0,1,0,0,0,1,0,0,0,0,0,0,0,0,0,0,0,0,0,0,0,0,0,0,0,0,0,0
444254,1,0.8,1,0.579927,0,0.636364,1,0,0,1,0.75,0,0.166667,0,0.909091,0.25,1,0.666667,0,1,0,0,0.0909091,0.333333,0,0,0,0,0,0,1,0,0,0.5,0,0,0,1,0,0,0,0.875,1,1,0,0,0,0,0,1,0.5,0,0.5,0,1,0,0,0,0,0,0,0,0,0,0,0,0,0,0,0,0,0,0,0,0,0,0,0,0,0,0,0,0,0,0,0,0,0,0,0,0,0,0,0,0,0,0.25,0,0,0,0,0,0,0,1,0,0,0,0,0,0,0,0,0,0,0,0,0,0,0,0,0,0,0,0,0,0,0,0,0,0,1,0,0,0,0,0,0,0,0,0,0,0,0,0,0,1,0,0,0,0,1,0,0,0,0,0,0,0,0,1,0
445421,1,0.8,1,0.579927,0,0.636364,1,0,0,1,0.75,0,0.166667,0,0.909091,0.25,1,0.666667,0,1,0,0,0.0909091,0.333333,0,0,0,0,0,0,1,0,0,0.5,0,0,0,1,0,0,0,0.875,1,1,0,0,0,0,0,1,0.5,0,0.5,0,1,0,0,0,0,0,0,0,0,0,0,0,0,0,0,0,0,0,0,0,0,0,0,0,0,0,0,0,0,0,0,0,0,0,0,0,0,0,0,0,0,0,0.25,0,0,0,0,0,0,0,1,0,0,0,0,0,0,0,0,0,0,0,0,0,0,0,0,0,0,0,0,0,0,0,0,0,0,1,0,0,0,0,0,0,0,0,0,0,0,0,0,0,1,0,0,0,0,1,0,0,0,0,0,0,0,0,1,0
460129,0.179487,0,0.153846,0.97539,0,0.272727,0.1,0,0.666667,0.142857,0,0,0,0,0.136364,0,0.2,0.166667,0.6,0.166667,0,0,0.181818,0,0,0,0,0,0,0.5,0,0,0,0,0,0,0,0.1,0,0,0,0,0,0.2,0.142857,0,0,0,0.333333,0,0,0,0,0,0,0,0,0,1,0,0,0,0,0,0,0,0,0,0,0,0,0,0,0,0,0,0,0,0,0,0,0,0,0,0,0,0,0,0,0,0,1,0,0,0,0,0,0,0,0,0.2,0,0,1,0.0769231,0.666667,0,0,0,0,0,0,0,0,0,0,0,0,0,0,0,0,0,0,0,0,0,0,0,0,0,0,0,0,0,0,0,0,0,0,0,0,0,0,0,0,0,0,0,0,0,0,0,0,0,0,0,0,0,0,0,0
472202,0.358974,0.6,0.538462,0.636822,0,0.727273,0.35,0,0,0.52381,0.5,0,0.5,0,0.409091,1,0.2,0.166667,0,0.166667,0,0,0.272727,0,0,1,1,0.333333,0,0,0.125,0.2,0,0.5,0,1,0,0.2,0,0,0,0.375,0.2,0.2,0.285714,0.333333,0.75,0,0,0.5,0.5,0,0,0,0,0,0,0,0,0,0,0,0,0,0,0,0,0,0,0,0,0,0,0,0,0,0,0,0,0,0,0,0,0,0,0,0,0,0,0,0,0,0,0,0,0,0,0,0,0,0,0,0,0,0.230769,0,0,0,0,0,0,0,1,0,0,0,0,0,0,0,0,0,0,1,0,0,0,0,0,0,0,0,0,0,0,0,0,0,0,0,0,0,0,0,0,0,0,0,0,0,0,0,0,0,0,0,0,0,0,0,0,0
493570,0.564103,0.6,0.653846,0.716981,0,0.545455,0.6,0,0.333333,0.571429,0.625,0,0.833333,0,0.590909,1,0,0.5,0,0.416667,0,0,0.272727,0.666667,0,0,0,0.333333,0,0,0.3125,0.2,0,1,1,1,0,0,0,0,0,0.25,0.2,0,0.142857,0.666667,0.75,0,0.666667,0,0.5,0.5,0,1,0,0,0,0,0,0,0,0,0,0,0,0,0,0,0,0,0,0,0,0,0,0,0,0,0,0,0,0,0,0,0,0,0,0,0,0,0,0,0,0,0,0,0.5,0,0,0,0,0,0,0,0.307692,0.666667,0,0,0,0,0,0,0,0,0,0,0,0,0,0,0,0,0,0,0,1,0,0,0,0,0,0,0,0,0,1,0,1,0,0,0,0,0,0,0,0,0,0,0,0,0,0,0,0,0,0,0,0,0,0,0,0
656495,0.692308,0.6,0.807692,0.657541,0,0.909091,0.6,0,0,0.857143,0.5,0,0.5,0,0.772727,0,0.8,0.333333,0.2,0.5,1,1,0.181818,0.333333,0,0,0,0,0,0.5,0.5625,0,0,0,0,0,0,0.7,0,0,0,1,0.6,0.8,0.142857,0.166667,0,0,0,0.5,0,0,0,0,0,0,0,0,0,1,0,0,0,0,0,0,0,0,0,0,0,0,0,0,0,0,0,0,0,0,0,0,0,0,0,0,0,0,0,0,0,0,0,0,0,0,0,0,0,0,0,0,1,0,0.538462,0,0,0,0,0,0,0,0,0,0,0,0,0,0,0,0,0,0,0,0,0,0,0,0,0,0,0,0,0,0,0,0,0,0,0,0,0,1,1,0,0,0,0,0,0,0,0,0,0,1,0,0,0,0,0,0,0
656516,0.692308,0.6,0.807692,0.657541,0,0.909091,0.6,0,0,0.857143,0.5,0,0.5,0,0.772727,0,0.8,0.333333,0.2,0.5,1,1,0.181818,0.333333,0,0,0,0,0,0.5,0.5625,0,0,0,0,0,0,0.7,0,0,0,1,0.6,0.8,0.142857,0.166667,0,0,0,0.5,0,0,0,0,0,0,0,0,0,1,0,0,0,0,0,0,0,0,0,0,0,0,0,0,0,0,0,0,0,0,0,0,0,0,0,0,0,0,0,0,0,0,0,0,0,0,0,0,0,0,0,0,1,0,0.538462,0,0,0,0,0,0,0,0,0,0,0,0,0,0,0,0,0,0,0,0,0,0,0,0,0,0,0,0,0,0,0,0,0,0,0,0,0,1,1,0,0,0,0,0,0,0,0,0,0,1,0,0,0,0,0,0,0
4103928,0.538462,0.6,0.615385,0.529026,0,0.727273,0.35,0.5,0,0.619048,0.5,0,0.166667,0,0.590909,0.25,0.4,0.666667,0,0.333333,1,0,0.363636,0.333333,0,0,0,0,1,0.5,0.1875,0,0.25,0,0,0,1,0.3,0,0,0,0.375,0,0.4,0.714286,0.166667,0,0,0.666667,0,0,0,0.5,0,0,0,0,0,0,0,0,0,0,1,1,1,0,0,0,0,0,0,0,0,0,0,0,0,0,0,0,0,0,0,0,0,0,0,0,0,0,0,0,0,0,0,0.5,0,0,0,0,0,0,0,0.153846,0.666667,1,0,0,1,0,0,0,0,0,0,0,0,0,0,0,1,0,0,0,0,0,0,0,0,0,0,0,0,0,0,0,0,0,0,0,0,0,0,0,0,0,0,0,0,0,0,0,0,0,0,0,0,0,0,0,0
4432690,1,0.8,1,0.579927,0,0.636364,1,0,0,1,0.75,0,0.166667,0,0.909091,0.25,1,0.666667,0,1,0,0,0.0909091,0.333333,0,0,0,0,0,0,1,0,0,0.5,0,0,0,1,0,0,0,0.875,1,1,0,0,0,0,0,1,0.5,0,0.5,0,1,0,0,0,0,0,0,0,0,0,0,0,0,0,0,0,0,0,0,0,0,0,0,0,0,0,0,0,0,0,0,0,0,0,0,0,0,0,0,0,0,0,0.25,0,0,0,0,0,0,0,1,0,0,0,0,0,0,0,0,0,0,0,0,0,0,0,0,0,0,0,0,0,0,0,0,0,0,1,0,0,0,0,0,0,0,0,0,0,0,0,0,0,1,0,0,0,0,1,0,0,0,0,0,0,0,0,1,0
5281734,0.538462,0.6,0.615385,0.529026,0,0.727273,0.35,0.5,0,0.619048,0.5,0,0.166667,0,0.590909,0.25,0.4,0.666667,0,0.333333,1,0,0.363636,0.333333,0,0,0,0,1,0.5,0.1875,0,0.25,0,0,0,1,0.3,0,0,0,0.375,0,0.4,0.714286,0.166667,0,0,0.666667,0,0,0,0.5,0,0,0,0,0,0,0,0,0,0,1,1,1,0,0,0,0,0,0,0,0,0,0,0,0,0,0,0,0,0,0,0,0,0,0,0,0,0,0,0,0,0,0,0.5,0,0,0,0,0,0,0,0.153846,0.666667,1,0,0,1,0,0,0,0,0,0,0,0,0,0,0,1,0,0,0,0,0,0,0,0,0,0,0,0,0,0,0,0,0,0,0,0,0,0,0,0,0,0,0,0,0,0,0,0,0,0,0,0,0,0,0,0
5288559,0.153846,0.2,0.230769,0.583382,0,0.454545,0.1,0,0.333333,0.238095,0.125,0,0.333333,0,0.181818,0.5,0,0.166667,0.2,0.0833333,0,0,0.181818,0.333333,0,1,0.5,0,0,0,0,0,0,0.25,0,0,0,0,0,0,0,0.25,0,0,0.142857,0.166667,0,0,0,0,0.5,0,0,0,0,0,0,0,1,0,0,0,0,0,0,0,0,0,0,0,0,0,0,0,0,0,0,0,0,0,0,0,0,0,0,0,0,0,0,0,0,0,1,0,0,0,0,0,0,0,0.2,0,0,0,0.0769231,0.333333,0,0,0,0,0,0,0,0,0,0,0,0,1,0,0,0,0,0,0,0,0,0,0,0,0,0,0,0,0,0,0,0,0,0,0,0,0,0,0,0,0,0,0,0,0,0,0,0,0,0,0,0,0,0,0,0
5352011,0.641026,0.4,0.692308,0.608432,0,0.909091,0.45,0,0.333333,0.714286,0.375,0,0.5,0,0.590909,1,0.2,0.5,0.8,0.25,0.5,1,0.545455,0,0,0,0,0.666667,0,0,0.0625,0,0,0.75,0.5,1,0,0.2,0,0,0,0.75,0,0.2,0.428571,0,0.5,0,0.666667,0,0.5,0,0,0,0,0.25,1,1,0,0,1,0,0,0,0,0,0,0,0,0,0,0,0,0,0,0,0,0,0,0,0,0,0,0,0,0,0,0,0,0,0,0,0,0,0,0,0,0,1,0,0.6,1,0,0,0.0769231,1,0,0,0,0,0,0,0,0,0,0,0,0,0,0,0,0,0,0,1,0,0,0,0,0,0,0,0,0,1,0,0,0,0,0,0,0,0,0,0,0,0,0,0,0,0,0,0,0,0,0,0,0,0,0,0,0
5459896,0.307692,0.2,0.307692,0.631964,0,0.363636,0.25,0,0.333333,0.333333,0.125,0,0,0,0.227273,0.25,0.4,0.333333,0.2,0.333333,0,0,0,0,0,0.5,0,0,0,0.5,0.25,0,0,0,0,0,0,0.3,0,0,0,0.125,0.3,0.4,0.142857,0,0,0,0,0.5,0,0,0,0,0,0,0,0,0,0,0,0,0,0,0,0,0,0,0,0,0,0,1,0,0,0,0,0,0,0,0,0,0,0,0,0,0,0,0,0,0,0,0,0,0,0,0,0,1,0,0,0,0,0,0.307692,0,1,0,0,0,0,0,0,0,0,0,0,0,0,0,0,0,0,0,0,0,0,0,0,0,0,0,0,0,0,0,0,0,0,0,0,0,0,0,0,0,0,0,0,0,0,0,0,0,1,0,0,0,0,0,0,0
5486971,0.153846,0,0.0769231,0.174235,0,0.181818,0.05,0,0.666667,0.047619,0,0,0,0,0.0909091,0,0,0.833333,0.2,0.0833333,0,0,0.181818,0,0,0,0,0,0,0,0,0,0,0,0,0,0,0,0,0,0,0,0,0,0,0,0,0,0,0,0,0,0,0,0,0,0,0,0,0,0,0,0,0,0,0,0,0,0,1,0,0,0,0,1,0,0,0,0,0,0,0,0,0,0,0,0,0,0,1,0,0,0,0,0,0,0.5,0,0,0,0.2,0,0,0,0.0769231,0.333333,0,0,0,0,0,0,0,0,0,0,0,0,0,0,0,0,0,0,0,0,0,0,0,0,0,0,0,0,0,0,0,0,0,0,0,0,0,0,0,0,0,0,0,0,0,0,0,0,0,0,0,0,0,0,0,0
5748487,0.230769,0,0.192308,0.298978,0,0.272727,0.1,0.25,0.666667,0.190476,0,0,0,0,0.181818,0.25,0,0.666667,0,0.25,0.5,0,0,0,0,0.5,0,0,0,0,0.0625,0,0.125,0.25,0,0,0,0,0,0,0,0,0.1,0,0.142857,0,0,0,0.333333,0,0.5,0,0,0,0,0,0,0,0,0,0,0,0,0,0,0,0,0,0,0,1,1,0,0,0,0,0,0,0,0,0,0,0,0,0,0,0,0,0,0,0,0,0,0,0,0,0.5,0,0,0,0,0,0,0,0.230769,0.333333,0,0,0,0,0,0,0,0,0,0,0,0,0,0,0,0,0,0,0,0,0,0,0,0,0,0,0,0,0,0,0,0,0,0,0,0,0,0,0,0,0,0,0,0,0,0,0,0,0,0,0,0,0,0,0,0
6321404,0.307692,0.2,0.307692,0.631964,0,0.363636,0.25,0,0.333333,0.333333,0.125,0,0,0,0.227273,0.25,0.4,0.333333,0.2,0.333333,0,0,0,0,0,0.5,0,0,0,0.5,0.25,0,0,0,0,0,0,0.3,0,0,0,0.125,0.3,0.4,0.142857,0,0,0,0,0.5,0,0,0,0,0,0,0,0,0,0,0,0,0,0,0,0,0,0,0,0,0,0,1,0,0,0,0,0,0,0,0,0,0,0,0,0,0,0,0,0,0,0,0,0,0,0,0,0,1,0,0,0,0,0,0.307692,0,1,0,0,0,0,0,0,0,0,0,0,0,0,0,0,0,0,0,0,0,0,0,0,0,0,0,0,0,0,0,0,0,0,0,0,0,0,0,0,0,0,0,0,0,0,0,0,0,1,0,0,0,0,0,0,0
6325365,0.692308,0.6,0.807692,0.657541,0,0.909091,0.6,0,0,0.857143,0.5,0,0.5,0,0.772727,0,0.8,0.333333,0.2,0.5,1,1,0.181818,0.333333,0,0,0,0,0,0.5,0.5625,0,0,0,0,0,0,0.7,0,0,0,1,0.6,0.8,0.142857,0.166667,0,0,0,0.5,0,0,0,0,0,0,0,0,0,1,0,0,0,0,0,0,0,0,0,0,0,0,0,0,0,0,0,0,0,0,0,0,0,0,0,0,0,0,0,0,0,0,0,0,0,0,0,0,0,0,0,0,1,0,0.538462,0,0,0,0,0,0,0,0,0,0,0,0,0,0,0,0,0,0,0,0,0,0,0,0,0,0,0,0,0,0,0,0,0,0,0,0,0,1,1,0,0,0,0,0,0,0,0,0,0,1,0,0,0,0,0,0,0
6420052,0.358974,0.6,0.5,0.797349,0,0.545455,0.4,0,0,0.47619,0.5,0,0.666667,0,0.363636,1,0.2,0.166667,0.2,0.166667,0,0,0,0,0,0.5,1,0.333333,0,0,0.25,0.2,0,0.5,0.5,1,0,0.2,0,0,0,0.375,0.2,0.2,0,0.333333,1,0,0,0.5,0,0,0,0,0,0,1,0,0,0,0,0,0,0,0,0,0,0,0,0,0,0,0,0,0,0,0,0,0,0,0,0,0,0,0,0,0,0,0,0,0,0,0,0,0,0,0,0,0,0,0.2,0,0,0,0.230769,0,0,0,0,0,0,0,1,0,0,0,0,0,0,0,0,0,1,0,0,0,0,0,0,0,0,0,0,0,0,0,0,0,0,0,1,0,0,0,0,0,0,0,0,0,0,0,0,0,0,0,0,0,0,0,0,0
6426645,0.769231,0.8,0.730769,0.938027,0,0.181818,0.9,0,0,0.666667,0.75,0,1,0,0.818182,0,0.2,0.5,0,0.916667,0,0,0.0909091,0.333333,0,0,0,0,0,0,0.875,1,0,0,0,0,0,0.2,0,0,0,0.25,0.3,0.2,0,0.833333,0,0.8,0.666667,0.5,0,0,0,0.5,0,0,0,0,0,0,0,1,0,0,0,0,0,0,0,0,0,0,0,0,0,0,0,0,0,0,0,0,0,0,0,0,0,0,0,0,0,0,0,0,0,0,0.25,0,0,0,0,0,0,0,0.692308,1,0,0,0,0,0,0,0,0,0,0,0,0,0,0,0,0,0,0,0,1,0,1,0,0,0,0,0,0,0,0,0,0,1,0,0,0,0,0,0,0,0,0,0,0,0,0,0,0,1,0,0,0,0,0,0,0
6433648,0.538462,0.6,0.615385,0.529026,0,0.727273,0.35,0.5,0,0.619048,0.5,0,0.166667,0,0.590909,0.25,0.4,0.666667,0,0.333333,1,0,0.363636,0.333333,0,0,0,0,1,0.5,0.1875,0,0.25,0,0,0,1,0.3,0,0,0,0.375,0,0.4,0.714286,0.166667,0,0,0.666667,0,0,0,0.5,0,0,0,0,0,0,0,0,0,0,1,1,1,0,0,0,0,0,0,0,0,0,0,0,0,0,0,0,0,0,0,0,0,0,0,0,0,0,0,0,0,0,0,0.5,0,0,0,0,0,0,0,0.153846,0.666667,1,0,0,1,0,0,0,0,0,0,0,0,0,0,0,1,0,0,0,0,0,0,0,0,0,0,0,0,0,0,0,0,0,0,0,0,0,0,0,0,0,0,0,0,0,0,0,0,0,0,0,0,0,0,0,0
6604642,0.769231,0.8,0.730769,0.938027,0,0.181818,0.9,0,0,0.666667,0.75,0,1,0,0.818182,0,0.2,0.5,0,0.916667,0,0,0.0909091,0.333333,0,0,0,0,0,0,0.875,1,0,0,0,0,0,0.2,0,0,0,0.25,0.3,0.2,0,0.833333,0,0.8,0.666667,0.5,0,0,0,0.5,0,0,0,0,0,0,0,1,0,0,0,0,0,0,0,0,0,0,0,0,0,0,0,0,0,0,0,0,0,0,0,0,0,0,0,0,0,0,0,0,0,0,0.25,0,0,0,0,0,0,0,0.692308,1,0,0,0,0,0,0,0,0,0,0,0,0,0,0,0,0,0,0,0,1,0,1,0,0,0,0,0,0,0,0,0,0,1,0,0,0,0,0,0,0,0,0,0,0,0,0,0,0,1,0,0,0,0,0,0,0
6921840,0.179487,0.2,0.230769,0.502666,0,0.272727,0.2,0,0.333333,0.238095,0.125,0,0.5,0,0.272727,0,0,0.166667,0.2,0.166667,0,0.5,0.272727,0.333333,0,0,0,0,0,0,0.0625,0.2,0,0,0,0,0,0,0,0,0,0.375,0,0,0,0.166667,0,0.4,0,0,0,0,0,0,0,0,0,0,0,0,0,0,0,0,0,0,0,0,0,0,0,0,0,0,0,0,0,0,0,0,0,0,0,0,0,0,0,0,0,0,0,0,0,0,1,0,0,0,0,0,0.2,0,0,0,0.230769,0,0,0,0,0,0,0,0,0,0,0,0,0,0,0,0,0,0,0,0,0,0,0,0,1,0,0,0,0,0,0,0,0,0,0,0,0,0,0,0,0,0,0,0,0,0,0,0,0,0,0,0,0,0,0,0,0
6971009,0.153846,0.2,0.230769,0.658532,0,0.454545,0.1,0,0.333333,0.238095,0.125,0,0.333333,0,0.181818,0.5,0,0.166667,0.2,0.0833333,0,0,0.181818,0.333333,0,1,0.5,0,0,0,0,0,0,0.25,0,0,0,0,0,0,0,0.25,0,0,0.142857,0.166667,0.25,0,0,0,0.5,0,0,0,0,0,0,0,0,0,0,0,0,0,0,0,0,0,0,0,0,0,0,0,0,0,0,0,0,0,0,0,0,0,0,0,0,0,0,0,0,0,0,0,0,1,0,0,0,0,0.2,0,0,0,0.0769231,0.333333,0,0,0,0,0,0,0,0,1,0,0,0,0,0,0,0,0,0,0,0,0,0,0,0,0,0,0,0,0,0,0,0,0,0,0,0,0,0,0,0,0,0,0,0,0,0,0,0,0,0,0,0,0,0,0,0
6971047,0.0769231,0.2,0.153846,0.428172,0,0.363636,0.05,0,0,0.238095,0,0,0,0,0.136364,0.25,0,0.166667,0,0.0833333,1,0,0.0909091,0,0,0.5,0,0,0,0,0,0,0,0.25,0,0,0,0,0,0,0,0,0,0,0.428571,0,0,0,0,0,0,0,0,0,0,0,0,0,0,0,0,0,0,0,0,0,0,0,0,0,0,0,0,0,0,0,0,0,0,0,0,0,0,0,1,0,0,0,0,0,1,0,0,0,0,0,0,0,0,0,0,0,0,0,0.0769231,0.333333,0,0,1,0,0,0,0,0,0,0,0,0,0,0,0,0,0,0,0,0,0,0,0,0,0,0,0,0,0,0,0,0,0,0,0,0,0,0,0,0,0,0,0,0,0,0,0,0,0,0,0,0,0,0,0,0
9572792,0.307692,0.2,0.307692,0.631964,0,0.363636,0.25,0,0.333333,0.333333,0.125,0,0,0,0.227273,0.25,0.4,0.333333,0.2,0.333333,0,0,0,0,0,0.5,0,0,0,0.5,0.25,0,0,0,0,0,0,0.3,0,0,0,0.125,0.3,0.4,0.142857,0,0,0,0,0.5,0,0,0,0,0,0,0,0,0,0,0,0,0,0,0,0,0,0,0,0,0,0,1,0,0,0,0,0,0,0,0,0,0,0,0,0,0,0,0,0,0,0,0,0,0,0,0,0,1,0,0,0,0,0,0.307692,0,1,0,0,0,0,0,0,0,0,0,0,0,0,0,0,0,0,0,0,0,0,0,0,0,0,0,0,0,0,0,0,0,0,0,0,0,0,0,0,0,0,0,0,0,0,0,0,0,1,0,0,0,0,0,0,0
9807916,0.769231,0.8,0.730769,0.938027,0,0.181818,0.9,0,0,0.666667,0.75,0,1,0,0.818182,0,0.2,0.5,0,0.916667,0,0,0.0909091,0.333333,0,0,0,0,0,0,0.875,1,0,0,0,0,0,0.2,0,0,0,0.25,0.3,0.2,0,0.833333,0,0.8,0.666667,0.5,0,0,0,0.5,0,0,0,0,0,0,0,1,0,0,0,0,0,0,0,0,0,0,0,0,0,0,0,0,0,0,0,0,0,0,0,0,0,0,0,0,0,0,0,0,0,0,0.25,0,0,0,0,0,0,0,0.692308,1,0,0,0,0,0,0,0,0,0,0,0,0,0,0,0,0,0,0,0,1,0,1,0,0,0,0,0,0,0,0,0,0,1,0,0,0,0,0,0,0,0,0,0,0,0,0,0,0,1,0,0,0,0,0,0,0
10255083,0.769231,0.8,0.730769,0.938027,0,0.181818,0.9,0,0,0.666667,0.75,0,1,0,0.818182,0,0.2,0.5,0,0.916667,0,0,0.0909091,0.333333,0,0,0,0,0,0,0.875,1,0,0,0,0,0,0.2,0,0,0,0.25,0.3,0.2,0,0.833333,0,0.8,0.666667,0.5,0,0,0,0.5,0,0,0,0,0,0,0,1,0,0,0,0,0,0,0,0,0,0,0,0,0,0,0,0,0,0,0,0,0,0,0,0,0,0,0,0,0,0,0,0,0,0,0.25,0,0,0,0,0,0,0,0.692308,1,0,0,0,0,0,0,0,0,0,0,0,0,0,0,0,0,0,0,0,1,0,1,0,0,0,0,0,0,0,0,0,0,1,0,0,0,0,0,0,0,0,0,0,0,0,0,0,0,1,0,0,0,0,0,0,0
12358851,0.307692,0.4,0.384615,0.740361,0,0.363636,0.35,0,0,0.428571,0.25,0,0.333333,0,0.318182,0.5,0.2,0.166667,0.2,0.25,0,0.5,0.0909091,0,0,0,0,0.333333,0,0,0.1875,0,0,0.25,0.5,1,0,0.2,0,0,0,0.375,0.2,0.2,0,0,0.5,0,0.333333,0.5,0,0,0,0,0,0,1,0,0,0,0,0,0,0,0,0,0,0,0,0,0,0,0,0,0,0,0,0,0,0,0,0,0,0,0,0,0,0,0,0,0,0,0,0,0,0,0,0,0,0,0.2,0,0,0,0.230769,0.333333,0,0,0,0,0,0,0,0,0,0,0,0,0,0,0,0,1,0,0,0,0,0,0,0,0,0,0,0,1,0,0,0,0,0,0,0,0,0,0,0,0,0,0,0,0,0,0,0,0,0,0,0,0,0,0,0
15559608,0.435897,0.8,0.615385,0.807903,0,0.636364,0.45,0.25,0,0.52381,0.75,0,1,0,0.681818,0,0.2,0,0,0.333333,0,0.5,0.454545,0.666667,0.4,0,0,0,0,0.5,0.25,0.6,0.125,0,0,0,0,0.1,0,0,0,0.625,0,0.2,0.285714,0.666667,0,1,0,0,0,0,0,0,0,0,0,0,0,0,0,0,0,0,0,0,0,0,0,0,0,0,0,0,0,0,0,0,0,0,0,0,0,0,0,0,0,0,0,0,0,0,0,0,0,0,0,0,0,0,0,0,0,0,0.384615,0,0,0,0,0,0,1,0,0,0,0,0,0,0,0,0,0,0,0,0,0,0,0,0,0,0,0,1,0,0,1,0,0,0,1,0,0,0,0,0,0,0,0,0,0,0,0,0,0,0,0,0,0,0,0,0,0
15559782,0.538462,0.6,0.615385,0.529026,0,0.727273,0.35,0.5,0,0.619048,0.5,0,0.166667,0,0.590909,0.25,0.4,0.666667,0,0.333333,1,0,0.363636,0.333333,0,0,0,0,1,0.5,0.1875,0,0.25,0,0,0,1,0.3,0,0,0,0.375,0,0.4,0.714286,0.166667,0,0,0.666667,0,0,0,0.5,0,0,0,0,0,0,0,0,0,0,1,1,1,0,0,0,0,0,0,0,0,0,0,0,0,0,0,0,0,0,0,0,0,0,0,0,0,0,0,0,0,0,0,0.5,0,0,0,0,0,0,0,0.153846,0.666667,1,0,0,1,0,0,0,0,0,0,0,0,0,0,0,1,0,0,0,0,0,0,0,0,0,0,0,0,0,0,0,0,0,0,0,0,0,0,0,0,0,0,0,0,0,0,0,0,0,0,0,0,0,0,0,0
16760122,0.538462,0.8,0.538462,0.422569,0,0.272727,0.4,1,0,0.428571,0.75,0,0.333333,0,0.636364,0,0,0.833333,0,0.416667,0,0,0.272727,0.666667,0.2,0,0,0,0,0,0.1875,0,1,0,0,0,0,0,1,0,0,0.625,0.1,0,0.142857,0,0,0.6,0.333333,0,0,0,0.5,0.5,1,0,0,0,0,0,0,0,1,0,0,0,0,0,0,0,0,0,0,0,0,0,0,0,0,0,0,0,0,0,0,0,0,0,0,0,0,0,0,0,0,0,1,0,0,0,0,0,0,0,0.384615,0.333333,0,0,0,0,1,0,0,0,0,0,0,0,0,0,0,0,0,0,0,0,0,0,0,0,0,0,0,0,0,0,0,0,0,0,0,1,0,0,0,0,0,0,0,0,0,0,0,0,0,0,0,0,0,0,0,0
20112027,0.461538,0.2,0.346154,0.651735,0,0.363636,0.3,0,1,0.190476,0.375,0,0.166667,0,0.272727,0.5,0.2,0.833333,0.4,0.416667,0,0,0.0909091,0.333333,0,0,0,0,0,0,0.25,0,0,0.5,0,0,0,0.2,0,0,0,0.5,0.1,0.2,0,0,0,0,0,0,0,0.5,0,0,0,0,0,0,0,0,0,1,0,0,0,0,0,0,0,0,0,0,0,0,0,0,0,0,0,1,0,1,0,0,0,0,0,0,0,0,0,0,0,0,0,0,0.25,0,0,0,0.4,0,0,0,0.307692,0.666667,0,0,0,0,0,0,0,0,0,0,0,0,0,0,0,0,0,0,0,0,0,0,0,0,0,0,0,1,0,0,0,0,0,0,0,0,0,0,0,0,0,0,0,0,0,0,0,0,0,0,0,0,0,0,0,0
21124837,0.641026,0.4,0.692308,0.608432,0,0.909091,0.45,0,0.333333,0.714286,0.375,0,0.5,0,0.590909,1,0.2,0.5,0.8,0.25,0.5,1,0.545455,0,0,0,0,0.666667,0,0,0.0625,0,0,0.75,0.5,1,0,0.2,0,0,0,0.75,0,0.2,0.428571,0,0.5,0,0.666667,0,0.5,0,0,0,0,0.25,1,1,0,0,1,0,0,0,0,0,0,0,0,0,0,0,0,0,0,0,0,0,0,0,0,0,0,0,0,0,0,0,0,0,0,0,0,0,0,0,0,0,1,0,0.6,1,0,0,0.0769231,1,0,0,0,0,0,0,0,0,0,0,0,0,0,0,0,0,0,0,1,0,0,0,0,0,0,0,0,0,1,0,0,0,0,0,0,0,0,0,0,0,0,0,0,0,0,0,0,0,0,0,0,0,0,0,0,0
22810415,0.358974,0.6,0.538462,0.636822,0,0.727273,0.35,0,0,0.52381,0.5,0,0.5,0,0.409091,1,0.2,0.166667,0,0.166667,0,0,0.272727,0,0,1,1,0.333333,0,0,0.125,0.2,0,0.5,0,1,0,0.2,0,0,0,0.375,0.2,0.2,0.285714,0.333333,0.75,0,0,0.5,0.5,0,0,0,0,0,0,0,0,0,0,0,0,0,0,0,0,0,0,0,0,0,0,0,0,0,0,0,0,0,0,0,0,0,0,0,0,0,0,0,0,0,0,0,0,0,0,0,0,0,0,0,0,0,0.230769,0,0,0,0,0,0,0,1,0,0,0,0,0,0,0,0,0,0,1,0,0,0,0,0,0,0,0,0,0,0,0,0,0,0,0,0,0,0,0,0,0,0,0,0,0,0,0,0,0,0,0,0,0,0,0,0,0
24801909,0.692308,0.6,0.807692,0.657541,0,0.909091,0.6,0,0,0.857143,0.5,0,0.5,0,0.772727,0,0.8,0.333333,0.2,0.5,1,1,0.181818,0.333333,0,0,0,0,0,0.5,0.5625,0,0,0,0,0,0,0.7,0,0,0,1,0.6,0.8,0.142857,0.166667,0,0,0,0.5,0,0,0,0,0,0,0,0,0,1,0,0,0,0,0,0,0,0,0,0,0,0,0,0,0,0,0,0,0,0,0,0,0,0,0,0,0,0,0,0,0,0,0,0,0,0,0,0,0,0,0,0,1,0,0.538462,0,0,0,0,0,0,0,0,0,0,0,0,0,0,0,0,0,0,0,0,0,0,0,0,0,0,0,0,0,0,0,0,0,0,0,0,0,1,1,0,0,0,0,0,0,0,0,0,0,1,0,0,0,0,0,0,0
24832117,0.538462,0.8,0.538462,0.422569,0,0.272727,0.4,1,0,0.428571,0.75,0,0.333333,0,0.636364,0,0,0.833333,0,0.416667,0,0,0.272727,0.666667,0.2,0,0,0,0,0,0.1875,0,1,0,0,0,0,0,1,0,0,0.625,0.1,0,0.142857,0,0,0.6,0.333333,0,0,0,0.5,0.5,1,0,0,0,0,0,0,0,1,0,0,0,0,0,0,0,0,0,0,0,0,0,0,0,0,0,0,0,0,0,0,0,0,0,0,0,0,0,0,0,0,0,1,0,0,0,0,0,0,0,0.384615,0.333333,0,0,0,0,1,0,0,0,0,0,0,0,0,0,0,0,0,0,0,0,0,0,0,0,0,0,0,0,0,0,0,0,0,0,0,1,0,0,0,0,0,0,0,0,0,0,0,0,0,0,0,0,0,0,0,0
24838940,0.358974,0.6,0.538462,0.636822,0,0.727273,0.35,0,0,0.52381,0.5,0,0.5,0,0.409091,1,0.2,0.166667,0,0.166667,0,0,0.272727,0,0,1,1,0.333333,0,0,0.125,0.2,0,0.5,0,1,0,0.2,0,0,0,0.375,0.2,0.2,0.285714,0.333333,0.75,0,0,0.5,0.5,0,0,0,0,0,0,0,0,0,0,0,0,0,0,0,0,0,0,0,0,0,0,0,0,0,0,0,0,0,0,0,0,0,0,0,0,0,0,0,0,0,0,0,0,0,0,0,0,0,0,0,0,0,0.230769,0,0,0,0,0,0,0,1,0,0,0,0,0,0,0,0,0,0,1,0,0,0,0,0,0,0,0,0,0,0,0,0,0,0,0,0,0,0,0,0,0,0,0,0,0,0,0,0,0,0,0,0,0,0,0,0,0
25078184,0.641026,0.4,0.692308,0.608432,0,0.909091,0.45,0,0.333333,0.714286,0.375,0,0.5,0,0.590909,1,0.2,0.5,0.8,0.25,0.5,1,0.545455,0,0,0,0,0.666667,0,0,0.0625,0,0,0.75,0.5,1,0,0.2,0,0,0,0.75,0,0.2,0.428571,0,0.5,0,0.666667,0,0.5,0,0,0,0,0.25,1,1,0,0,1,0,0,0,0,0,0,0,0,0,0,0,0,0,0,0,0,0,0,0,0,0,0,0,0,0,0,0,0,0,0,0,0,0,0,0,0,0,1,0,0.6,1,0,0,0.0769231,1,0,0,0,0,0,0,0,0,0,0,0,0,0,0,0,0,0,0,1,0,0,0,0,0,0,0,0,0,1,0,0,0,0,0,0,0,0,0,0,0,0,0,0,0,0,0,0,0,0,0,0,0,0,0,0,0
44283251,0.358974,0.6,0.538462,0.636822,0,0.727273,0.35,0,0,0.52381,0.5,0,0.5,0,0.409091,1,0.2,0.166667,0,0.166667,0,0,0.272727,0,0,1,1,0.333333,0,0,0.125,0.2,0,0.5,0,1,0,0.2,0,0,0,0.375,0.2,0.2,0.285714,0.333333,0.75,0,0,0.5,0.5,0,0,0,0,0,0,0,0,0,0,0,0,0,0,0,0,0,0,0,0,0,0,0,0,0,0,0,0,0,0,0,0,0,0,0,0,0,0,0,0,0,0,0,0,0,0,0,0,0,0,0,0,0,0.230769,0,0,0,0,0,0,0,1,0,0,0,0,0,0,0,0,0,0,1,0,0,0,0,0,0,0,0,0,0,0,0,0,0,0,0,0,0,0,0,0,0,0,0,0,0,0,0,0,0,0,0,0,0,0,0,0,0
44575418,0.512821,1,0.615385,0.567748,0,0.636364,0.3,1,0,0.52381,0.5,1,0.166667,0,0.681818,0,0.2,0.5,0,0.333333,0.5,0.5,0.272727,0,1,0,0,0,0,0,0.0625,0,1,0,0,0,0,0.1,0,1,0,0.5,0.1,0.2,0.571429,0.333333,0,0.2,0.333333,0,0,0,0,0.5,0,0,0,1,0,0,0,0,0,0,0,0,1,0,0,0,0,0,0,0,0,0,0,0,0,0,0,0,0,0,0,0,0,0,0,0,0,0,0,0,0,0,0.25,1,0,0,0,0,0,0,0.230769,0.666667,0,0,0,0,0,0,0,1,0,0,0,0,0,0,0,1,0,1,0,0,0,0,0,0,0,0,0,0,0,0,0,0,0,0,0,0,0,0,0,1,0,0,0,0,1,0,0,0,0,0,0,0,0,0,0,0
44630304,0.512821,1,0.615385,0.567748,0,0.636364,0.3,1,0,0.52381,0.5,1,0.166667,0,0.681818,0,0.2,0.5,0,0.333333,0.5,0.5,0.272727,0,1,0,0,0,0,0,0.0625,0,1,0,0,0,0,0.1,0,1,0,0.5,0.1,0.2,0.571429,0.333333,0,0.2,0.333333,0,0,0,0,0.5,0,0,0,1,0,0,0,0,0,0,0,0,1,0,0,0,0,0,0,0,0,0,0,0,0,0,0,0,0,0,0,0,0,0,0,0,0,0,0,0,0,0,0.25,1,0,0,0,0,0,0,0.230769,0.666667,0,0,0,0,0,0,0,1,0,0,0,0,0,0,0,1,0,1,0,0,0,0,0,0,0,0,0,0,0,0,0,0,0,0,0,0,0,0,0,1,0,0,0,0,1,0,0,0,0,0,0,0,0,0,0,0
44891366,1,0.8,1,0.579927,0,0.636364,1,0,0,1,0.75,0,0.166667,0,0.909091,0.25,1,0.666667,0,1,0,0,0.0909091,0.333333,0,0,0,0,0,0,1,0,0,0.5,0,0,0,1,0,0,0,0.875,1,1,0,0,0,0,0,1,0.5,0,0.5,0,1,0,0,0,0,0,0,0,0,0,0,0,0,0,0,0,0,0,0,0,0,0,0,0,0,0,0,0,0,0,0,0,0,0,0,0,0,0,0,0,0,0,0.25,0,0,0,0,0,0,0,1,0,0,0,0,0,0,0,0,0,0,0,0,0,0,0,0,0,0,0,0,0,0,0,0,0,0,1,0,0,0,0,0,0,0,0,0,0,0,0,0,0,1,0,0,0,0,1,0,0,0,0,0,0,0,0,1,0
45029742,0.435897,0.8,0.615385,0.807903,0,0.636364,0.45,0.25,0,0.52381,0.75,0,1,0,0.681818,0,0.2,0,0,0.333333,0,0.5,0.454545,0.666667,0.4,0,0,0,0,0.5,0.25,0.6,0.125,0,0,0,0,0.1,0,0,0,0.625,0,0.2,0.285714,0.666667,0,1,0,0,0,0,0,0,0,0,0,0,0,0,0,0,0,0,0,0,0,0,0,0,0,0,0,0,0,0,0,0,0,0,0,0,0,0,0,0,0,0,0,0,0,0,0,0,0,0,0,0,0,0,0,0,0,0,0.384615,0,0,0,0,0,0,1,0,0,0,0,0,0,0,0,0,0,0,0,0,0,0,0,0,0,0,0,1,0,0,1,0,0,0,1,0,0,0,0,0,0,0,0,0,0,0,0,0,0,0,0,0,0,0,0,0,0
54670067,0.179487,0.2,0.192308,0.90402,0,0.0909091,0.25,0,0.333333,0.190476,0.125,0,0.166667,0,0.181818,0,0.2,0.166667,0,0.333333,0,0,0,0,0,0,0,0,0,0,0.1875,0.2,0,0,0,0,0,0.2,0,0,0,0.125,0,0.2,0,0,0,0.4,0.333333,0,0,0.5,0,0,0,0,0,0,0,0,0,0,0,0,0,0,0,0,0,0,0,0,0,0,0,0,0,0,0,0,0,0,0,0,0,0,0,0,0,0,0,0,0,0,0,0,0,0,0,0,0,0,0,0,0.307692,0.333333,0,0,0,0,0,0,0,0,0,0,0,0,0,0,1,0,0,0,0,0,0,0,0,0,0,0,0,0,0,0,0,0,0,0,0,0,0,0,0,0,0,0,0,0,0,0,0,0,0,0,0,0,0,0,0,0
54675810,0.179487,0.2,0.192308,0.90402,0,0.0909091,0.25,0,0.333333,0.190476,0.125,0,0.166667,0,0.181818,0,0.2,0.166667,0,0.333333,0,0,0,0,0,0,0,0,0,0,0.1875,0.2,0,0,0,0,0,0.2,0,0,0,0.125,0,0.2,0,0,0,0.4,0.333333,0,0,0.5,0,0,0,0,0,0,0,0,0,0,0,0,0,0,0,0,0,0,0,0,0,0,0,0,0,0,0,0,0,0,0,0,0,0,0,0,0,0,0,0,0,0,0,0,0,0,0,0,0,0,0,0,0.307692,0.333333,0,0,0,0,0,0,0,0,0,0,0,0,0,0,1,0,0,0,0,0,0,0,0,0,0,0,0,0,0,0,0,0,0,0,0,0,0,0,0,0,0,0,0,0,0,0,0,0,0,0,0,0,0,0,0,0
54676860,0.179487,0.2,0.192308,0.90402,0,0.0909091,0.25,0,0.333333,0.190476,0.125,0,0.166667,0,0.181818,0,0.2,0.166667,0,0.333333,0,0,0,0,0,0,0,0,0,0,0.1875,0.2,0,0,0,0,0,0.2,0,0,0,0.125,0,0.2,0,0,0,0.4,0.333333,0,0,0.5,0,0,0,0,0,0,0,0,0,0,0,0,0,0,0,0,0,0,0,0,0,0,0,0,0,0,0,0,0,0,0,0,0,0,0,0,0,0,0,0,0,0,0,0,0,0,0,0,0,0,0,0,0.307692,0.333333,0,0,0,0,0,0,0,0,0,0,0,0,0,0,1,0,0,0,0,0,0,0,0,0,0,0,0,0,0,0,0,0,0,0,0,0,0,0,0,0,0,0,0,0,0,0,0,0,0,0,0,0,0,0,0,0
54679076,0.179487,0.2,0.192308,1,0,0.0909091,0.25,0,0.333333,0.190476,0.125,0,0.166667,0,0.181818,0,0.2,0.166667,0,0.333333,0,0,0,0,0,0,0,0,0,0,0.1875,0.2,0,0,0,0,0,0.2,0,0,0,0.125,0,0.2,0,0,0,0.2,0.333333,0,0,0.5,0,0,0,0,0,0,0,0,0,0,0,0,0,0,0,0,0,0,0,0,0,0,0,0,0,0,0,0,0,0,0,0,0,0,0,0,1,0,0,0,0,0,0,0,0,0,0,0,0,0,0,0,0.307692,0.333333,0,0,0,0,0,0,0,0,0,0,0,1,0,0,0,0,0,0,0,0,0,0,0,0,0,0,0,0,0,0,0,0,0,0,0,0,0,0,0,0,0,0,0,0,0,0,0,0,0,0,0,0,0,0,0,0
57416895,0.307692,0.4,0.384615,0.813725,0,0.363636,0.35,0,0,0.428571,0.25,0,0.333333,0,0.272727,0.75,0.2,0.166667,0.2,0.25,0,0,0,0,0,0,0.5,0.333333,0,0,0.1875,0,0,0.5,0.5,1,0,0.2,0,0,0,0.25,0.2,0.2,0,0,0.75,0,0.333333,0.5,0,0,0,0,0,0,1,0,0,0,0,0,0,0,0,0,0,0,0,0,0,0,0,0,0,0,0,0,0,0,0,0,0,0,0,0,0,0,0,0,0,0,0,0,0,0,0,0,0,0,0.2,0,0,0,0.230769,0.333333,0,0,0,0,0,0,0,0,0,0,0,0,0,0,0,0,1,0,0,0,0,0,0,0,0,0,0,0,0,0,0,0,0,0,0,0,0,0,0,0,0,0,1,0,0,0,0,0,0,0,0,0,0,0,0,0
57501501,0.538462,0.8,0.538462,0.422569,0,0.272727,0.4,1,0,0.428571,0.75,0,0.333333,0,0.636364,0,0,0.833333,0,0.416667,0,0,0.272727,0.666667,0.2,0,0,0,0,0,0.1875,0,1,0,0,0,0,0,1,0,0,0.625,0.1,0,0.142857,0,0,0.6,0.333333,0,0,0,0.5,0.5,1,0,0,0,0,0,0,0,1,0,0,0,0,0,0,0,0,0,0,0,0,0,0,0,0,0,0,0,0,0,0,0,0,0,0,0,0,0,0,0,0,0,1,0,0,0,0,0,0,0,0.384615,0.333333,0,0,0,0,1,0,0,0,0,0,0,0,0,0,0,0,0,0,0,0,0,0,0,0,0,0,0,0,0,0,0,0,0,0,0,1,0,0,0,0,0,0,0,0,0,0,0,0,0,0,0,0,0,0,0,0
66509032,0.692308,0.6,0.807692,0.657541,0,0.909091,0.6,0,0,0.857143,0.5,0,0.5,0,0.772727,0,0.8,0.333333,0.2,0.5,1,1,0.181818,0.333333,0,0,0,0,0,0.5,0.5625,0,0,0,0,0,0,0.7,0,0,0,1,0.6,0.8,0.142857,0.166667,0,0,0,0.5,0,0,0,0,0,0,0,0,0,1,0,0,0,0,0,0,0,0,0,0,0,0,0,0,0,0,0,0,0,0,0,0,0,0,0,0,0,0,0,0,0,0,0,0,0,0,0,0,0,0,0,0,1,0,0.538462,0,0,0,0,0,0,0,0,0,0,0,0,0,0,0,0,0,0,0,0,0,0,0,0,0,0,0,0,0,0,0,0,0,0,0,0,0,1,1,0,0,0,0,0,0,0,0,0,0,1,0,0,0,0,0,0,0
70702327,1,0.8,1,0.579927,0,0.636364,1,0,0,1,0.75,0,0.166667,0,0.909091,0.25,1,0.666667,0,1,0,0,0.0909091,0.333333,0,0,0,0,0,0,1,0,0,0.5,0,0,0,1,0,0,0,0.875,1,1,0,0,0,0,0,1,0.5,0,0.5,0,1,0,0,0,0,0,0,0,0,0,0,0,0,0,0,0,0,0,0,0,0,0,0,0,0,0,0,0,0,0,0,0,0,0,0,0,0,0,0,0,0,0,0.25,0,0,0,0,0,0,0,1,0,0,0,0,0,0,0,0,0,0,0,0,0,0,0,0,0,0,0,0,0,0,0,0,0,0,1,0,0,0,0,0,0,0,0,0,0,0,0,0,0,1,0,0,0,0,1,0,0,0,0,0,0,0,0,1,0
71296121,0.358974,0.6,0.538462,0.636822,0,0.727273,0.35,0,0,0.52381,0.5,0,0.5,0,0.409091,1,0.2,0.166667,0,0.166667,0,0,0.272727,0,0,1,1,0.333333,0,0,0.125,0.2,0,0.5,0,1,0,0.2,0,0,0,0.375,0.2,0.2,0.285714,0.333333,0.75,0,0,0.5,0.5,0,0,0,0,0,0,0,0,0,0,0,0,0,0,0,0,0,0,0,0,0,0,0,0,0,0,0,0,0,0,0,0,0,0,0,0,0,0,0,0,0,0,0,0,0,0,0,0,0,0,0,0,0,0.230769,0,0,0,0,0,0,0,1,0,0,0,0,0,0,0,0,0,0,1,0,0,0,0,0,0,0,0,0,0,0,0,0,0,0,0,0,0,0,0,0,0,0,0,0,0,0,0,0,0,0,0,0,0,0,0,0,0
71308275,0.179487,0,0.115385,0.483183,0,0,0.2,0,0.666667,0.0952381,0,0,0,0,0.136364,0,0,0.333333,0,0.416667,0,0,0,0,0,0,0,0,0,0,0.1875,0,0,0,0,0,0,0,0,0,0,0,0.2,0,0,0,0,0,0,0,0,1,0,0,0,0,0,0,0,0,0,0,0,0,0,0,0,0,0,0,0,0,0,0,0,0,0,0,0,0,0,0,0,0,0,0,0,0,0,0,0,0,0,0,0,0,0,0,0,0,0,0,0,0,0.461538,0,0,0,0,0,0,0,0,0,0,0,0,0,0,0,0,0,0,0,0,0,0,0,0,0,0,0,0,0,0,0,0,0,0,0,0,0,0,0,0,0,0,0,0,0,0,0,0,0,0,0,0,0,0,0,0,0
71310809,0.564103,0.6,0.653846,0.716981,0,0.545455,0.6,0,0.333333,0.571429,0.625,0,0.833333,0,0.590909,1,0,0.5,0,0.416667,0,0,0.272727,0.666667,0,0,0,0.333333,0,0,0.3125,0.2,0,1,1,1,0,0,0,0,0,0.25,0.2,0,0.142857,0.666667,0.75,0,0.666667,0,0.5,0.5,0,1,0,0,0,0,0,0,0,0,0,0,0,0,0,0,0,0,0,0,0,0,0,0,0,0,0,0,0,0,0,0,0,0,0,0,0,0,0,0,0,0,0,0,0.5,0,0,0,0,0,0,0,0.307692,0.666667,0,0,0,0,0,0,0,0,0,0,0,0,0,0,0,0,0,0,0,1,0,0,0,0,0,0,0,0,0,1,0,1,0,0,0,0,0,0,0,0,0,0,0,0,0,0,0,0,0,0,0,0,0,0,0,0
71312704,1,0.8,1,0.579927,0,0.636364,1,0,0,1,0.75,0,0.166667,0,0.909091,0.25,1,0.666667,0,1,0,0,0.0909091,0.333333,0,0,0,0,0,0,1,0,0,0.5,0,0,0,1,0,0,0,0.875,1,1,0,0,0,0,0,1,0.5,0,0.5,0,1,0,0,0,0,0,0,0,0,0,0,0,0,0,0,0,0,0,0,0,0,0,0,0,0,0,0,0,0,0,0,0,0,0,0,0,0,0,0,0,0,0,0.25,0,0,0,0,0,0,0,1,0,0,0,0,0,0,0,0,0,0,0,0,0,0,0,0,0,0,0,0,0,0,0,0,0,0,1,0,0,0,0,0,0,0,0,0,0,0,0,0,0,1,0,0,0,0,1,0,0,0,0,0,0,0,0,1,0
86580368,0.153846,0.2,0.230769,0.583382,0,0.454545,0.1,0,0.333333,0.238095,0.125,0,0.333333,0,0.181818,0.5,0,0.166667,0.2,0.0833333,0,0,0.181818,0.333333,0,1,0.5,0,0,0,0,0,0,0.25,0,0,0,0,0,0,0,0.25,0,0,0.142857,0.166667,0.25,0,0,0,0.5,0,0,0,0,0,0,0,0,0,0,0,0,0,0,0,0,0,0,0,0,0,0,0,0,0,0,0,0,0,0,0,0,0,0,0,0,1,0,0,0,0,0,0,0,0,0,0,0,0,0.2,0,0,0,0.0769231,0.333333,0,0,0,0,0,0,0,0,1,0,0,0,0,0,0,0,0,0,0,0,0,0,0,0,0,0,0,0,0,0,0,0,0,0,0,0,0,0,0,0,0,0,0,0,0,0,0,0,0,0,0,0,0,0,0,0
97041463,0.358974,0.6,0.538462,0.636822,0,0.727273,0.35,0,0,0.52381,0.5,0,0.5,0,0.409091,1,0.2,0.166667,0,0.166667,0,0,0.272727,0,0,1,1,0.333333,0,0,0.125,0.2,0,0.5,0,1,0,0.2,0,0,0,0.375,0.2,0.2,0.285714,0.333333,0.75,0,0,0.5,0.5,0,0,0,0,0,0,0,0,0,0,0,0,0,0,0,0,0,0,0,0,0,0,0,0,0,0,0,0,0,0,0,0,0,0,0,0,0,0,0,0,0,0,0,0,0,0,0,0,0,0,0,0,0,0.230769,0,0,0,0,0,0,0,1,0,0,0,0,0,0,0,0,0,0,1,0,0,0,0,0,0,0,0,0,0,0,0,0,0,0,0,0,0,0,0,0,0,0,0,0,0,0,0,0,0,0,0,0,0,0,0,0,0
122172882,1,0.8,1,0.579927,0,0.636364,1,0,0,1,0.75,0,0.166667,0,0.909091,0.25,1,0.666667,0,1,0,0,0.0909091,0.333333,0,0,0,0,0,0,1,0,0,0.5,0,0,0,1,0,0,0,0.875,1,1,0,0,0,0,0,1,0.5,0,0.5,0,1,0,0,0,0,0,0,0,0,0,0,0,0,0,0,0,0,0,0,0,0,0,0,0,0,0,0,0,0,0,0,0,0,0,0,0,0,0,0,0,0,0,0.25,0,0,0,0,0,0,0,1,0,0,0,0,0,0,0,0,0,0,0,0,0,0,0,0,0,0,0,0,0,0,0,0,0,0,1,0,0,0,0,0,0,0,0,0,0,0,0,0,0,1,0,0,0,0,1,0,0,0,0,0,0,0,0,1,0
129010024,1,0.8,1,0.579927,0,0.636364,1,0,0,1,0.75,0,0.166667,0,0.909091,0.25,1,0.666667,0,1,0,0,0.0909091,0.333333,0,0,0,0,0,0,1,0,0,0.5,0,0,0,1,0,0,0,0.875,1,1,0,0,0,0,0,1,0.5,0,0.5,0,1,0,0,0,0,0,0,0,0,0,0,0,0,0,0,0,0,0,0,0,0,0,0,0,0,0,0,0,0,0,0,0,0,0,0,0,0,0,0,0,0,0,0.25,0,0,0,0,0,0,0,1,0,0,0,0,0,0,0,0,0,0,0,0,0,0,0,0,0,0,0,0,0,0,0,0,0,0,1,0,0,0,0,0,0,0,0,0,0,0,0,0,0,1,0,0,0,0,1,0,0,0,0,0,0,0,0,1,0
131674886,1,0.8,1,0.579927,0,0.636364,1,0,0,1,0.75,0,0.166667,0,0.909091,0.25,1,0.666667,0,1,0,0,0.0909091,0.333333,0,0,0,0,0,0,1,0,0,0.5,0,0,0,1,0,0,0,0.875,1,1,0,0,0,0,0,1,0.5,0,0.5,0,1,0,0,0,0,0,0,0,0,0,0,0,0,0,0,0,0,0,0,0,0,0,0,0,0,0,0,0,0,0,0,0,0,0,0,0,0,0,0,0,0,0,0.25,0,0,0,0,0,0,0,1,0,0,0,0,0,0,0,0,0,0,0,0,0,0,0,0,0,0,0,0,0,0,0,0,0,0,1,0,0,0,0,0,0,0,0,0,0,0,0,0,0,1,0,0,0,0,1,0,0,0,0,0,0,0,0,1,0
132285147,0.641026,0.4,0.692308,0.608432,0,0.909091,0.45,0,0.333333,0.714286,0.375,0,0.5,0,0.590909,1,0.2,0.5,0.8,0.25,0.5,1,0.545455,0,0,0,0,0.666667,0,0,0.0625,0,0,0.75,0.5,1,0,0.2,0,0,0,0.75,0,0.2,0.428571,0,0.5,0,0.666667,0,0.5,0,0,0,0,0.25,1,1,0,0,1,0,0,0,0,0,0,0,0,0,0,0,0,0,0,0,0,0,0,0,0,0,0,0,0,0,0,0,0,0,0,0,0,0,0,0,0,0,1,0,0.6,1,0,0,0.0769231,1,0,0,0,0,0,0,0,0,0,0,0,0,0,0,0,0,0,0,1,0,0,0,0,0,0,0,0,0,1,0,0,0,0,0,0,0,0,0,0,0,0,0,0,0,0,0,0,0,0,0,0,0,0,0,0,0
133565265,0.538462,0.6,0.615385,0.529026,0,0.727273,0.35,0.5,0,0.619048,0.5,0,0.166667,0,0.590909,0.25,0.4,0.666667,0,0.333333,1,0,0.363636,0.333333,0,0,0,0,1,0.5,0.1875,0,0.25,0,0,0,1,0.3,0,0,0,0.375,0,0.4,0.714286,0.166667,0,0,0.666667,0,0,0,0.5,0,0,0,0,0,0,0,0,0,0,1,1,1,0,0,0,0,0,0,0,0,0,0,0,0,0,0,0,0,0,0,0,0,0,0,0,0,0,0,0,0,0,0,0.5,0,0,0,0,0,0,0,0.153846,0.666667,1,0,0,1,0,0,0,0,0,0,0,0,0,0,0,1,0,0,0,0,0,0,0,0,0,0,0,0,0,0,0,0,0,0,0,0,0,0,0,0,0,0,0,0,0,0,0,0,0,0,0,0,0,0,0,0
134692532,0.538462,0.8,0.538462,0.422569,0,0.272727,0.4,1,0,0.428571,0.75,0,0.333333,0,0.636364,0,0,0.833333,0,0.416667,0,0,0.272727,0.666667,0.2,0,0,0,0,0,0.1875,0,1,0,0,0,0,0,1,0,0,0.625,0.1,0,0.142857,0,0,0.6,0.333333,0,0,0,0.5,0.5,1,0,0,0,0,0,0,0,1,0,0,0,0,0,0,0,0,0,0,0,0,0,0,0,0,0,0,0,0,0,0,0,0,0,0,0,0,0,0,0,0,0,1,0,0,0,0,0,0,0,0.384615,0.333333,0,0,0,0,1,0,0,0,0,0,0,0,0,0,0,0,0,0,0,0,0,0,0,0,0,0,0,0,0,0,0,0,0,0,0,1,0,0,0,0,0,0,0,0,0,0,0,0,0,0,0,0,0,0,0,0
134694146,0.692308,0.6,0.807692,0.657541,0,0.909091,0.6,0,0,0.857143,0.5,0,0.5,0,0.772727,0,0.8,0.333333,0.2,0.5,1,1,0.181818,0.333333,0,0,0,0,0,0.5,0.5625,0,0,0,0,0,0,0.7,0,0,0,1,0.6,0.8,0.142857,0.166667,0,0,0,0.5,0,0,0,0,0,0,0,0,0,1,0,0,0,0,0,0,0,0,0,0,0,0,0,0,0,0,0,0,0,0,0,0,0,0,0,0,0,0,0,0,0,0,0,0,0,0,0,0,0,0,0,0,1,0,0.538462,0,0,0,0,0,0,0,0,0,0,0,0,0,0,0,0,0,0,0,0,0,0,0,0,0,0,0,0,0,0,0,0,0,0,0,0,0,1,1,0,0,0,0,0,0,0,0,0,0,1,0,0,0,0,0,0,0
134694648,1,0.8,1,0.579927,0,0.636364,1,0,0,1,0.75,0,0.166667,0,0.909091,0.25,1,0.666667,0,1,0,0,0.0909091,0.333333,0,0,0,0,0,0,1,0,0,0.5,0,0,0,1,0,0,0,0.875,1,1,0,0,0,0,0,1,0.5,0,0.5,0,1,0,0,0,0,0,0,0,0,0,0,0,0,0,0,0,0,0,0,0,0,0,0,0,0,0,0,0,0,0,0,0,0,0,0,0,0,0,0,0,0,0,0.25,0,0,0,0,0,0,0,1,0,0,0,0,0,0,0,0,0,0,0,0,0,0,0,0,0,0,0,0,0,0,0,0,0,0,1,0,0,0,0,0,0,0,0,0,0,0,0,0,0,1,0,0,0,0,1,0,0,0,0,0,0,0,0,1,0
134694916,0.358974,0.6,0.538462,0.636822,0,0.727273,0.35,0,0,0.52381,0.5,0,0.5,0,0.409091,1,0.2,0.166667,0,0.166667,0,0,0.272727,0,0,1,1,0.333333,0,0,0.125,0.2,0,0.5,0,1,0,0.2,0,0,0,0.375,0.2,0.2,0.285714,0.333333,0.75,0,0,0.5,0.5,0,0,0,0,0,0,0,0,0,0,0,0,0,0,0,0,0,0,0,0,0,0,0,0,0,0,0,0,0,0,0,0,0,0,0,0,0,0,0,0,0,0,0,0,0,0,0,0,0,0,0,0,0,0.230769,0,0,0,0,0,0,0,1,0,0,0,0,0,0,0,0,0,0,1,0,0,0,0,0,0,0,0,0,0,0,0,0,0,0,0,0,0,0,0,0,0,0,0,0,0,0,0,0,0,0,0,0,0,0,0,0,0
